$MeshFormat
2.2 0 8
$EndMeshFormat
$MeshVersion
2.3
$EndMeshVersion
$Domain
rodrigues(hexagonal)
$EndDomain
$Nodes
987
1 -0.732050807569 0.732050807569 0.267949192431
2 -0.732050807569 0.732050807569 -0.267949192431
3 0.732050807569 -0.732050807569 -0.267949192431
4 0.732050807569 -0.732050807569 0.267949192431
5 -0.267949192431 1.000000000000 0.267949192431
6 -0.267949192431 1.000000000000 -0.267949192431
7 0.267949192431 -1.000000000000 -0.267949192431
8 0.267949192431 -1.000000000000 0.267949192431
9 0.267949192431 1.000000000000 0.267949192431
10 0.267949192431 1.000000000000 -0.267949192431
11 -0.267949192431 -1.000000000000 -0.267949192431
12 -0.267949192431 -1.000000000000 0.267949192431
13 0.732050807569 0.732050807569 0.267949192431
14 0.732050807569 0.732050807569 -0.267949192431
15 -0.732050807569 -0.732050807569 -0.267949192431
16 -0.732050807569 -0.732050807569 0.267949192431
17 1.000000000000 0.267949192431 0.267949192431
18 1.000000000000 -0.267949192431 0.267949192431
19 1.000000000000 -0.267949192431 -0.267949192431
20 1.000000000000 0.267949192431 -0.267949192431
21 -1.000000000000 -0.267949192431 -0.267949192431
22 -1.000000000000 0.267949192431 -0.267949192431
23 -1.000000000000 0.267949192431 0.267949192431
24 -1.000000000000 -0.267949192431 0.267949192431
25 -0.616025403784 0.799038105677 0.267949192431
26 -0.500000000000 0.866025403784 0.267949192431
27 -0.383974596216 0.933012701892 0.267949192431
28 -0.133974596216 1.000000000000 0.267949192431
29 0.000000000000 1.000000000000 0.267949192431
30 0.133974596216 1.000000000000 0.267949192431
31 0.383974596216 0.933012701892 0.267949192431
32 0.500000000000 0.866025403784 0.267949192431
33 0.616025403784 0.799038105677 0.267949192431
34 0.799038105677 0.616025403784 0.267949192431
35 0.866025403784 0.500000000000 0.267949192431
36 0.933012701892 0.383974596216 0.267949192431
37 1.000000000000 0.133974596216 0.267949192431
38 1.000000000000 0.000000000000 0.267949192431
39 1.000000000000 -0.133974596216 0.267949192431
40 0.933012701892 -0.383974596216 0.267949192431
41 0.866025403784 -0.500000000000 0.267949192431
42 0.799038105677 -0.616025403784 0.267949192431
43 0.616025403784 -0.799038105677 0.267949192431
44 0.500000000000 -0.866025403784 0.267949192431
45 0.383974596216 -0.933012701892 0.267949192431
46 0.133974596216 -1.000000000000 0.267949192431
47 0.000000000000 -1.000000000000 0.267949192431
48 -0.133974596216 -1.000000000000 0.267949192431
49 -0.383974596216 -0.933012701892 0.267949192431
50 -0.500000000000 -0.866025403784 0.267949192431
51 -0.616025403784 -0.799038105677 0.267949192431
52 -0.799038105677 -0.616025403784 0.267949192431
53 -0.866025403784 -0.500000000000 0.267949192431
54 -0.933012701892 -0.383974596216 0.267949192431
55 -1.000000000000 -0.133974596216 0.267949192431
56 -1.000000000000 0.000000000000 0.267949192431
57 -1.000000000000 0.133974596216 0.267949192431
58 -0.933012701892 0.383974596216 0.267949192431
59 -0.866025403784 0.500000000000 0.267949192431
60 -0.799038105677 0.616025403784 0.267949192431
61 -0.616025403784 0.799038105677 -0.267949192431
62 -0.500000000000 0.866025403784 -0.267949192431
63 -0.383974596216 0.933012701892 -0.267949192431
64 -0.133974596216 1.000000000000 -0.267949192431
65 0.000000000000 1.000000000000 -0.267949192431
66 0.133974596215 1.000000000000 -0.267949192431
67 0.383974596216 0.933012701892 -0.267949192431
68 0.500000000000 0.866025403784 -0.267949192431
69 0.616025403784 0.799038105677 -0.267949192431
70 0.799038105677 0.616025403784 -0.267949192431
71 0.866025403784 0.500000000000 -0.267949192431
72 0.933012701892 0.383974596216 -0.267949192431
73 1.000000000000 0.133974596216 -0.267949192431
74 1.000000000000 0.000000000000 -0.267949192431
75 1.000000000000 -0.133974596215 -0.267949192431
76 0.933012701892 -0.383974596216 -0.267949192431
77 0.866025403784 -0.500000000000 -0.267949192431
78 0.799038105677 -0.616025403784 -0.267949192431
79 0.616025403784 -0.799038105677 -0.267949192431
80 0.500000000000 -0.866025403784 -0.267949192431
81 0.383974596216 -0.933012701892 -0.267949192431
82 0.133974596216 -1.000000000000 -0.267949192431
83 0.000000000000 -1.000000000000 -0.267949192431
84 -0.133974596215 -1.000000000000 -0.267949192431
85 -0.383974596216 -0.933012701892 -0.267949192431
86 -0.500000000000 -0.866025403784 -0.267949192431
87 -0.616025403784 -0.799038105677 -0.267949192431
88 -0.799038105677 -0.616025403784 -0.267949192431
89 -0.866025403784 -0.500000000000 -0.267949192431
90 -0.933012701892 -0.383974596216 -0.267949192431
91 -1.000000000000 -0.133974596216 -0.267949192431
92 -1.000000000000 0.000000000000 -0.267949192431
93 -1.000000000000 0.133974596215 -0.267949192431
94 -0.933012701892 0.383974596216 -0.267949192431
95 -0.866025403784 0.500000000000 -0.267949192431
96 -0.799038105677 0.616025403784 -0.267949192431
97 0.732050807569 -0.732050807569 -0.133974596215
98 0.732050807569 -0.732050807569 0.000000000000
99 0.732050807569 -0.732050807569 0.133974596216
100 1.000000000000 -0.267949192431 0.133974596216
101 1.000000000000 -0.267949192431 0.000000000000
102 1.000000000000 -0.267949192431 -0.133974596215
103 -0.732050807569 0.732050807569 -0.133974596215
104 -0.732050807569 0.732050807569 0.000000000000
105 -0.732050807569 0.732050807569 0.133974596216
106 -1.000000000000 0.267949192431 0.133974596216
107 -1.000000000000 0.267949192431 0.000000000000
108 -1.000000000000 0.267949192431 -0.133974596215
109 -0.267949192431 1.000000000000 -0.133974596216
110 -0.267949192431 1.000000000000 0.000000000000
111 -0.267949192431 1.000000000000 0.133974596216
112 0.267949192431 -1.000000000000 -0.133974596216
113 0.267949192431 -1.000000000000 0.000000000000
114 0.267949192431 -1.000000000000 0.133974596216
115 0.267949192431 1.000000000000 0.133974596216
116 0.267949192431 1.000000000000 0.000000000000
117 0.267949192431 1.000000000000 -0.133974596215
118 -0.267949192431 -1.000000000000 -0.133974596216
119 -0.267949192431 -1.000000000000 0.000000000000
120 -0.267949192431 -1.000000000000 0.133974596215
121 0.732050807569 0.732050807569 0.133974596215
122 0.732050807569 0.732050807569 0.000000000000
123 0.732050807569 0.732050807569 -0.133974596216
124 -0.732050807569 -0.732050807569 -0.133974596215
125 -0.732050807569 -0.732050807569 0.000000000000
126 -0.732050807569 -0.732050807569 0.133974596216
127 1.000000000000 0.267949192431 0.133974596216
128 1.000000000000 0.267949192431 0.000000000000
129 1.000000000000 0.267949192431 -0.133974596216
130 -1.000000000000 -0.267949192431 -0.133974596216
131 -1.000000000000 -0.267949192431 0.000000000000
132 -1.000000000000 -0.267949192431 0.133974596216
133 -0.064240937048 -0.885498757209 0.267949192431
134 0.875431486644 0.068500848244 0.267949192431
135 -0.049533273413 0.884720097737 0.267949192431
136 -0.889049835033 -0.061236897014 0.267949192431
137 0.497008467928 -0.737232293110 0.267949192431
138 0.497008467928 0.738835450315 0.267949192431
139 -0.737232293110 0.497008467929 0.267949192431
140 -0.494603984992 -0.714684869006 0.267949192431
141 0.788621439010 -0.398624470755 0.267949192431
142 -0.732050807569 -0.500000000000 0.267949192431
143 0.732050807569 0.500000000000 0.267949192431
144 -0.499017938011 0.725207256318 0.267949192431
145 -0.860843918244 0.270940724503 0.267949192431
146 0.195780408783 -0.875000000000 0.267949192431
147 0.273298608958 0.861803129686 0.267949192431
148 -0.271560180501 -0.863352489438 0.267949192431
149 0.883465278525 -0.196498229749 0.267949192431
150 0.661252392526 -0.609424355619 0.267949192431
151 0.861006569531 0.274094907863 0.267949192431
152 -0.271606181859 0.863849481102 0.267949192431
153 -0.859498810488 -0.266346035226 0.267949192431
154 0.389459071681 -0.799901686600 0.267949192431
155 0.384390086782 -0.666071020539 0.267949192431
156 0.262220990495 -0.746263676553 0.267949192431
157 0.268434109143 -0.598239393315 0.267949192431
158 0.384124664096 -0.531284028753 0.267949192431
159 0.268055023198 -0.464161331383 0.267949192431
160 0.153392615167 -0.528752514897 0.267949192431
161 0.152186231530 -0.396734870013 0.267949192431
162 0.268010571375 -0.330073730462 0.267949192431
163 0.151977758954 -0.263067598236 0.267949192431
164 0.035951120396 -0.330051757323 0.267949192431
165 0.035916169172 -0.196127858678 0.267949192431
166 0.151935747752 -0.129149010166 0.267949192431
167 0.035903342101 -0.062171046749 0.267949192431
168 -0.080123228661 -0.129159900638 0.267949192431
169 -0.080125561002 0.004811472233 0.267949192431
170 0.035899454059 0.071798233116 0.267949192431
171 -0.080126597732 0.138784645166 0.267949192431
172 -0.196152109518 0.071797199382 0.267949192431
173 0.035898633264 0.205771706059 0.267949192431
174 -0.080126907319 0.272758816955 0.267949192431
175 0.151924008249 0.138784368415 0.267949192431
176 0.151923817077 0.272758702960 0.267949192431
177 0.267949233773 0.205771422520 0.267949192431
178 0.267949192436 0.339745962152 0.267949192431
179 0.151923793390 0.406733266746 0.267949192431
180 0.383974603110 0.272758673474 0.267949192431
181 0.383974604257 0.138784078831 0.267949192431
182 0.498396845286 0.205771369341 0.267949192431
183 0.499732808890 0.071796772122 0.267949192431
184 0.267949193226 0.473720559448 0.267949192431
185 0.151923789574 0.540707857736 0.267949192431
186 0.487569904333 0.339745964291 0.267949192431
187 0.383930065707 0.004809473847 0.267949192431
188 0.499948046399 -0.062177825722 0.267949192431
189 0.035898385812 0.473720559659 0.267949192431
190 0.035898385180 0.607695155008 0.267949192431
191 -0.080127018706 0.540707856762 0.267949192431
192 0.609390831165 0.133937648665 0.267949192431
193 0.268874775964 0.606091997768 0.267949192431
194 0.383974596221 0.540707856474 0.267949192431
195 0.383958515532 -0.129165124101 0.267949192431
196 0.499988660954 -0.196152422497 0.267949192431
197 0.616014855011 -0.129165124439 0.267949192431
198 0.613778106761 -0.259253606599 0.267949192431
199 0.499623560656 -0.329479333186 0.267949192431
200 -0.082812140036 0.670031686452 0.267949192431
201 -0.196599942851 0.606920026925 0.267949192431
202 -0.196227009357 0.473591370473 0.267949192431
203 -0.312264844285 0.540557137218 0.267949192431
204 -0.312184837645 0.406721116573 0.267949192431
205 -0.450324655297 0.482770792968 0.267949192431
206 -0.429481416763 0.339469243651 0.267949192431
207 -0.312392026094 0.272710520348 0.267949192431
208 -0.428451961286 0.205717222239 0.267949192431
209 -0.537896454762 0.259464249527 0.267949192431
210 -0.543494094429 0.137389822393 0.267949192431
211 -0.428122262168 0.071555371534 0.267949192431
212 -0.544092716099 0.004536864345 0.267949192431
213 -0.428203230270 -0.062177826492 0.267949192431
214 -0.544205981062 -0.129210559144 0.267949192431
215 -0.428199454771 -0.196159995131 0.267949192431
216 -0.541650314838 -0.258690404675 0.267949192431
217 -0.425198966683 -0.324928577670 0.267949192431
218 -0.311676486639 -0.262274576010 0.267949192431
219 -0.311593559248 -0.396103719354 0.267949192431
220 -0.446108329730 -0.461698940249 0.267949192431
221 -0.315064631857 -0.530520034484 0.267949192431
222 -0.196536179058 -0.463838369065 0.267949192431
223 -0.196697516324 -0.597937523881 0.267949192431
224 -0.661648613328 0.070577540834 0.267949192431
225 -0.080281827249 -0.531021924322 0.267949192431
226 -0.067387321863 -0.672195977773 0.267949192431
227 -0.654897106382 -0.195418442441 0.267949192431
228 -0.309699890685 -0.660951819450 0.267949192431
229 0.636994464319 -0.396072949710 0.267949192431
230 -0.312177826483 0.674682452692 0.267949192431
231 0.026954554631 0.757285938004 0.267949192431
232 -0.656856322250 -0.347403071078 0.267949192431
233 0.743849268037 -0.198056538609 0.267949192431
234 0.729263335785 -0.062677750961 0.267949192431
235 -0.387583746481 -0.803030320404 0.267949192431
236 0.726371704717 -0.505731411361 0.267949192431
237 0.385293160202 0.801068324323 0.267949192431
238 -0.799038105677 0.383974596216 0.267949192431
239 -0.735344780747 0.278197951545 0.267949192431
240 -0.786543236514 0.149750025558 0.267949192431
241 -0.674250244296 0.390835475773 0.267949192431
242 -0.605216641445 0.492227854712 0.267949192431
243 0.798201633301 0.384998882121 0.267949192431
244 0.738908156571 0.277065479412 0.267949192431
245 0.674025224173 0.390259380973 0.267949192431
246 0.603504952050 0.498270714393 0.267949192431
247 -0.386009493199 0.801970337360 0.267949192431
248 0.072063419002 0.888744375955 0.267949192431
249 0.066902717089 -0.883206178169 0.267949192431
250 0.125676312420 -0.769573645928 0.267949192431
251 -0.799956061756 -0.376810570556 0.267949192431
252 -0.589280449489 -0.460232920175 0.267949192431
253 -0.653592292092 -0.592127394176 0.267949192431
254 0.044841827525 -0.590016522819 0.267949192431
255 -0.080207990444 -0.397046734264 0.267949192431
256 0.883974596215 -0.066987298108 0.267949192431
257 -0.312164279605 0.004769310194 0.267949192431
258 -0.312091382781 -0.129028889440 0.267949192431
259 -0.196053827067 -0.195984655386 0.267949192431
260 -0.199687091844 -0.744771107183 0.267949192431
261 0.660324022414 0.607564171904 0.267949192431
262 -0.200877256275 0.749509093577 0.267949192431
263 -0.425206467225 -0.599207659383 0.267949192431
264 -0.196032510229 -0.329731295816 0.267949192431
265 0.381400510943 0.406733261335 0.267949192431
266 0.501835951379 -0.461044688056 0.267949192431
267 0.267941815512 0.071796831456 0.267949192431
268 -0.425897912949 0.610760221324 0.267949192431
269 -0.658196073896 -0.062311708231 0.267949192431
270 0.151924709417 0.004811573646 0.267949192431
271 0.035898450551 0.339746052107 0.267949192431
272 0.384270727820 -0.396530472109 0.267949192431
273 -0.196152422700 0.339745962153 0.267949192431
274 0.267940007726 -0.062174779671 0.267949192431
275 -0.080139420287 0.406711769685 0.267949192431
276 -0.196187981641 0.205763535306 0.267949192431
277 0.383966871462 -0.262925584177 0.267949192431
278 0.267964912133 -0.196092637802 0.267949192431
279 0.151923788654 0.674682452690 0.267949192431
280 0.616025403787 0.004809471612 0.267949192431
281 -0.312202344306 0.138760303984 0.267949192431
282 -0.196152422701 -0.062177826492 0.267949192431
283 0.734705574948 0.070162291970 0.267949192431
284 -0.615891026857 0.688921520283 0.267949192431
285 0.037646996154 -0.462270720607 0.267949192431
286 -0.080091711139 -0.263017033684 0.267949192431
287 0.518998028150 -0.602207156726 0.267949192431
288 0.004124709174 -0.781302503384 0.267949192431
289 -0.775102559334 0.004754573407 0.267949192431
290 0.270725942163 0.736860279183 0.267949192431
291 0.385271083793 0.670486221261 0.267949192431
292 -0.784422928333 -0.144795887342 0.267949192431
293 0.515759739843 0.603676770774 0.267949192431
294 -0.889100057172 0.062188561975 0.267949192431
295 0.606406460553 0.272758664043 0.267949192431
296 0.161905560949 0.800801345379 0.267949192431
297 -0.550590931776 0.381287714195 0.267949192431
298 0.160146000280 -0.650822221164 0.267949192431
299 0.488083215168 0.468190139001 0.267949192431
300 0.802780690829 0.172894210241 0.267949192431
301 0.606298422986 -0.514241288299 0.267949192431
302 -0.649841878104 0.190923340848 0.267949192431
303 -0.751126245842 -0.266154801328 0.267949192431
304 0.729853736382 -0.311171028593 0.267949192431
305 -0.532642112168 -0.576728499311 0.267949192431
306 -0.528785147245 -0.370365413228 0.267949192431
307 -0.095516655500 0.789282215135 0.267949192431
308 -0.599356309831 -0.693935227105 0.267949192431
309 -0.099412724532 -0.797138426839 0.267949192431
310 0.598076211354 -0.696152422707 0.267949192431
311 -0.689589311010 0.599291503882 0.267949192431
312 -0.536208562216 0.590235220496 0.267949192431
313 -0.171368460339 -0.891653214564 0.267949192431
314 0.303847577293 -0.866025403785 0.267949192431
315 0.598076211354 0.696152422707 0.267949192431
316 0.856046662385 -0.298166335167 0.267949192431
317 -0.907297442386 0.176960620137 0.267949192431
318 -0.169886299180 0.894381159618 0.267949192431
319 -0.901923788647 -0.169872981078 0.267949192431
320 0.181838275511 0.910269770204 0.267949192431
321 0.905422172408 0.177294736864 0.267949192431
322 0.053480305507 -0.692782174214 0.267949192431
323 -0.393919752191 -0.702571046302 0.267949192431
324 -0.300986327056 -0.761587792074 0.267949192431
325 0.810080792207 -0.123358476416 0.267949192431
326 0.809180991926 -0.005953789320 0.267949192431
327 -0.296646293913 0.767313963311 0.267949192431
328 -0.400325944604 0.706651775922 0.267949192431
329 0.571021878738 0.402036362405 0.267949192431
330 -0.635364429389 0.294579970735 0.267949192431
331 0.698438342813 0.185363658866 0.267949192431
332 0.387115095158 -0.798984887287 -0.267949192431
333 0.723895482584 0.497039218082 -0.267949192431
334 -0.485257121977 0.741423443172 -0.267949192431
335 -0.739321293862 -0.497557625980 -0.267949192431
336 0.799038105677 -0.389957660360 -0.267949192431
337 0.061004233965 0.888354503154 -0.267949192431
338 -0.886966128288 0.061805812567 -0.267949192431
339 -0.070997181313 -0.866237244756 -0.267949192431
340 0.882278435530 0.049091801261 -0.267949192431
341 -0.383974596216 -0.799038105677 -0.267949192431
342 0.383974596216 0.799038105677 -0.267949192431
343 -0.794765839421 0.378538937974 -0.267949192431
344 -0.880983064144 -0.195780408782 -0.267949192431
345 0.607050807569 -0.659882023920 -0.267949192431
346 -0.194218026666 0.882992707848 -0.267949192431
347 0.196498229749 -0.883465278525 -0.267949192431
348 0.863352489439 0.271560180501 -0.267949192431
349 0.877373548050 -0.197150777388 -0.267949192431
350 0.608606108108 0.667876438023 -0.267949192431
351 -0.667142593866 0.612312504751 -0.267949192431
352 -0.611174786792 -0.660411837946 -0.267949192431
353 0.737232293110 -0.498005645285 -0.267949192431
354 0.665927090385 -0.384639381121 -0.267949192431
355 0.600221877451 -0.515172806569 -0.267949192431
356 0.531590454417 -0.383873457584 -0.267949192431
357 0.598303731704 -0.268043133477 -0.267949192431
358 0.464223125393 -0.267947992833 -0.267949192431
359 0.397218158936 -0.381216802633 -0.267949192431
360 0.330164577618 -0.267489360234 -0.267949192431
361 0.397140828524 -0.151846950014 -0.267949192431
362 0.263150399182 -0.151834343508 -0.267949192431
363 0.196160462220 -0.267857646208 -0.267949192431
364 0.129168244248 -0.151893623419 -0.267949192431
365 0.196154722379 -0.035878449801 -0.267949192431
366 0.062178729715 -0.035890034813 -0.267949192431
367 -0.004808801135 -0.151917369433 -0.267949192431
368 -0.071796507437 -0.035895923317 -0.267949192431
369 -0.004809277361 0.080128820855 -0.267949192431
370 -0.138783991738 0.080127729503 -0.267949192431
371 -0.205771309539 -0.035897856173 -0.267949192431
372 -0.071796724662 0.196152841459 -0.267949192431
373 -0.205771345743 0.196152610930 -0.267949192431
374 0.062177866381 0.196152792821 -0.267949192431
375 -0.004809466451 0.312177874406 -0.267949192431
376 0.129165132112 0.312177896162 -0.267949192431
377 0.062177826498 0.428203230275 -0.267949192431
378 -0.071796768858 0.428203238261 -0.267949192431
379 0.196152423964 0.428203241886 -0.267949192431
380 0.263139722280 0.312177840037 -0.267949192431
381 0.328738644513 0.427401655864 -0.267949192431
382 0.396882921543 0.312044233012 -0.267949192431
383 -0.004809471466 0.544228635390 -0.267949192431
384 -0.138784067657 0.544228635612 -0.267949192431
385 0.252374941127 0.538013588076 -0.267949192431
386 0.330088453255 0.196130159384 -0.267949192431
387 0.464056621615 0.196126446572 -0.267949192431
388 -0.205771365761 0.428203231866 -0.267949192431
389 -0.272758663983 0.544228634584 -0.267949192431
390 -0.339745962110 0.428203230629 -0.267949192431
391 0.460779116290 0.420688821850 -0.267949192431
392 -0.070193612462 0.659328455079 -0.267949192431
393 0.062177826499 0.660254037843 -0.267949192431
394 0.397100390501 0.080118979012 -0.267949192431
395 0.531079093239 0.080121349580 -0.267949192431
396 0.598067075768 0.196147148459 -0.267949192431
397 0.661174236042 0.082368844043 -0.267949192431
398 0.597426362451 -0.035525692233 -0.267949192431
399 -0.406733260239 0.538858391790 -0.267949192431
400 -0.473720558354 0.427308189957 -0.267949192431
401 -0.406733260248 0.312028653165 -0.267949192431
402 -0.540707856468 0.312003790885 -0.267949192431
403 -0.473720558364 0.196138400386 -0.267949192431
404 -0.631377987922 0.192929443267 -0.267949192431
405 -0.541676439196 0.079248280424 -0.267949192431
406 -0.406894690711 0.079978225454 -0.267949192431
407 -0.473908893895 -0.036069640188 -0.267949192431
408 -0.595564119193 -0.044245595917 -0.267949192431
409 -0.539374603779 -0.152763970800 -0.267949192431
410 -0.406542440730 -0.152092361558 -0.267949192431
411 -0.473466546329 -0.268117318273 -0.267949192431
412 -0.339745962150 -0.267949192429 -0.267949192431
413 -0.406690924919 -0.384002617187 -0.267949192431
414 -0.272751608153 -0.383979266375 -0.267949192431
415 -0.339737730280 -0.494857619583 -0.267949192431
416 -0.205768817976 -0.493995886019 -0.267949192431
417 -0.138782467186 -0.382974688911 -0.267949192431
418 -0.071796078287 -0.498832663118 -0.267949192431
419 -0.155491676262 -0.622897176021 -0.267949192431
420 -0.007593957780 -0.616976143009 -0.267949192431
421 0.061713860705 -0.499963900390 -0.267949192431
422 0.128623715942 -0.616177843719 -0.267949192431
423 -0.608293277938 -0.269702363365 -0.267949192431
424 0.195984860301 -0.500019390053 -0.267949192431
425 0.277738856260 -0.615832454005 -0.267949192431
426 -0.469448309771 -0.496685888712 -0.267949192431
427 0.062267936843 -0.727251011663 -0.267949192431
428 0.749689863025 -0.024512004042 -0.267949192431
429 -0.607695154578 0.428203230277 -0.267949192431
430 -0.355299639944 0.669306137555 -0.267949192431
431 -0.395152726166 -0.629288046032 -0.267949192431
432 0.743220632012 0.200402640197 -0.267949192431
433 0.662899450319 0.310351143308 -0.267949192431
434 0.065857789655 -0.889236530720 -0.267949192431
435 0.881922054556 -0.074790397372 -0.267949192431
436 -0.066860497522 0.886392099132 -0.267949192431
437 -0.883974596216 -0.066987298107 -0.267949192431
438 -0.775926236440 -0.126745897054 -0.267949192431
439 -0.756041436775 -0.263584291906 -0.267949192431
440 -0.779335577955 0.001348328572 -0.267949192431
441 -0.770246913640 0.123673505909 -0.267949192431
442 0.498763450721 0.732519628996 -0.267949192431
443 0.501380494949 0.609399821968 -0.267949192431
444 0.388593276439 0.674987150074 -0.267949192431
445 0.273515262588 0.733267572651 -0.267949192431
446 -0.735279195892 0.501521938636 -0.267949192431
447 -0.381963436438 0.805706916549 -0.267949192431
448 0.499542541666 -0.731427628530 -0.267949192431
449 0.493625702173 -0.603632171247 -0.267949192431
450 -0.504376986114 -0.726305557394 -0.267949192431
451 -0.280215379123 -0.693213625274 -0.267949192431
452 -0.269963831582 -0.839593511678 -0.267949192431
453 0.333842423198 -0.488548383651 -0.267949192431
454 0.129061209821 -0.383956553585 -0.267949192431
455 0.799038105677 0.383974596215 -0.267949192431
456 -0.272726851389 -0.151951796016 -0.267949192431
457 -0.205764621071 -0.267787987467 -0.267949192431
458 -0.071795267056 -0.267754603850 -0.267949192431
459 0.199451459246 -0.744834244747 -0.267949192431
460 0.268075292188 0.856328018505 -0.267949192431
461 -0.548719353765 0.548655287268 -0.267949192431
462 -0.068635772779 -0.731532288780 -0.267949192431
463 -0.004903485918 -0.383571933714 -0.267949192431
464 0.126935900826 0.542941592352 -0.267949192431
465 0.665125026455 -0.148358436447 -0.267949192431
466 0.196146003242 0.196148787708 -0.267949192431
467 -0.674218522694 0.315984910813 -0.267949192431
468 -0.538858666550 -0.383061559229 -0.267949192431
469 0.129164870994 0.080129299718 -0.267949192431
470 -0.138784055919 0.312177937235 -0.267949192431
471 0.531053448278 -0.151270098311 -0.267949192431
472 -0.339745962149 0.196152422708 -0.267949192431
473 0.263130243216 0.080125065193 -0.267949192431
474 -0.272758658655 0.312153014422 -0.267949192431
475 -0.272785543671 0.080102457927 -0.267949192431
476 0.463987856986 -0.035716799472 -0.267949192431
477 0.330110740131 -0.035838749765 -0.267949192431
478 -0.205771365932 0.660254037844 -0.267949192431
479 0.531088913250 0.312177826489 -0.267949192431
480 -0.339755313282 -0.035931223866 -0.267949192431
481 -0.138784067827 -0.151923788645 -0.267949192431
482 0.601192546222 0.428115114707 -0.267949192431
483 -0.877838035363 0.288678024350 -0.267949192431
484 0.263738615349 -0.381514689394 -0.267949192431
485 0.062147060363 -0.267825288368 -0.267949192431
486 0.750569055255 -0.262027681991 -0.267949192431
487 0.394223354620 -0.674565461384 -0.267949192431
488 -0.673635793625 -0.383433698313 -0.267949192431
489 -0.133974596215 0.773502691894 -0.267949192431
490 -0.001588564722 0.773293642396 -0.267949192431
491 -0.606932239576 -0.517608380968 -0.267949192431
492 0.144822651566 0.780679289086 -0.267949192431
493 -0.801077517005 -0.390693154090 -0.267949192431
494 0.388784067837 0.539419162440 -0.267949192431
495 -0.260186343894 0.774467088957 -0.267949192431
496 -0.667469591108 0.054909380756 -0.267949192431
497 0.464101615139 -0.483555576735 -0.267949192431
498 0.188597393996 0.649506161760 -0.267949192431
499 0.608781366805 0.551121123651 -0.267949192431
500 0.782190480730 -0.142196807849 -0.267949192431
501 -0.658241245306 -0.159576475702 -0.267949192431
502 -0.517417009684 -0.606059942210 -0.267949192431
503 0.787657391051 0.095444852507 -0.267949192431
504 -0.172917350607 -0.765782587574 -0.267949192431
505 -0.272758664044 -0.585138430161 -0.267949192431
506 -0.477360957715 0.635780121312 -0.267949192431
507 -0.172090176680 -0.900643690169 -0.267949192431
508 0.312475268515 -0.740048490241 -0.267949192431
509 0.866025403785 -0.303847577293 -0.267949192431
510 -0.896847613454 0.174207011129 -0.267949192431
511 -0.759487846853 0.243054414050 -0.267949192431
512 0.297417167221 -0.857878565348 -0.267949192431
513 0.696152422707 -0.598076211354 -0.267949192431
514 0.169872981078 0.901923788647 -0.267949192431
515 0.890441324034 0.169803710384 -0.267949192431
516 -0.874222943963 -0.300396328685 -0.267949192431
517 -0.594316430653 0.689613655306 -0.267949192431
518 -0.696152422707 -0.598076211353 -0.267949192431
519 -0.297658319129 0.879235883049 -0.267949192431
520 0.695471234024 0.606252832285 -0.267949192431
521 0.392706390278 -0.573226809405 -0.267949192431
522 0.010141010701 -0.805404250157 -0.267949192431
523 0.120132090615 -0.810047538676 -0.267949192431
524 0.763229783377 0.298208821755 -0.267949192431
525 0.703748189928 0.399434363163 -0.267949192431
526 -0.640560208123 0.516190237950 -0.267949192431
527 -0.700018325782 0.411815417276 -0.267949192431
528 0.293501271901 0.633684642457 -0.267949192431
529 -0.697531721880 -0.062568476592 -0.267949192431
530 0.512183518420 0.509748808923 -0.267949192431
531 0.792528219578 -0.627300857259 -0.062749273215
532 0.943483064144 -0.365839396822 -0.061805812567
533 0.828295524465 -0.565350067945 0.162014643633
534 0.943367879295 -0.366038902832 0.066734314349
535 0.891545193963 -0.455798426812 0.001644277603
536 0.894364552429 -0.450915154705 -0.144446204184
537 0.894688159559 -0.450354650713 0.148160665000
538 0.784205653292 -0.641715964916 0.075549184424
539 0.830868771636 -0.560893073104 -0.170681220340
540 0.847787156180 -0.531589571492 -0.065717836788
541 0.950961894323 -0.352885682970 -0.169872981078
542 0.950961894323 -0.352885682970 0.169872981078
543 0.781088913246 -0.647114317030 0.169872981078
544 0.780685711563 -0.647812682831 -0.170679384443
545 0.839219647326 -0.546428932122 0.050182158835
546 -0.834650767175 0.554342464672 -0.146994368413
547 -0.835122497499 0.553525403783 0.154915320719
548 -0.947032725599 0.359691202828 -0.075459758638
549 -0.899392560957 0.442206388469 0.154684951022
550 -0.866847542584 0.498576013824 0.051039580358
551 -0.793802301691 0.625094082302 0.056678297289
552 -0.940105736282 0.371689100268 0.057325511550
553 -0.903799995995 0.434572487052 -0.163639500985
554 -0.780684793613 0.647814272762 -0.070313264296
555 -0.833166485388 0.556913316139 -0.036476495209
556 -0.781088913243 0.647114317029 0.169872981078
557 -0.950961894321 0.352885682969 0.169872981078
558 -0.950961894321 0.352885682969 -0.169872981077
559 -0.780685711561 0.647812682829 -0.170679384443
560 -0.891116483200 0.456540975631 -0.053611512917
561 -0.633803739128 0.788773778980 -0.066419598269
562 -0.436898839645 0.902456875701 0.158298052465
563 -0.441987298108 0.899519052838 -0.151923788647
564 -0.633939421752 0.788695442581 0.066454079552
565 -0.531088913246 0.848076211353 0.000000000000
566 -0.561669945216 0.830420244313 -0.154019125476
567 -0.403340313919 0.921831899563 -0.010902452897
568 -0.546891423051 0.838952628064 0.141173468155
569 -0.350025061409 0.952613474951 -0.101652514005
570 -0.340019620558 0.958390118920 0.066987298108
571 -0.647114317030 0.781088913246 -0.169872981078
572 -0.647114317030 0.781088913246 0.169872981078
573 -0.349148042832 0.953119821863 0.172506879497
574 -0.458972904156 0.889712408614 0.062581629726
575 -0.336859213570 0.960214780745 -0.189747413331
576 0.442478940589 -0.899235202917 0.154503249608
577 0.637090134803 -0.786876377550 -0.072862943834
578 0.368430139592 -0.941987298106 -0.066987298108
579 0.557550921076 -0.832798364007 0.154659922407
580 0.499999999999 -0.866025403782 0.035898384863
581 0.366615524668 -0.943034966520 0.071210318943
582 0.490558198827 -0.871476630231 -0.111612991557
583 0.622259809762 -0.795438669705 0.054145551441
584 0.411966340512 -0.916851660785 -0.173176142334
585 0.558012701891 -0.832531754728 -0.184729430271
586 0.352885682969 -0.950961894321 0.169872981078
587 0.647114317029 -0.781088913244 0.169872981077
588 0.649395339971 -0.779771964034 -0.174188836158
589 0.554197281152 -0.834734588920 -0.047374009659
590 0.335673919752 -0.960899110448 -0.188378753922
591 0.066419598269 1.000000000000 -0.154503249608
592 0.151923788647 1.000000000000 0.066987298108
593 -0.158298052465 1.000000000000 0.072862943834
594 -0.066454079552 1.000000000000 -0.154659922407
595 0.000000000000 1.000000000000 -0.035898384863
596 0.154019125476 1.000000000000 -0.071210318943
597 0.010902452897 1.000000000000 0.111612991557
598 -0.141173468155 1.000000000000 -0.054145551442
599 0.101652514005 1.000000000000 0.173176142334
600 -0.066987298108 1.000000000000 0.184729430271
601 0.169872981078 1.000000000000 -0.169872981078
602 -0.169872981078 1.000000000000 -0.169872981078
603 -0.172506879497 1.000000000000 0.174188836158
604 -0.062581629726 1.000000000000 0.047374009659
605 0.189747413331 1.000000000000 0.188378753922
606 -0.154503249608 -1.000000000000 -0.066419598269
607 0.066987298108 -1.000000000000 -0.151923788647
608 0.072862943834 -1.000000000000 0.158298052465
609 -0.154659922407 -1.000000000000 0.066454079552
610 -0.035898384863 -1.000000000000 0.000000000000
611 -0.071210318943 -1.000000000000 -0.154019125476
612 0.111612991557 -1.000000000000 -0.010902452897
613 -0.054145551442 -1.000000000000 0.141173468155
614 0.173176142334 -1.000000000000 -0.101652514005
615 0.184729430271 -1.000000000000 0.066987298108
616 -0.169872981078 -1.000000000000 -0.169872981078
617 -0.169872981078 -1.000000000000 0.169872981078
618 0.174188836158 -1.000000000000 0.172506879497
619 0.047374009659 -1.000000000000 0.062581629726
620 0.188378753922 -1.000000000000 -0.189747413331
621 0.633089855465 0.789185939906 0.072832227708
622 0.386057019193 0.931810414426 -0.061414154975
623 0.557719832404 0.832700843008 -0.165084012702
624 0.442142188167 0.899429627021 0.154851953030
625 0.556419523096 0.833451576937 0.161883645668
626 0.502622300686 0.864511417778 0.037079328312
627 0.446880774944 0.896693802670 -0.166811317811
628 0.615042205658 0.799605755380 -0.061088343889
629 0.368565961716 0.941908881169 0.068972208827
630 0.501664426577 0.865064446652 -0.083463700213
631 0.350562155043 0.952303383798 -0.179619690773
632 0.647114317030 0.781088913246 0.169872981078
633 0.352885682970 0.950961894323 0.169872981078
634 0.647114317030 0.781088913246 -0.169872981078
635 -0.436925440590 -0.902441517636 -0.153678927758
636 -0.553186218360 -0.835318326295 0.131570021283
637 -0.642966948757 -0.783483397432 -0.066649121552
638 -0.365894274849 -0.943451380298 0.066808446473
639 -0.359804650393 -0.946967226617 -0.065147653694
640 -0.467888359726 -0.884565067938 -0.003027972014
641 -0.644462838862 -0.782619744877 0.061336797771
642 -0.552904057682 -0.835481231838 -0.132839296809
643 -0.440268315000 -0.900511508196 0.151766954768
644 -0.572281684677 -0.824293553676 -0.001921914264
645 -0.655555215228 -0.776215558396 0.172555960026
646 -0.352885682969 -0.950961894321 -0.169872981078
647 -0.352885682969 -0.950961894321 0.169872981078
648 -0.647114317029 -0.781088913244 -0.169872981077
649 0.788773778980 0.633803739128 0.066419598269
650 0.899519052838 0.441987298108 0.151923788647
651 0.902456875701 0.436898839645 -0.158298052465
652 0.788695442581 0.633939421752 -0.066454079552
653 0.848076211353 0.531088913246 0.000000000000
654 0.830420244313 0.561669945216 0.154019125476
655 0.921831899563 0.403340313919 0.010902452897
656 0.838952628064 0.546891423051 -0.141173468155
657 0.952613474951 0.350025061409 0.101652514005
658 0.958390118920 0.340019620558 -0.066987298108
659 0.781088913246 0.647114317030 0.169872981078
660 0.781088913246 0.647114317030 -0.169872981078
661 0.953119821863 0.349148042832 -0.172506879497
662 0.889712408614 0.458972904156 -0.062581629726
663 0.960214780745 0.336859213570 0.189747413331
664 -0.832815604648 -0.557521059409 0.154503249608
665 -0.790063509459 -0.631569860406 -0.066987298108
666 -0.945174430015 -0.362909865195 -0.072862943834
667 -0.899252443559 -0.442449078922 0.154659922407
668 -0.866025403783 -0.499999999999 0.035898384863
669 -0.789015841045 -0.633384475330 0.071210318943
670 -0.860574177334 -0.509441801171 -0.111612991558
671 -0.936612137860 -0.377740190236 0.054145551442
672 -0.815199146780 -0.588033659486 -0.173176142334
673 -0.899519052836 -0.441987298107 -0.184729430271
674 -0.781088913244 -0.647114317029 0.169872981078
675 -0.950961894321 -0.352885682969 0.169872981078
676 -0.952278843531 -0.350604660027 -0.174188836158
677 -0.897316218645 -0.445802718846 -0.047374009659
678 -0.771151697117 -0.664326080246 -0.188378753922
679 1.000000000000 -0.153678927758 -0.072832227708
680 1.000000000000 0.066808446473 -0.154851953031
681 1.000000000000 0.131570021282 0.061414154976
682 1.000000000000 -0.066649121552 0.165084012702
683 1.000000000000 -0.065147653694 -0.161883645668
684 1.000000000000 -0.003027972014 -0.037079328312
685 1.000000000000 -0.132839296809 0.061088343889
686 1.000000000000 0.151766954768 -0.068972208826
687 1.000000000000 0.061336797771 0.166811317811
688 1.000000000000 -0.001921914264 0.083463700213
689 1.000000000000 -0.169872981078 -0.169872981078
690 1.000000000000 0.169872981078 -0.169872981078
691 1.000000000000 -0.169872981078 0.169872981078
692 1.000000000000 0.172555960026 0.179619690773
693 -1.000000000000 0.072832227708 -0.153678927758
694 -1.000000000000 0.154851953031 0.066808446473
695 -1.000000000000 -0.061414154976 0.131570021282
696 -1.000000000000 -0.165084012702 -0.066649121552
697 -1.000000000000 0.161883645668 -0.065147653694
698 -1.000000000000 0.037079328312 -0.003027972014
699 -1.000000000000 -0.061088343889 -0.132839296809
700 -1.000000000000 0.068972208826 0.151766954768
701 -1.000000000000 -0.166811317811 0.061336797771
702 -1.000000000000 -0.083463700213 -0.001921914264
703 -1.000000000000 0.169872981078 -0.169872981078
704 -1.000000000000 0.169872981078 0.169872981078
705 -1.000000000000 -0.169872981078 -0.169872981078
706 -1.000000000000 -0.179619690773 0.172555960026
707 -0.308767374608 -0.107383306589 0.014962917745
708 -0.709301439459 0.214771981718 -0.019311554802
709 -0.706780764939 -0.182895786831 -0.035194206185
710 -0.350556054895 -0.532323074247 0.010457969606
711 0.003909028760 -0.516743216060 -0.006082319218
712 -0.763090278401 -0.287530583462 0.113879940589
713 -0.006076564342 -0.160426968470 -0.032626704994
714 -0.353613070570 0.199066926581 -0.000448929762
715 0.356365358706 -0.507921824262 0.002149808613
716 -0.610613805934 -0.623486644199 0.121648413458
717 0.383829551196 0.174186062042 -0.025825528027
718 0.394646701434 -0.190064861765 -0.003963002776
719 0.704442607081 -0.204871133705 -0.009908907525
720 0.714663619233 0.216322011123 0.020729733787
721 -0.018867173338 0.205557608526 0.006813569385
722 0.387460276834 0.553687026769 0.024256990850
723 0.498014371158 -0.482801123637 0.135692448917
724 0.621278427625 -0.261234727975 0.122985038204
725 0.643617881307 -0.586652995560 0.126694791508
726 0.693569572271 -0.422540172915 0.132794257869
727 0.654761648538 -0.475684390521 -0.072948844620
728 -0.437633467821 -0.671306021752 0.117948061874
729 -0.300131439944 -0.807948333610 0.144641381682
730 0.025628278339 0.534966521250 -0.029517895867
731 -0.344023982211 0.537569047118 0.016784815870
732 0.170022470844 0.800534736237 0.116230081468
733 0.140668760688 0.586139737503 0.094858215825
734 -0.053296492203 0.847618794144 0.122066726932
735 0.152989893188 0.832911001570 -0.094585450058
736 -0.199271984805 0.465005314429 0.116439447338
737 -0.422442938170 0.684895815983 0.132326790561
738 -0.603855862596 0.275126124153 0.140700187090
739 -0.446646987271 0.268966344838 0.119984645101
740 -0.411026930397 0.455470045375 0.122050740813
741 -0.634974998218 0.451768327675 0.098094256805
742 -0.414000954961 0.428924252644 -0.110001245394
743 -0.629372063205 0.602125558548 0.137916325820
744 -0.591595719116 0.637886915285 -0.100335122840
745 0.444070855048 0.403105753248 0.116358299569
746 0.462101261241 0.705381403527 0.139628354958
747 0.328603785268 0.723772014161 0.123223345099
748 0.485506195964 0.652157155894 -0.054103015193
749 0.272389903399 0.468953033257 0.149502869653
750 0.444722082980 0.412248238728 -0.124435517571
751 0.607722496793 0.279891474371 0.158658390652
752 0.665006347917 0.437969158098 0.086043920611
753 0.729607134154 -0.058305772495 0.126703098906
754 0.834081765507 -0.254397810889 0.089658765347
755 0.813659019063 -0.293526497511 -0.125278968489
756 0.449963053062 -0.314074645998 0.060986224473
757 0.594528880516 -0.078911805138 0.158636939585
758 0.630323759027 -0.268342645694 -0.132774236384
759 0.062708153264 -0.618142064752 0.122186590202
760 0.075365210420 -0.812407729713 0.112645978878
761 -0.066434998376 -0.396812177763 0.135544479392
762 -0.080661364927 -0.560006138051 0.137100600998
763 -0.123874886648 -0.537537866900 -0.090055423479
764 -0.089711541620 -0.748542934426 0.108413616283
765 -0.096795168243 -0.694179998738 -0.053002581008
766 -0.242432506964 -0.630312602451 0.090275006103
767 -0.260394233281 -0.816818849539 -0.130413996887
768 0.269707798729 -0.823609694579 0.128717256451
769 0.450033250518 -0.704722083196 0.127976151626
770 0.259440946395 -0.614417832445 0.129030224106
771 0.305476253407 -0.831357122251 -0.093185054742
772 -0.419497224411 -0.081118131883 0.142373622369
773 -0.422858800095 0.078074203328 0.157813586839
774 -0.597540196966 0.097173676324 0.075039578532
775 -0.757032185945 0.316509977422 0.122928358830
776 -0.594668085815 0.311190523330 -0.089259681889
777 -0.595494872213 -0.090533719542 0.102497664173
778 -0.745303233065 0.123049862347 0.131969351990
779 -0.811582700305 0.121571419119 -0.119881307952
780 -0.547399594272 0.086807223958 -0.151427011659
781 -0.791756047196 -0.042493707965 0.133177407088
782 -0.782968695331 -0.044207210448 -0.020543507261
783 -0.423215586826 -0.255944463858 0.124765825619
784 -0.587441196236 -0.274357707346 0.143672281851
785 0.512344025399 -0.621563636462 -0.071067798482
786 0.669632490647 -0.612574949537 -0.093897232284
787 -0.232554942315 0.628611866131 0.152463757373
788 -0.273429474836 0.843354583035 0.109728689942
789 -0.301048103742 0.796456312532 -0.119707939801
790 -0.649099111956 -0.428800986444 0.099761740972
791 -0.465411061117 -0.458771964647 0.121736141875
792 -0.682467099474 -0.474376687694 -0.097750775319
793 -0.624213232305 -0.636049245658 -0.131542089787
794 -0.419196755268 -0.705172983876 -0.116527425373
795 -0.833085164565 0.300591723761 -0.133056062713
796 0.820954116698 0.309647492682 0.122979787881
797 0.609943304936 0.105779681881 0.128242557618
798 0.828817492263 0.075525282785 0.093477867791
799 0.611264103259 0.079611618063 -0.106348635399
800 0.851200026350 0.296820610533 -0.123654533293
801 0.745858235477 0.099953680197 -0.144161227821
802 0.124973580734 -0.446588572999 0.080524923692
803 0.099800202180 -0.255031565539 0.138510734713
804 0.290957327084 -0.414847053258 0.142657159444
805 -0.081176475215 -0.233990590914 0.109276584760
806 -0.240216141590 -0.177051711600 0.130290698123
807 -0.250839140899 -0.391813200052 0.092422781197
808 -0.241519372280 -0.394011747538 -0.141830300161
809 -0.259904802316 0.034265704080 0.103796465835
810 -0.244124231682 -0.232975455470 -0.082683135797
811 -0.087900792035 -0.064708822448 0.155253850018
812 -0.066112426087 -0.256760732459 -0.151718472668
813 0.590380811519 0.576304560676 0.141992022642
814 0.416461274396 0.243429837508 0.136253981636
815 0.678402052022 0.281241153815 -0.122474563891
816 0.658996725249 0.648875169271 -0.007654761577
817 0.701520310278 0.477477688013 -0.070992621492
818 0.112790260796 -0.794671638132 -0.067840008866
819 0.060872366192 -0.079902175397 0.110870940489
820 -0.084968975791 0.100117148443 0.122412337982
821 -0.111470248253 -0.062875866603 -0.068320104040
822 -0.426176271984 -0.135438907484 -0.118812340847
823 -0.275369209260 -0.051677415858 -0.125900189758
824 0.278954911262 -0.602922109847 -0.119919131252
825 0.098653273273 0.256893869607 0.128417423341
826 -0.104632373134 0.273101649022 0.122986361416
827 -0.261750914305 0.244894419911 0.124263961269
828 -0.023282326357 0.403802641687 0.072668672203
829 -0.095340664614 0.273750736547 -0.121484900572
830 -0.266191493539 0.257811312376 -0.117480024442
831 -0.194220492749 0.117706257623 -0.098702632707
832 0.091338605019 0.089432963959 0.070608829747
833 -0.020260043734 0.088629970415 -0.129393796524
834 0.132028695895 0.409133352998 0.100903237408
835 0.090881538336 0.440583254468 -0.123345210058
836 0.257818215404 0.297592501678 0.156336386358
837 0.076090659309 0.264509315998 -0.094735737082
838 -0.058441080658 0.638559978049 0.072287145275
839 -0.072218040001 0.434950838693 -0.125677139040
840 -0.413927310964 -0.397876828276 -0.124753310722
841 -0.062873275658 0.605754064901 -0.140293129466
842 -0.590005406174 -0.281251480591 -0.092134657765
843 -0.807635764458 -0.351459674531 -0.096942422539
844 -0.603841368808 -0.044629761239 -0.102294671250
845 -0.277622194468 -0.597787912857 -0.147015813075
846 0.315027402936 0.684984155975 -0.078040946581
847 0.253148269920 0.457274787326 -0.111424303922
848 0.268203907752 0.123950120136 0.112629834948
849 0.257789369068 0.277594127673 -0.056778262544
850 0.260540398224 -0.258427762166 0.124460070205
851 0.271017620799 -0.392162780483 -0.107260497028
852 0.448328177007 0.056232981628 0.093592099418
853 0.440614614725 -0.122794746366 0.122087694816
854 0.447427750964 0.052895610972 -0.132632094012
855 0.258721300357 -0.067599422971 0.081279241722
856 0.411572351256 -0.099447464317 -0.105966160846
857 0.301697304161 0.098656143963 -0.117857523302
858 0.252077606032 -0.073161889939 -0.147404710376
859 0.294196843795 -0.239974780373 -0.135334843336
860 0.106857097684 -0.261792823124 -0.079150968187
861 0.069733728243 -0.072792454649 -0.119554994295
862 0.143007550002 0.080315095465 -0.140632019376
863 0.564444387698 -0.107074871903 -0.056450546839
864 0.086566792336 -0.587969810463 -0.104680609585
865 0.128701032306 -0.435303744282 -0.088790446761
866 0.526518550004 0.263137575075 -0.056154761926
867 -0.665477488565 0.458808710248 -0.087549180832
868 -0.088595807460 -0.891940477983 0.151175844014
869 0.751197615526 -0.077266097486 -0.112893570625
870 -0.424096472424 0.722771468649 -0.104208935675
871 -0.083311641590 0.804617163787 -0.080643498126
872 -0.256087176372 0.631288569358 -0.089807853037
873 0.119776194324 0.622841345524 -0.112174183984
874 0.479704619567 -0.428705739595 -0.111639421303
875 0.461565310964 -0.264468445003 -0.154353910580
876 0.800903647933 -0.193485870394 -0.197439832104
877 -0.081000739189 -0.388955142666 -0.083868249929
878 0.182555267529 -0.892116902953 -0.168183731205
879 0.324996369085 0.790390742016 -0.165815634867
880 0.586040605826 0.702607178686 -0.160803857988
881 -0.854671744735 -0.018589215004 -0.144026855788
882 -0.373277459751 0.085551211824 -0.143670064898
883 -0.238197147966 0.452707058190 -0.132552796442
884 -0.020735735641 -0.701993843258 -0.167315489775
885 0.411216183340 -0.741120124428 -0.135300502656
886 0.537584271274 -0.737533075270 -0.169601992172
887 0.384733295381 -0.502206904846 -0.153450397896
888 -0.731085103577 -0.020764590394 -0.181975249099
889 0.075657290243 -0.817295560861 -0.192582504332
890 -0.031390021991 -0.836035574604 -0.164057324189
891 0.166210995346 0.921310753752 -0.188723048153
892 0.681275187187 0.579300503586 -0.154641385565
893 0.753801851016 0.322904089060 -0.200091554723
894 0.615092242015 0.422267912047 -0.181628194199
895 0.767866640069 0.440158087796 -0.168993405006
896 -0.753838587008 0.504763456881 -0.165457947828
897 0.406889188046 -0.633299430122 -0.181905411339
898 -0.693206839379 -0.150013330771 -0.163812706319
899 0.558480190637 0.558525650761 -0.142454387546
900 0.771389199984 -0.400826717067 -0.074581598803
901 -0.192879556688 0.896639699520 -0.159362345915
902 0.390350577099 -0.845965261523 -0.186244655097
903 0.193075276870 0.916422549601 0.168073065665
904 -0.225350454357 -0.896222360197 0.011746228219
905 -0.122473948561 -0.898295018060 -0.096339334763
906 0.679299246139 0.659210838993 0.180428902654
907 0.912417224055 -0.234006910848 -0.142775371656
908 0.894501815377 -0.087301376912 -0.121232714912
909 0.889299128313 0.134325634747 -0.124254849533
910 0.887066857915 -0.105701976710 0.132532039104
911 -0.891592247394 -0.179656215200 0.142175888353
912 -0.871099148774 -0.185660985502 -0.106229472801
913 -0.879118229343 0.165112409196 0.109892409396
914 -0.259877720640 0.365185344846 0.002030311597
915 -0.448791969929 0.038530663361 -0.002348744425
916 0.035665251836 -0.439480156158 -0.164206031076
917 0.395184307538 0.238867411897 -0.161990474973
918 -0.463492147787 0.240184935782 -0.130484986760
919 0.440843829198 0.819312493005 0.207368313152
920 0.271488851586 0.904070375782 -0.178357609857
921 -0.931447210734 0.081416146637 -0.208466525283
922 0.745697944508 -0.550960890230 -0.201241956345
923 0.926057702691 -0.254259981605 0.198526432689
924 0.043155244185 0.912922915379 0.182361907891
925 -0.494429907129 -0.788954643977 -0.198947651903
926 0.838944581072 -0.370704654677 0.195170357093
927 0.315663529427 -0.903510217651 0.185877050878
928 0.760982444384 0.561966225065 -0.209643605168
929 -0.200860321185 -0.940076710595 -0.191497972191
930 -0.846620281143 0.416005096844 -0.214276444287
931 -0.727034764596 0.618914366265 0.196000298718
932 -0.666493276062 0.697596143148 0.210417136324
933 -0.436974420990 0.825844017593 -0.199413146454
934 0.719890571780 -0.622225366094 0.195746303371
935 -0.550417689790 -0.730249387464 0.194511507013
936 -0.821717118467 -0.406650607842 -0.197402065322
937 0.003909065092 0.910513877153 -0.178840073191
938 0.917367148484 0.004166410459 0.192627458601
939 -0.167638968463 0.930845329482 0.172114884974
940 0.530837775434 0.783255691085 -0.216943959099
941 -0.919833071781 -0.002613637548 0.185920297557
942 -0.722643766625 -0.616902240571 0.183862176252
943 0.119658430817 -0.908780591539 0.172750389226
944 0.693609987860 -0.676951489515 -0.203134012720
945 0.841478585992 0.379567779859 -0.207929784563
946 0.939697933128 0.207888359928 -0.194542283054
947 -0.242134700779 -0.928350774970 0.206173044064
948 -0.872753461552 -0.329302405708 0.190389189367
949 -0.944795361422 0.227833588947 0.207178890893
950 0.892778262162 -0.334070741537 -0.210082856162
951 0.916710875352 0.160813266953 0.179414309491
952 0.907750024516 0.255687098029 0.206061742452
953 -0.876228036610 0.317955249500 0.180027213272
954 0.511114641346 -0.790311412600 0.208267935294
955 0.042541134938 -0.926052982114 -0.207562998975
956 -0.940321884746 -0.186101376594 -0.208364033533
957 -0.652062540272 0.706126388180 -0.203834566583
958 -0.282884670652 -0.911781502175 -0.210977896336
959 0.557578716909 0.733857107711 0.191100330834
960 -0.937363987988 -0.057390219720 -0.199049763004
961 -0.928361160810 0.180415327063 -0.206884989478
962 0.220582884729 -0.928094718263 0.193112815578
963 -0.087277380816 -0.943740662130 -0.207808827968
964 0.396048436155 -0.847455729987 0.205712574532
965 0.776390456506 -0.495983878401 0.189804929453
966 0.318337602025 0.869200115806 0.185651201289
967 -0.438618551770 -0.794627261214 0.178940920253
968 0.287113798231 -0.912243393670 -0.200798585593
969 -0.946792068316 0.110644517855 0.206706411554
970 -0.784171282098 0.457015640114 0.190994810836
971 0.691332256383 0.673300071957 -0.207540518176
972 -0.924333832824 -0.281734144833 -0.181449742273
973 -0.544291520469 0.741140799747 -0.197415567339
974 -0.661048654998 -0.696438144362 0.206247225848
975 0.842467397620 -0.425539713345 -0.197013054509
976 -0.706446051282 0.638152140266 -0.178299832347
977 -0.438417860469 0.811150938167 0.183260998514
978 0.631482286720 -0.712667383743 0.175337798143
979 0.765679448334 0.519844297114 0.203671009863
980 -0.771058158348 -0.471435564503 0.165423962725
981 -0.376035954415 -0.857576679070 -0.207278140032
982 -0.317323874587 0.885612213979 -0.191539507374
983 0.453087962924 0.819918107719 -0.203135209575
984 -0.778483678334 -0.514487517237 -0.199740520414
985 -0.075529397920 0.933394872290 0.215691801253
986 -0.554728296103 0.728496959720 0.190137923440
987 0.470136681670 0.739415048168 -0.162180034186
$EndNodes
$Elements
5093
1 15 3 1 1 0 1
2 15 3 2 2 0 2
3 15 3 3 3 0 3
4 15 3 4 4 0 4
5 15 3 5 5 0 5
6 15 3 6 6 0 6
7 15 3 7 7 0 7
8 15 3 8 8 0 8
9 15 3 9 9 0 9
10 15 3 10 10 0 10
11 15 3 11 11 0 11
12 15 3 12 12 0 12
13 15 3 13 13 0 13
14 15 3 14 14 0 14
15 15 3 15 15 0 15
16 15 3 16 16 0 16
17 15 3 17 17 0 17
18 15 3 18 18 0 18
19 15 3 19 19 0 19
20 15 3 20 20 0 20
21 15 3 21 21 0 21
22 15 3 22 22 0 22
23 15 3 23 23 0 23
24 15 3 24 24 0 24
25 1 3 1 1 0 1 25
26 1 3 1 1 0 25 26
27 1 3 1 1 0 26 27
28 1 3 1 1 0 27 5
29 1 3 2 2 0 5 28
30 1 3 2 2 0 28 29
31 1 3 2 2 0 29 30
32 1 3 2 2 0 30 9
33 1 3 3 3 0 9 31
34 1 3 3 3 0 31 32
35 1 3 3 3 0 32 33
36 1 3 3 3 0 33 13
37 1 3 4 4 0 13 34
38 1 3 4 4 0 34 35
39 1 3 4 4 0 35 36
40 1 3 4 4 0 36 17
41 1 3 5 5 0 17 37
42 1 3 5 5 0 37 38
43 1 3 5 5 0 38 39
44 1 3 5 5 0 39 18
45 1 3 6 6 0 18 40
46 1 3 6 6 0 40 41
47 1 3 6 6 0 41 42
48 1 3 6 6 0 42 4
49 1 3 7 7 0 4 43
50 1 3 7 7 0 43 44
51 1 3 7 7 0 44 45
52 1 3 7 7 0 45 8
53 1 3 8 8 0 8 46
54 1 3 8 8 0 46 47
55 1 3 8 8 0 47 48
56 1 3 8 8 0 48 12
57 1 3 9 9 0 12 49
58 1 3 9 9 0 49 50
59 1 3 9 9 0 50 51
60 1 3 9 9 0 51 16
61 1 3 10 10 0 16 52
62 1 3 10 10 0 52 53
63 1 3 10 10 0 53 54
64 1 3 10 10 0 54 24
65 1 3 11 11 0 24 55
66 1 3 11 11 0 55 56
67 1 3 11 11 0 56 57
68 1 3 11 11 0 57 23
69 1 3 12 12 0 23 58
70 1 3 12 12 0 58 59
71 1 3 12 12 0 59 60
72 1 3 12 12 0 60 1
73 1 3 13 13 0 2 61
74 1 3 13 13 0 61 62
75 1 3 13 13 0 62 63
76 1 3 13 13 0 63 6
77 1 3 14 14 0 6 64
78 1 3 14 14 0 64 65
79 1 3 14 14 0 65 66
80 1 3 14 14 0 66 10
81 1 3 15 15 0 10 67
82 1 3 15 15 0 67 68
83 1 3 15 15 0 68 69
84 1 3 15 15 0 69 14
85 1 3 16 16 0 14 70
86 1 3 16 16 0 70 71
87 1 3 16 16 0 71 72
88 1 3 16 16 0 72 20
89 1 3 17 17 0 20 73
90 1 3 17 17 0 73 74
91 1 3 17 17 0 74 75
92 1 3 17 17 0 75 19
93 1 3 18 18 0 19 76
94 1 3 18 18 0 76 77
95 1 3 18 18 0 77 78
96 1 3 18 18 0 78 3
97 1 3 19 19 0 3 79
98 1 3 19 19 0 79 80
99 1 3 19 19 0 80 81
100 1 3 19 19 0 81 7
101 1 3 20 20 0 7 82
102 1 3 20 20 0 82 83
103 1 3 20 20 0 83 84
104 1 3 20 20 0 84 11
105 1 3 21 21 0 11 85
106 1 3 21 21 0 85 86
107 1 3 21 21 0 86 87
108 1 3 21 21 0 87 15
109 1 3 22 22 0 15 88
110 1 3 22 22 0 88 89
111 1 3 22 22 0 89 90
112 1 3 22 22 0 90 21
113 1 3 23 23 0 21 91
114 1 3 23 23 0 91 92
115 1 3 23 23 0 92 93
116 1 3 23 23 0 93 22
117 1 3 24 24 0 22 94
118 1 3 24 24 0 94 95
119 1 3 24 24 0 95 96
120 1 3 24 24 0 96 2
121 1 3 25 25 0 3 97
122 1 3 25 25 0 97 98
123 1 3 25 25 0 98 99
124 1 3 25 25 0 99 4
125 1 3 26 26 0 18 100
126 1 3 26 26 0 100 101
127 1 3 26 26 0 101 102
128 1 3 26 26 0 102 19
129 1 3 27 27 0 2 103
130 1 3 27 27 0 103 104
131 1 3 27 27 0 104 105
132 1 3 27 27 0 105 1
133 1 3 28 28 0 23 106
134 1 3 28 28 0 106 107
135 1 3 28 28 0 107 108
136 1 3 28 28 0 108 22
137 1 3 29 29 0 6 109
138 1 3 29 29 0 109 110
139 1 3 29 29 0 110 111
140 1 3 29 29 0 111 5
141 1 3 30 30 0 7 112
142 1 3 30 30 0 112 113
143 1 3 30 30 0 113 114
144 1 3 30 30 0 114 8
145 1 3 31 31 0 9 115
146 1 3 31 31 0 115 116
147 1 3 31 31 0 116 117
148 1 3 31 31 0 117 10
149 1 3 32 32 0 11 118
150 1 3 32 32 0 118 119
151 1 3 32 32 0 119 120
152 1 3 32 32 0 120 12
153 1 3 33 33 0 13 121
154 1 3 33 33 0 121 122
155 1 3 33 33 0 122 123
156 1 3 33 33 0 123 14
157 1 3 34 34 0 15 124
158 1 3 34 34 0 124 125
159 1 3 34 34 0 125 126
160 1 3 34 34 0 126 16
161 1 3 35 35 0 17 127
162 1 3 35 35 0 127 128
163 1 3 35 35 0 128 129
164 1 3 35 35 0 129 20
165 1 3 36 36 0 21 130
166 1 3 36 36 0 130 131
167 1 3 36 36 0 131 132
168 1 3 36 36 0 132 24
169 2 3 1 1 0 232 142 252
170 2 3 1 1 0 141 229 236
171 2 3 1 1 0 52 16 253
172 2 3 1 1 0 142 232 251
173 2 3 1 1 0 229 141 304
174 2 3 1 1 0 140 305 308
175 2 3 1 1 0 140 263 305
176 2 3 1 1 0 135 231 248
177 2 3 1 1 0 242 205 312
178 2 3 1 1 0 231 135 307
179 2 3 1 1 0 142 52 253
180 2 3 1 1 0 246 261 293
181 2 3 1 1 0 253 16 308
182 2 3 1 1 0 233 304 316
183 2 3 1 1 0 260 148 313
184 2 3 1 1 0 149 233 316
185 2 3 1 1 0 205 242 297
186 2 3 1 1 0 309 260 313
187 2 3 1 1 0 146 156 250
188 2 3 1 1 0 224 240 289
189 2 3 1 1 0 292 153 303
190 2 3 1 1 0 240 224 302
191 2 3 1 1 0 153 292 319
192 2 3 1 1 0 293 261 315
193 2 3 1 1 0 287 150 301
194 2 3 1 1 0 156 146 314
195 2 3 1 1 0 150 287 310
196 2 3 1 1 0 262 307 318
197 2 3 1 1 0 152 262 318
198 2 3 1 1 0 252 142 253
199 2 3 1 1 0 252 220 306
200 2 3 1 1 0 311 242 312
201 2 3 1 1 0 220 252 305
202 2 3 1 1 0 284 311 312
203 2 3 1 1 0 205 268 312
204 2 3 1 1 0 305 253 308
205 2 3 1 1 0 248 231 296
206 2 3 1 1 0 239 240 302
207 2 3 1 1 0 283 134 300
208 2 3 1 1 0 236 229 301
209 2 3 1 1 0 289 240 294
210 2 3 1 1 0 268 144 312
211 2 3 1 1 0 232 252 306
212 2 3 1 1 0 150 42 236
213 2 3 1 1 0 225 254 285
214 2 3 1 1 0 49 148 235
215 2 3 1 1 0 264 255 286
216 2 3 1 1 0 46 146 249
217 2 3 1 1 0 31 147 237
218 2 3 1 1 0 254 160 285
219 2 3 1 1 0 58 145 238
220 2 3 1 1 0 245 143 246
221 2 3 1 1 0 255 164 286
222 2 3 1 1 0 4 42 150
223 2 3 1 1 0 49 12 148
224 2 3 1 1 0 47 46 249
225 2 3 1 1 0 31 9 147
226 2 3 1 1 0 238 145 239
227 2 3 1 1 0 249 146 250
228 2 3 1 1 0 151 36 243
229 2 3 1 1 0 58 23 145
230 2 3 1 1 0 152 27 247
231 2 3 1 1 0 151 243 244
232 2 3 1 1 0 39 38 256
233 2 3 1 1 0 258 259 282
234 2 3 1 1 0 153 54 251
235 2 3 1 1 0 238 239 241
236 2 3 1 1 0 48 47 133
237 2 3 1 1 0 17 36 151
238 2 3 1 1 0 154 137 155
239 2 3 1 1 0 5 27 152
240 2 3 1 1 0 259 168 282
241 2 3 1 1 0 149 39 256
242 2 3 1 1 0 24 54 153
243 2 3 1 1 0 44 137 154
244 2 3 1 1 0 34 13 261
245 2 3 1 1 0 243 143 245
246 2 3 1 1 0 42 41 236
247 2 3 1 1 0 30 29 248
248 2 3 1 1 0 50 49 235
249 2 3 1 1 0 255 225 285
250 2 3 1 1 0 32 31 237
251 2 3 1 1 0 59 58 238
252 2 3 1 1 0 259 264 286
253 2 3 1 1 0 133 47 249
254 2 3 1 1 0 36 35 243
255 2 3 1 1 0 27 26 247
256 2 3 1 1 0 38 37 134
257 2 3 1 1 0 29 28 135
258 2 3 1 1 0 54 53 251
259 2 3 1 1 0 164 255 285
260 2 3 1 1 0 276 207 281
261 2 3 1 1 0 244 243 245
262 2 3 1 1 0 257 172 281
263 2 3 1 1 0 45 44 154
264 2 3 1 1 0 215 218 258
265 2 3 1 1 0 258 218 259
266 2 3 1 1 0 41 40 141
267 2 3 1 1 0 29 135 248
268 2 3 1 1 0 56 55 136
269 2 3 1 1 0 172 276 281
270 2 3 1 1 0 271 189 275
271 2 3 1 1 0 273 174 275
272 2 3 1 1 0 213 215 258
273 2 3 1 1 0 41 141 236
274 2 3 1 1 0 143 34 261
275 2 3 1 1 0 257 258 282
276 2 3 1 1 0 154 155 156
277 2 3 1 1 0 168 259 286
278 2 3 1 1 0 174 271 275
279 2 3 1 1 0 215 216 217
280 2 3 1 1 0 239 145 240
281 2 3 1 1 0 257 213 258
282 2 3 1 1 0 259 218 264
283 2 3 1 1 0 174 273 276
284 2 3 1 1 0 191 201 202
285 2 3 1 1 0 211 213 257
286 2 3 1 1 0 273 207 276
287 2 3 1 1 0 223 228 260
288 2 3 1 1 0 38 134 256
289 2 3 1 1 0 215 214 216
290 2 3 1 1 0 215 217 218
291 2 3 1 1 0 218 217 219
292 2 3 1 1 0 213 214 215
293 2 3 1 1 0 223 221 228
294 2 3 1 1 0 219 217 220
295 2 3 1 1 0 228 221 263
296 2 3 1 1 0 193 184 194
297 2 3 1 1 0 178 180 265
298 2 3 1 1 0 180 186 265
299 2 3 1 1 0 189 191 275
300 2 3 1 1 0 202 201 203
301 2 3 1 1 0 211 257 281
302 2 3 1 1 0 191 200 201
303 2 3 1 1 0 221 220 263
304 2 3 1 1 0 219 220 221
305 2 3 1 1 0 216 227 232
306 2 3 1 1 0 158 266 272
307 2 3 1 1 0 184 178 265
308 2 3 1 1 0 222 221 223
309 2 3 1 1 0 198 199 229
310 2 3 1 1 0 225 223 226
311 2 3 1 1 0 266 199 272
312 2 3 1 1 0 46 8 146
313 2 3 1 1 0 226 223 260
314 2 3 1 1 0 202 203 204
315 2 3 1 1 0 222 223 225
316 2 3 1 1 0 211 212 213
317 2 3 1 1 0 213 212 214
318 2 3 1 1 0 229 199 266
319 2 3 1 1 0 225 226 254
320 2 3 1 1 0 183 181 187
321 2 3 1 1 0 204 203 205
322 2 3 1 1 0 198 196 199
323 2 3 1 1 0 183 187 188
324 2 3 1 1 0 194 184 265
325 2 3 1 1 0 222 255 264
326 2 3 1 1 0 197 196 198
327 2 3 1 1 0 205 203 268
328 2 3 1 1 0 219 221 222
329 2 3 1 1 0 161 163 164
330 2 3 1 1 0 188 195 196
331 2 3 1 1 0 187 181 267
332 2 3 1 1 0 188 187 195
333 2 3 1 1 0 169 167 170
334 2 3 1 1 0 218 219 264
335 2 3 1 1 0 185 184 193
336 2 3 1 1 0 165 166 167
337 2 3 1 1 0 180 182 186
338 2 3 1 1 0 181 177 267
339 2 3 1 1 0 171 170 173
340 2 3 1 1 0 222 225 255
341 2 3 1 1 0 189 190 191
342 2 3 1 1 0 219 222 264
343 2 3 1 1 0 169 170 171
344 2 3 1 1 0 188 196 197
345 2 3 1 1 0 270 166 274
346 2 3 1 1 0 160 159 161
347 2 3 1 1 0 164 163 165
348 2 3 1 1 0 165 163 166
349 2 3 1 1 0 157 159 160
350 2 3 1 1 0 176 177 178
351 2 3 1 1 0 177 175 267
352 2 3 1 1 0 204 205 206
353 2 3 1 1 0 197 198 233
354 2 3 1 1 0 173 175 176
355 2 3 1 1 0 162 277 278
356 2 3 1 1 0 170 167 270
357 2 3 1 1 0 180 177 181
358 2 3 1 1 0 178 177 180
359 2 3 1 1 0 182 181 183
360 2 3 1 1 0 203 201 230
361 2 3 1 1 0 195 187 274
362 2 3 1 1 0 199 196 277
363 2 3 1 1 0 167 166 270
364 2 3 1 1 0 173 170 175
365 2 3 1 1 0 203 230 268
366 2 3 1 1 0 168 167 169
367 2 3 1 1 0 267 270 274
368 2 3 1 1 0 204 206 207
369 2 3 1 1 0 272 199 277
370 2 3 1 1 0 267 175 270
371 2 3 1 1 0 155 137 287
372 2 3 1 1 0 171 173 174
373 2 3 1 1 0 216 214 227
374 2 3 1 1 0 175 170 270
375 2 3 1 1 0 44 43 137
376 2 3 1 1 0 165 167 168
377 2 3 1 1 0 179 178 184
378 2 3 1 1 0 176 175 177
379 2 3 1 1 0 180 181 182
380 2 3 1 1 0 159 158 272
381 2 3 1 1 0 156 155 157
382 2 3 1 1 0 202 204 273
383 2 3 1 1 0 173 176 271
384 2 3 1 1 0 161 162 163
385 2 3 1 1 0 51 50 140
386 2 3 1 1 0 246 143 261
387 2 3 1 1 0 176 178 179
388 2 3 1 1 0 277 195 278
389 2 3 1 1 0 191 202 275
390 2 3 1 1 0 166 163 278
391 2 3 1 1 0 139 241 242
392 2 3 1 1 0 157 158 159
393 2 3 1 1 0 204 207 273
394 2 3 1 1 0 187 267 274
395 2 3 1 1 0 162 159 272
396 2 3 1 1 0 191 190 200
397 2 3 1 1 0 202 273 275
398 2 3 1 1 0 161 159 162
399 2 3 1 1 0 208 206 209
400 2 3 1 1 0 274 166 278
401 2 3 1 1 0 157 155 158
402 2 3 1 1 0 172 257 282
403 2 3 1 1 0 195 274 278
404 2 3 1 1 0 188 197 280
405 2 3 1 1 0 162 272 277
406 2 3 1 1 0 179 185 189
407 2 3 1 1 0 183 188 280
408 2 3 1 1 0 169 171 172
409 2 3 1 1 0 185 193 279
410 2 3 1 1 0 163 162 278
411 2 3 1 1 0 196 195 277
412 2 3 1 1 0 174 173 271
413 2 3 1 1 0 201 200 262
414 2 3 1 1 0 211 210 212
415 2 3 1 1 0 176 179 271
416 2 3 1 1 0 179 189 271
417 2 3 1 1 0 179 184 185
418 2 3 1 1 0 18 39 149
419 2 3 1 1 0 171 174 276
420 2 3 1 1 0 182 183 192
421 2 3 1 1 0 189 185 190
422 2 3 1 1 0 214 212 269
423 2 3 1 1 0 200 190 231
424 2 3 1 1 0 140 50 235
425 2 3 1 1 0 207 206 208
426 2 3 1 1 0 208 210 211
427 2 3 1 1 0 161 164 285
428 2 3 1 1 0 230 201 262
429 2 3 1 1 0 172 171 276
430 2 3 1 1 0 197 233 234
431 2 3 1 1 0 192 183 280
432 2 3 1 1 0 25 1 284
433 2 3 1 1 0 227 214 269
434 2 3 1 1 0 212 210 224
435 2 3 1 1 0 33 32 138
436 2 3 1 1 0 207 208 281
437 2 3 1 1 0 53 52 142
438 2 3 1 1 0 212 224 269
439 2 3 1 1 0 208 211 281
440 2 3 1 1 0 35 34 143
441 2 3 1 1 0 231 190 279
442 2 3 1 1 0 208 209 210
443 2 3 1 1 0 60 59 139
444 2 3 1 1 0 26 25 144
445 2 3 1 1 0 169 172 282
446 2 3 1 1 0 165 168 286
447 2 3 1 1 0 168 169 282
448 2 3 1 1 0 197 234 280
449 2 3 1 1 0 190 185 279
450 2 3 1 1 0 138 32 237
451 2 3 1 1 0 139 238 241
452 2 3 1 1 0 158 155 287
453 2 3 1 1 0 139 59 238
454 2 3 1 1 0 160 161 285
455 2 3 1 1 0 164 165 286
456 2 3 1 1 0 35 143 243
457 2 3 1 1 0 26 144 247
458 2 3 1 1 0 192 280 283
459 2 3 1 1 0 53 142 251
460 2 3 1 1 0 280 234 283
461 2 3 1 1 0 266 158 287
462 2 3 1 1 0 144 25 284
463 2 3 1 1 0 133 249 288
464 2 3 1 1 0 251 232 303
465 2 3 1 1 0 263 140 323
466 2 3 1 1 0 148 260 324
467 2 3 1 1 0 233 149 325
468 2 3 1 1 0 231 279 296
469 2 3 1 1 0 249 250 288
470 2 3 1 1 0 254 226 322
471 2 3 1 1 0 290 193 291
472 2 3 1 1 0 193 194 291
473 2 3 1 1 0 279 193 290
474 2 3 1 1 0 269 224 289
475 2 3 1 1 0 144 284 312
476 2 3 1 1 0 226 288 322
477 2 3 1 1 0 246 293 299
478 2 3 1 1 0 134 283 326
479 2 3 1 1 0 250 156 298
480 2 3 1 1 0 57 56 294
481 2 3 1 1 0 269 289 292
482 2 3 1 1 0 289 136 292
483 2 3 1 1 0 182 192 295
484 2 3 1 1 0 237 147 290
485 2 3 1 1 0 237 290 291
486 2 3 1 1 0 138 237 291
487 2 3 1 1 0 227 269 292
488 2 3 1 1 0 206 205 297
489 2 3 1 1 0 160 254 298
490 2 3 1 1 0 156 157 298
491 2 3 1 1 0 265 186 299
492 2 3 1 1 0 56 136 294
493 2 3 1 1 0 266 287 301
494 2 3 1 1 0 210 209 302
495 2 3 1 1 0 138 291 293
496 2 3 1 1 0 291 194 293
497 2 3 1 1 0 136 289 294
498 2 3 1 1 0 244 245 295
499 2 3 1 1 0 186 182 295
500 2 3 1 1 0 198 229 304
501 2 3 1 1 0 242 241 297
502 2 3 1 1 0 216 232 306
503 2 3 1 1 0 220 217 306
504 2 3 1 1 0 279 290 296
505 2 3 1 1 0 200 231 307
506 2 3 1 1 0 16 51 308
507 2 3 1 1 0 304 141 316
508 2 3 1 1 0 8 45 314
509 2 3 1 1 0 40 18 316
510 2 3 1 1 0 154 156 314
511 2 3 1 1 0 148 12 313
512 2 3 1 1 0 43 4 310
513 2 3 1 1 0 146 8 314
514 2 3 1 1 0 1 60 311
515 2 3 1 1 0 12 48 313
516 2 3 1 1 0 13 33 315
517 2 3 1 1 0 18 149 316
518 2 3 1 1 0 4 150 310
519 2 3 1 1 0 145 23 317
520 2 3 1 1 0 5 152 318
521 2 3 1 1 0 28 5 318
522 2 3 1 1 0 55 24 319
523 2 3 1 1 0 24 153 319
524 2 3 1 1 0 23 57 317
525 2 3 1 1 0 287 137 310
526 2 3 1 1 0 139 242 311
527 2 3 1 1 0 261 13 315
528 2 3 1 1 0 284 1 311
529 2 3 1 1 0 297 241 330
530 2 3 1 1 0 147 9 320
531 2 3 1 1 0 9 30 320
532 2 3 1 1 0 17 151 321
533 2 3 1 1 0 37 17 321
534 2 3 1 1 0 227 292 303
535 2 3 1 1 0 153 251 303
536 2 3 1 1 0 150 236 301
537 2 3 1 1 0 263 220 305
538 2 3 1 1 0 209 297 330
539 2 3 1 1 0 290 147 296
540 2 3 1 1 0 209 206 297
541 2 3 1 1 0 293 194 299
542 2 3 1 1 0 292 136 319
543 2 3 1 1 0 138 293 315
544 2 3 1 1 0 295 192 331
545 2 3 1 1 0 157 160 298
546 2 3 1 1 0 144 268 328
547 2 3 1 1 0 262 152 327
548 2 3 1 1 0 194 265 299
549 2 3 1 1 0 151 244 300
550 2 3 1 1 0 295 245 329
551 2 3 1 1 0 186 295 329
552 2 3 1 1 0 229 266 301
553 2 3 1 1 0 307 135 318
554 2 3 1 1 0 224 210 302
555 2 3 1 1 0 244 295 331
556 2 3 1 1 0 226 260 309
557 2 3 1 1 0 252 253 305
558 2 3 1 1 0 232 227 303
559 2 3 1 1 0 288 226 309
560 2 3 1 1 0 233 198 304
561 2 3 1 1 0 228 323 324
562 2 3 1 1 0 323 235 324
563 2 3 1 1 0 217 216 306
564 2 3 1 1 0 133 309 313
565 2 3 1 1 0 262 200 307
566 2 3 1 1 0 57 294 317
567 2 3 1 1 0 299 186 329
568 2 3 1 1 0 51 140 308
569 2 3 1 1 0 133 288 309
570 2 3 1 1 0 302 209 330
571 2 3 1 1 0 134 37 321
572 2 3 1 1 0 30 248 320
573 2 3 1 1 0 48 133 313
574 2 3 1 1 0 135 28 318
575 2 3 1 1 0 137 43 310
576 2 3 1 1 0 45 154 314
577 2 3 1 1 0 136 55 319
578 2 3 1 1 0 60 139 311
579 2 3 1 1 0 141 40 316
580 2 3 1 1 0 240 145 317
581 2 3 1 1 0 33 138 315
582 2 3 1 1 0 300 134 321
583 2 3 1 1 0 298 254 322
584 2 3 1 1 0 260 228 324
585 2 3 1 1 0 234 325 326
586 2 3 1 1 0 140 235 323
587 2 3 1 1 0 234 233 325
588 2 3 1 1 0 283 234 326
589 2 3 1 1 0 192 283 331
590 2 3 1 1 0 235 148 324
591 2 3 1 1 0 325 256 326
592 2 3 1 1 0 228 263 323
593 2 3 1 1 0 149 256 325
594 2 3 1 1 0 256 134 326
595 2 3 1 1 0 230 327 328
596 2 3 1 1 0 152 247 327
597 2 3 1 1 0 268 230 328
598 2 3 1 1 0 230 262 327
599 2 3 1 1 0 327 247 328
600 2 3 1 1 0 247 144 328
601 2 3 1 1 0 245 246 329
602 2 3 1 1 0 241 239 330
603 2 3 1 1 0 288 250 322
604 2 3 1 1 0 294 240 317
605 2 3 1 1 0 248 296 320
606 2 3 1 1 0 296 147 320
607 2 3 1 1 0 246 299 329
608 2 3 1 1 0 151 300 321
609 2 3 1 1 0 283 300 331
610 2 3 1 1 0 250 298 322
611 2 3 1 1 0 239 302 330
612 2 3 1 1 0 300 244 331
613 2 3 2 2 0 431 451 341
614 2 3 2 2 0 340 435 428
615 2 3 2 2 0 85 452 11
616 2 3 2 2 0 341 450 431
617 2 3 2 2 0 428 503 340
618 2 3 2 2 0 339 507 504
619 2 3 2 2 0 339 504 462
620 2 3 2 2 0 334 447 430
621 2 3 2 2 0 441 511 404
622 2 3 2 2 0 430 506 334
623 2 3 2 2 0 341 452 85
624 2 3 2 2 0 445 492 460
625 2 3 2 2 0 452 507 11
626 2 3 2 2 0 432 515 503
627 2 3 2 2 0 459 512 347
628 2 3 2 2 0 348 515 432
629 2 3 2 2 0 404 496 441
630 2 3 2 2 0 508 512 459
631 2 3 2 2 0 345 449 355
632 2 3 2 2 0 423 488 439
633 2 3 2 2 0 491 502 352
634 2 3 2 2 0 439 501 423
635 2 3 2 2 0 352 518 491
636 2 3 2 2 0 492 514 460
637 2 3 2 2 0 486 500 349
638 2 3 2 2 0 355 513 345
639 2 3 2 2 0 349 509 486
640 2 3 2 2 0 461 517 506
641 2 3 2 2 0 351 517 461
642 2 3 2 2 0 451 452 341
643 2 3 2 2 0 451 505 419
644 2 3 2 2 0 510 511 441
645 2 3 2 2 0 419 504 451
646 2 3 2 2 0 483 511 510
647 2 3 2 2 0 404 511 467
648 2 3 2 2 0 504 507 452
649 2 3 2 2 0 447 495 430
650 2 3 2 2 0 438 501 439
651 2 3 2 2 0 482 499 333
652 2 3 2 2 0 435 500 428
653 2 3 2 2 0 488 493 439
654 2 3 2 2 0 467 511 343
655 2 3 2 2 0 431 505 451
656 2 3 2 2 0 349 435 75
657 2 3 2 2 0 424 484 453
658 2 3 2 2 0 82 434 347
659 2 3 2 2 0 463 485 454
660 2 3 2 2 0 79 448 345
661 2 3 2 2 0 64 436 346
662 2 3 2 2 0 453 484 359
663 2 3 2 2 0 91 437 344
664 2 3 2 2 0 444 445 342
665 2 3 2 2 0 454 485 363
666 2 3 2 2 0 19 349 75
667 2 3 2 2 0 82 347 7
668 2 3 2 2 0 80 448 79
669 2 3 2 2 0 64 346 6
670 2 3 2 2 0 437 438 344
671 2 3 2 2 0 448 449 345
672 2 3 2 2 0 350 442 69
673 2 3 2 2 0 91 344 21
674 2 3 2 2 0 351 446 96
675 2 3 2 2 0 350 443 442
676 2 3 2 2 0 72 455 71
677 2 3 2 2 0 457 481 458
678 2 3 2 2 0 352 450 87
679 2 3 2 2 0 437 440 438
680 2 3 2 2 0 81 332 80
681 2 3 2 2 0 14 350 69
682 2 3 2 2 0 353 354 336
683 2 3 2 2 0 2 351 96
684 2 3 2 2 0 458 481 367
685 2 3 2 2 0 348 455 72
686 2 3 2 2 0 15 352 87
687 2 3 2 2 0 77 353 336
688 2 3 2 2 0 67 460 10
689 2 3 2 2 0 442 444 342
690 2 3 2 2 0 75 435 74
691 2 3 2 2 0 63 447 62
692 2 3 2 2 0 83 434 82
693 2 3 2 2 0 454 484 424
694 2 3 2 2 0 65 436 64
695 2 3 2 2 0 92 437 91
696 2 3 2 2 0 458 485 463
697 2 3 2 2 0 332 448 80
698 2 3 2 2 0 69 442 68
699 2 3 2 2 0 96 446 95
700 2 3 2 2 0 71 333 70
701 2 3 2 2 0 62 334 61
702 2 3 2 2 0 87 450 86
703 2 3 2 2 0 363 484 454
704 2 3 2 2 0 475 480 406
705 2 3 2 2 0 443 444 442
706 2 3 2 2 0 456 480 371
707 2 3 2 2 0 78 353 77
708 2 3 2 2 0 414 457 417
709 2 3 2 2 0 457 458 417
710 2 3 2 2 0 74 340 73
711 2 3 2 2 0 62 447 334
712 2 3 2 2 0 89 335 88
713 2 3 2 2 0 371 480 475
714 2 3 2 2 0 470 474 388
715 2 3 2 2 0 472 474 373
716 2 3 2 2 0 412 457 414
717 2 3 2 2 0 74 435 340
718 2 3 2 2 0 342 460 67
719 2 3 2 2 0 456 481 457
720 2 3 2 2 0 353 355 354
721 2 3 2 2 0 367 485 458
722 2 3 2 2 0 373 474 470
723 2 3 2 2 0 414 416 415
724 2 3 2 2 0 438 439 344
725 2 3 2 2 0 456 457 412
726 2 3 2 2 0 458 463 417
727 2 3 2 2 0 373 475 472
728 2 3 2 2 0 390 401 400
729 2 3 2 2 0 410 456 412
730 2 3 2 2 0 472 475 406
731 2 3 2 2 0 422 459 427
732 2 3 2 2 0 71 455 333
733 2 3 2 2 0 414 415 413
734 2 3 2 2 0 414 417 416
735 2 3 2 2 0 417 418 416
736 2 3 2 2 0 412 414 413
737 2 3 2 2 0 422 427 420
738 2 3 2 2 0 418 419 416
739 2 3 2 2 0 427 462 420
740 2 3 2 2 0 392 393 383
741 2 3 2 2 0 377 464 379
742 2 3 2 2 0 379 464 385
743 2 3 2 2 0 388 474 390
744 2 3 2 2 0 401 402 400
745 2 3 2 2 0 410 480 456
746 2 3 2 2 0 390 400 399
747 2 3 2 2 0 420 462 419
748 2 3 2 2 0 418 420 419
749 2 3 2 2 0 415 431 426
750 2 3 2 2 0 357 471 465
751 2 3 2 2 0 383 464 377
752 2 3 2 2 0 421 422 420
753 2 3 2 2 0 397 428 398
754 2 3 2 2 0 424 425 422
755 2 3 2 2 0 465 471 398
756 2 3 2 2 0 79 345 3
757 2 3 2 2 0 425 459 422
758 2 3 2 2 0 401 403 402
759 2 3 2 2 0 421 424 422
760 2 3 2 2 0 410 412 411
761 2 3 2 2 0 412 413 411
762 2 3 2 2 0 428 465 398
763 2 3 2 2 0 424 453 425
764 2 3 2 2 0 382 386 380
765 2 3 2 2 0 403 404 402
766 2 3 2 2 0 397 398 395
767 2 3 2 2 0 382 387 386
768 2 3 2 2 0 393 464 383
769 2 3 2 2 0 421 463 454
770 2 3 2 2 0 396 397 395
771 2 3 2 2 0 404 467 402
772 2 3 2 2 0 418 421 420
773 2 3 2 2 0 360 363 362
774 2 3 2 2 0 387 395 394
775 2 3 2 2 0 386 466 380
776 2 3 2 2 0 387 394 386
777 2 3 2 2 0 368 369 366
778 2 3 2 2 0 417 463 418
779 2 3 2 2 0 384 392 383
780 2 3 2 2 0 364 366 365
781 2 3 2 2 0 379 385 381
782 2 3 2 2 0 380 466 376
783 2 3 2 2 0 370 372 369
784 2 3 2 2 0 421 454 424
785 2 3 2 2 0 388 390 389
786 2 3 2 2 0 418 463 421
787 2 3 2 2 0 368 370 369
788 2 3 2 2 0 387 396 395
789 2 3 2 2 0 469 473 365
790 2 3 2 2 0 359 360 358
791 2 3 2 2 0 363 364 362
792 2 3 2 2 0 364 365 362
793 2 3 2 2 0 356 359 358
794 2 3 2 2 0 375 377 376
795 2 3 2 2 0 376 466 374
796 2 3 2 2 0 403 405 404
797 2 3 2 2 0 396 432 397
798 2 3 2 2 0 372 375 374
799 2 3 2 2 0 361 477 476
800 2 3 2 2 0 369 469 366
801 2 3 2 2 0 379 380 376
802 2 3 2 2 0 377 379 376
803 2 3 2 2 0 381 382 380
804 2 3 2 2 0 402 429 400
805 2 3 2 2 0 394 473 386
806 2 3 2 2 0 398 476 395
807 2 3 2 2 0 366 469 365
808 2 3 2 2 0 372 374 369
809 2 3 2 2 0 402 467 429
810 2 3 2 2 0 367 368 366
811 2 3 2 2 0 466 473 469
812 2 3 2 2 0 403 406 405
813 2 3 2 2 0 471 476 398
814 2 3 2 2 0 466 469 374
815 2 3 2 2 0 354 486 336
816 2 3 2 2 0 370 373 372
817 2 3 2 2 0 415 426 413
818 2 3 2 2 0 374 469 369
819 2 3 2 2 0 77 336 76
820 2 3 2 2 0 364 367 366
821 2 3 2 2 0 378 383 377
822 2 3 2 2 0 375 376 374
823 2 3 2 2 0 379 381 380
824 2 3 2 2 0 358 471 357
825 2 3 2 2 0 355 356 354
826 2 3 2 2 0 401 472 403
827 2 3 2 2 0 372 470 375
828 2 3 2 2 0 360 362 361
829 2 3 2 2 0 84 339 83
830 2 3 2 2 0 445 460 342
831 2 3 2 2 0 375 378 377
832 2 3 2 2 0 476 477 394
833 2 3 2 2 0 390 474 401
834 2 3 2 2 0 365 477 362
835 2 3 2 2 0 338 441 440
836 2 3 2 2 0 356 358 357
837 2 3 2 2 0 403 472 406
838 2 3 2 2 0 386 473 466
839 2 3 2 2 0 361 471 358
840 2 3 2 2 0 390 399 389
841 2 3 2 2 0 401 474 472
842 2 3 2 2 0 360 361 358
843 2 3 2 2 0 407 408 405
844 2 3 2 2 0 473 477 365
845 2 3 2 2 0 356 357 354
846 2 3 2 2 0 371 481 456
847 2 3 2 2 0 394 477 473
848 2 3 2 2 0 387 479 396
849 2 3 2 2 0 361 476 471
850 2 3 2 2 0 378 388 384
851 2 3 2 2 0 382 479 387
852 2 3 2 2 0 368 371 370
853 2 3 2 2 0 384 478 392
854 2 3 2 2 0 362 477 361
855 2 3 2 2 0 395 476 394
856 2 3 2 2 0 373 470 372
857 2 3 2 2 0 400 461 399
858 2 3 2 2 0 410 411 409
859 2 3 2 2 0 375 470 378
860 2 3 2 2 0 378 470 388
861 2 3 2 2 0 378 384 383
862 2 3 2 2 0 20 348 72
863 2 3 2 2 0 370 475 373
864 2 3 2 2 0 381 391 382
865 2 3 2 2 0 388 389 384
866 2 3 2 2 0 413 468 411
867 2 3 2 2 0 399 430 389
868 2 3 2 2 0 339 434 83
869 2 3 2 2 0 406 407 405
870 2 3 2 2 0 407 410 409
871 2 3 2 2 0 360 484 363
872 2 3 2 2 0 429 461 400
873 2 3 2 2 0 371 475 370
874 2 3 2 2 0 396 433 432
875 2 3 2 2 0 391 479 382
876 2 3 2 2 0 94 483 22
877 2 3 2 2 0 426 468 413
878 2 3 2 2 0 411 423 409
879 2 3 2 2 0 66 337 65
880 2 3 2 2 0 406 480 407
881 2 3 2 2 0 86 341 85
882 2 3 2 2 0 411 468 423
883 2 3 2 2 0 407 480 410
884 2 3 2 2 0 68 342 67
885 2 3 2 2 0 430 478 389
886 2 3 2 2 0 407 409 408
887 2 3 2 2 0 93 338 92
888 2 3 2 2 0 95 343 94
889 2 3 2 2 0 368 481 371
890 2 3 2 2 0 364 485 367
891 2 3 2 2 0 367 481 368
892 2 3 2 2 0 396 479 433
893 2 3 2 2 0 389 478 384
894 2 3 2 2 0 337 436 65
895 2 3 2 2 0 338 440 437
896 2 3 2 2 0 357 486 354
897 2 3 2 2 0 338 437 92
898 2 3 2 2 0 359 484 360
899 2 3 2 2 0 363 485 364
900 2 3 2 2 0 68 442 342
901 2 3 2 2 0 95 446 343
902 2 3 2 2 0 391 482 479
903 2 3 2 2 0 86 450 341
904 2 3 2 2 0 479 482 433
905 2 3 2 2 0 465 486 357
906 2 3 2 2 0 343 483 94
907 2 3 2 2 0 332 487 448
908 2 3 2 2 0 450 502 431
909 2 3 2 2 0 462 522 339
910 2 3 2 2 0 347 523 459
911 2 3 2 2 0 432 524 348
912 2 3 2 2 0 430 495 478
913 2 3 2 2 0 448 487 449
914 2 3 2 2 0 453 521 425
915 2 3 2 2 0 489 490 392
916 2 3 2 2 0 392 490 393
917 2 3 2 2 0 478 489 392
918 2 3 2 2 0 468 488 423
919 2 3 2 2 0 343 511 483
920 2 3 2 2 0 425 521 487
921 2 3 2 2 0 445 498 492
922 2 3 2 2 0 333 525 482
923 2 3 2 2 0 449 497 355
924 2 3 2 2 0 90 493 89
925 2 3 2 2 0 468 491 488
926 2 3 2 2 0 488 491 335
927 2 3 2 2 0 381 494 391
928 2 3 2 2 0 436 489 346
929 2 3 2 2 0 436 490 489
930 2 3 2 2 0 337 490 436
931 2 3 2 2 0 426 491 468
932 2 3 2 2 0 405 496 404
933 2 3 2 2 0 359 497 453
934 2 3 2 2 0 355 497 356
935 2 3 2 2 0 464 498 385
936 2 3 2 2 0 89 493 335
937 2 3 2 2 0 465 500 486
938 2 3 2 2 0 409 501 408
939 2 3 2 2 0 337 492 490
940 2 3 2 2 0 490 492 393
941 2 3 2 2 0 335 493 488
942 2 3 2 2 0 443 494 444
943 2 3 2 2 0 385 494 381
944 2 3 2 2 0 397 503 428
945 2 3 2 2 0 441 496 440
946 2 3 2 2 0 415 505 431
947 2 3 2 2 0 419 505 416
948 2 3 2 2 0 478 495 489
949 2 3 2 2 0 399 506 430
950 2 3 2 2 0 11 507 84
951 2 3 2 2 0 503 515 340
952 2 3 2 2 0 3 513 78
953 2 3 2 2 0 73 515 20
954 2 3 2 2 0 353 513 355
955 2 3 2 2 0 347 512 7
956 2 3 2 2 0 76 509 19
957 2 3 2 2 0 345 513 3
958 2 3 2 2 0 22 510 93
959 2 3 2 2 0 7 512 81
960 2 3 2 2 0 10 514 66
961 2 3 2 2 0 20 515 348
962 2 3 2 2 0 19 509 349
963 2 3 2 2 0 344 516 21
964 2 3 2 2 0 2 517 351
965 2 3 2 2 0 61 517 2
966 2 3 2 2 0 88 518 15
967 2 3 2 2 0 15 518 352
968 2 3 2 2 0 21 516 90
969 2 3 2 2 0 486 509 336
970 2 3 2 2 0 338 510 441
971 2 3 2 2 0 460 514 10
972 2 3 2 2 0 483 510 22
973 2 3 2 2 0 496 529 440
974 2 3 2 2 0 346 519 6
975 2 3 2 2 0 6 519 63
976 2 3 2 2 0 14 520 350
977 2 3 2 2 0 70 520 14
978 2 3 2 2 0 426 502 491
979 2 3 2 2 0 352 502 450
980 2 3 2 2 0 349 500 435
981 2 3 2 2 0 462 504 419
982 2 3 2 2 0 408 529 496
983 2 3 2 2 0 489 495 346
984 2 3 2 2 0 408 496 405
985 2 3 2 2 0 492 498 393
986 2 3 2 2 0 491 518 335
987 2 3 2 2 0 337 514 492
988 2 3 2 2 0 494 530 391
989 2 3 2 2 0 356 497 359
990 2 3 2 2 0 343 527 467
991 2 3 2 2 0 461 526 351
992 2 3 2 2 0 393 498 464
993 2 3 2 2 0 350 499 443
994 2 3 2 2 0 494 528 444
995 2 3 2 2 0 385 528 494
996 2 3 2 2 0 428 500 465
997 2 3 2 2 0 506 517 334
998 2 3 2 2 0 423 501 409
999 2 3 2 2 0 443 530 494
1000 2 3 2 2 0 425 508 459
1001 2 3 2 2 0 451 504 452
1002 2 3 2 2 0 431 502 426
1003 2 3 2 2 0 487 508 425
1004 2 3 2 2 0 432 503 397
1005 2 3 2 2 0 427 523 522
1006 2 3 2 2 0 522 523 434
1007 2 3 2 2 0 416 505 415
1008 2 3 2 2 0 332 512 508
1009 2 3 2 2 0 461 506 399
1010 2 3 2 2 0 90 516 493
1011 2 3 2 2 0 498 528 385
1012 2 3 2 2 0 84 507 339
1013 2 3 2 2 0 332 508 487
1014 2 3 2 2 0 501 529 408
1015 2 3 2 2 0 333 520 70
1016 2 3 2 2 0 63 519 447
1017 2 3 2 2 0 81 512 332
1018 2 3 2 2 0 334 517 61
1019 2 3 2 2 0 336 509 76
1020 2 3 2 2 0 78 513 353
1021 2 3 2 2 0 335 518 88
1022 2 3 2 2 0 93 510 338
1023 2 3 2 2 0 340 515 73
1024 2 3 2 2 0 439 516 344
1025 2 3 2 2 0 66 514 337
1026 2 3 2 2 0 499 520 333
1027 2 3 2 2 0 497 521 453
1028 2 3 2 2 0 459 523 427
1029 2 3 2 2 0 433 525 524
1030 2 3 2 2 0 339 522 434
1031 2 3 2 2 0 433 524 432
1032 2 3 2 2 0 482 525 433
1033 2 3 2 2 0 391 530 482
1034 2 3 2 2 0 434 523 347
1035 2 3 2 2 0 524 525 455
1036 2 3 2 2 0 427 522 462
1037 2 3 2 2 0 348 524 455
1038 2 3 2 2 0 455 525 333
1039 2 3 2 2 0 429 527 526
1040 2 3 2 2 0 351 526 446
1041 2 3 2 2 0 467 527 429
1042 2 3 2 2 0 429 526 461
1043 2 3 2 2 0 526 527 446
1044 2 3 2 2 0 446 527 343
1045 2 3 2 2 0 444 528 445
1046 2 3 2 2 0 440 529 438
1047 2 3 2 2 0 487 521 449
1048 2 3 2 2 0 493 516 439
1049 2 3 2 2 0 447 519 495
1050 2 3 2 2 0 495 519 346
1051 2 3 2 2 0 445 528 498
1052 2 3 2 2 0 350 520 499
1053 2 3 2 2 0 482 530 499
1054 2 3 2 2 0 449 521 497
1055 2 3 2 2 0 438 529 501
1056 2 3 2 2 0 499 530 443
1057 2 3 3 3 0 77 76 536
1058 2 3 3 3 0 536 76 541
1059 2 3 3 3 0 535 537 545
1060 2 3 3 3 0 535 534 537
1061 2 3 3 3 0 537 533 545
1062 2 3 3 3 0 101 100 534
1063 2 3 3 3 0 41 42 533
1064 2 3 3 3 0 102 101 532
1065 2 3 3 3 0 532 535 536
1066 2 3 3 3 0 98 97 531
1067 2 3 3 3 0 532 534 535
1068 2 3 3 3 0 532 101 534
1069 2 3 3 3 0 538 531 545
1070 2 3 3 3 0 531 540 545
1071 2 3 3 3 0 99 98 538
1072 2 3 3 3 0 40 41 537
1073 2 3 3 3 0 41 533 537
1074 2 3 3 3 0 98 531 538
1075 2 3 3 3 0 18 40 542
1076 2 3 3 3 0 19 102 541
1077 2 3 3 3 0 100 18 542
1078 2 3 3 3 0 42 4 543
1079 2 3 3 3 0 4 99 543
1080 2 3 3 3 0 76 19 541
1081 2 3 3 3 0 532 536 541
1082 2 3 3 3 0 97 3 544
1083 2 3 3 3 0 3 78 544
1084 2 3 3 3 0 77 536 539
1085 2 3 3 3 0 531 539 540
1086 2 3 3 3 0 539 531 544
1087 2 3 3 3 0 78 77 539
1088 2 3 3 3 0 40 537 542
1089 2 3 3 3 0 99 538 543
1090 2 3 3 3 0 536 535 540
1091 2 3 3 3 0 531 97 544
1092 2 3 3 3 0 534 100 542
1093 2 3 3 3 0 533 42 543
1094 2 3 3 3 0 102 532 541
1095 2 3 3 3 0 537 534 542
1096 2 3 3 3 0 538 533 543
1097 2 3 3 3 0 533 538 545
1098 2 3 3 3 0 539 536 540
1099 2 3 3 3 0 540 535 545
1100 2 3 3 3 0 78 539 544
1101 2 3 4 4 0 104 551 105
1102 2 3 4 4 0 551 556 105
1103 2 3 4 4 0 550 560 552
1104 2 3 4 4 0 550 552 549
1105 2 3 4 4 0 552 560 548
1106 2 3 4 4 0 59 549 58
1107 2 3 4 4 0 107 548 108
1108 2 3 4 4 0 60 547 59
1109 2 3 4 4 0 547 551 550
1110 2 3 4 4 0 95 546 96
1111 2 3 4 4 0 547 550 549
1112 2 3 4 4 0 547 549 59
1113 2 3 4 4 0 553 560 546
1114 2 3 4 4 0 546 560 555
1115 2 3 4 4 0 94 553 95
1116 2 3 4 4 0 106 552 107
1117 2 3 4 4 0 107 552 548
1118 2 3 4 4 0 95 553 546
1119 2 3 4 4 0 23 557 106
1120 2 3 4 4 0 1 556 60
1121 2 3 4 4 0 58 557 23
1122 2 3 4 4 0 108 558 22
1123 2 3 4 4 0 22 558 94
1124 2 3 4 4 0 105 556 1
1125 2 3 4 4 0 547 556 551
1126 2 3 4 4 0 96 559 2
1127 2 3 4 4 0 2 559 103
1128 2 3 4 4 0 104 554 551
1129 2 3 4 4 0 546 555 554
1130 2 3 4 4 0 554 559 546
1131 2 3 4 4 0 103 554 104
1132 2 3 4 4 0 106 557 552
1133 2 3 4 4 0 94 558 553
1134 2 3 4 4 0 551 555 550
1135 2 3 4 4 0 546 559 96
1136 2 3 4 4 0 549 557 58
1137 2 3 4 4 0 548 558 108
1138 2 3 4 4 0 60 556 547
1139 2 3 4 4 0 552 557 549
1140 2 3 4 4 0 553 558 548
1141 2 3 4 4 0 548 560 553
1142 2 3 4 4 0 554 555 551
1143 2 3 4 4 0 555 560 550
1144 2 3 4 4 0 103 559 554
1145 2 3 5 5 0 563 565 567
1146 2 3 5 5 0 565 563 566
1147 2 3 5 5 0 561 565 566
1148 2 3 5 5 0 565 564 568
1149 2 3 5 5 0 567 110 569
1150 2 3 5 5 0 565 568 574
1151 2 3 5 5 0 110 567 570
1152 2 3 5 5 0 104 105 564
1153 2 3 5 5 0 103 104 561
1154 2 3 5 5 0 63 62 563
1155 2 3 5 5 0 26 27 562
1156 2 3 5 5 0 561 104 564
1157 2 3 5 5 0 561 564 565
1158 2 3 5 5 0 110 109 569
1159 2 3 5 5 0 562 570 574
1160 2 3 5 5 0 62 61 566
1161 2 3 5 5 0 25 26 568
1162 2 3 5 5 0 563 62 566
1163 2 3 5 5 0 26 562 568
1164 2 3 5 5 0 567 565 574
1165 2 3 5 5 0 563 567 569
1166 2 3 5 5 0 2 103 571
1167 2 3 5 5 0 1 25 572
1168 2 3 5 5 0 105 1 572
1169 2 3 5 5 0 61 2 571
1170 2 3 5 5 0 27 5 573
1171 2 3 5 5 0 5 111 573
1172 2 3 5 5 0 568 562 574
1173 2 3 5 5 0 570 562 573
1174 2 3 5 5 0 63 563 575
1175 2 3 5 5 0 570 567 574
1176 2 3 5 5 0 566 61 571
1177 2 3 5 5 0 25 568 572
1178 2 3 5 5 0 111 110 570
1179 2 3 5 5 0 562 27 573
1180 2 3 5 5 0 564 105 572
1181 2 3 5 5 0 103 561 571
1182 2 3 5 5 0 563 569 575
1183 2 3 5 5 0 6 63 575
1184 2 3 5 5 0 109 6 575
1185 2 3 5 5 0 561 566 571
1186 2 3 5 5 0 568 564 572
1187 2 3 5 5 0 111 570 573
1188 2 3 5 5 0 569 109 575
1189 2 3 6 6 0 578 582 580
1190 2 3 6 6 0 580 581 578
1191 2 3 6 6 0 576 581 580
1192 2 3 6 6 0 580 583 579
1193 2 3 6 6 0 582 584 80
1194 2 3 6 6 0 580 589 583
1195 2 3 6 6 0 80 585 582
1196 2 3 6 6 0 44 579 43
1197 2 3 6 6 0 45 576 44
1198 2 3 6 6 0 112 578 113
1199 2 3 6 6 0 98 577 97
1200 2 3 6 6 0 576 579 44
1201 2 3 6 6 0 576 580 579
1202 2 3 6 6 0 80 584 81
1203 2 3 6 6 0 577 589 585
1204 2 3 6 6 0 113 581 114
1205 2 3 6 6 0 99 583 98
1206 2 3 6 6 0 578 581 113
1207 2 3 6 6 0 98 583 577
1208 2 3 6 6 0 582 589 580
1209 2 3 6 6 0 578 584 582
1210 2 3 6 6 0 8 586 45
1211 2 3 6 6 0 4 587 99
1212 2 3 6 6 0 43 587 4
1213 2 3 6 6 0 114 586 8
1214 2 3 6 6 0 97 588 3
1215 2 3 6 6 0 3 588 79
1216 2 3 6 6 0 583 589 577
1217 2 3 6 6 0 585 588 577
1218 2 3 6 6 0 112 590 578
1219 2 3 6 6 0 585 589 582
1220 2 3 6 6 0 581 586 114
1221 2 3 6 6 0 99 587 583
1222 2 3 6 6 0 79 585 80
1223 2 3 6 6 0 577 588 97
1224 2 3 6 6 0 579 587 43
1225 2 3 6 6 0 45 586 576
1226 2 3 6 6 0 578 590 584
1227 2 3 6 6 0 7 590 112
1228 2 3 6 6 0 81 590 7
1229 2 3 6 6 0 576 586 581
1230 2 3 6 6 0 583 587 579
1231 2 3 6 6 0 79 588 585
1232 2 3 6 6 0 584 590 81
1233 2 3 7 7 0 592 595 597
1234 2 3 7 7 0 595 592 596
1235 2 3 7 7 0 591 595 596
1236 2 3 7 7 0 595 594 598
1237 2 3 7 7 0 597 29 599
1238 2 3 7 7 0 595 598 604
1239 2 3 7 7 0 29 597 600
1240 2 3 7 7 0 65 64 594
1241 2 3 7 7 0 115 116 592
1242 2 3 7 7 0 110 111 593
1243 2 3 7 7 0 591 65 594
1244 2 3 7 7 0 66 65 591
1245 2 3 7 7 0 591 594 595
1246 2 3 7 7 0 29 30 599
1247 2 3 7 7 0 593 600 604
1248 2 3 7 7 0 109 110 598
1249 2 3 7 7 0 116 117 596
1250 2 3 7 7 0 592 116 596
1251 2 3 7 7 0 110 593 598
1252 2 3 7 7 0 597 595 604
1253 2 3 7 7 0 592 597 599
1254 2 3 7 7 0 6 109 602
1255 2 3 7 7 0 64 6 602
1256 2 3 7 7 0 10 66 601
1257 2 3 7 7 0 117 10 601
1258 2 3 7 7 0 111 5 603
1259 2 3 7 7 0 5 28 603
1260 2 3 7 7 0 598 593 604
1261 2 3 7 7 0 600 593 603
1262 2 3 7 7 0 115 592 605
1263 2 3 7 7 0 600 597 604
1264 2 3 7 7 0 109 598 602
1265 2 3 7 7 0 596 117 601
1266 2 3 7 7 0 28 29 600
1267 2 3 7 7 0 593 111 603
1268 2 3 7 7 0 594 64 602
1269 2 3 7 7 0 66 591 601
1270 2 3 7 7 0 592 599 605
1271 2 3 7 7 0 30 9 605
1272 2 3 7 7 0 9 115 605
1273 2 3 7 7 0 591 596 601
1274 2 3 7 7 0 598 594 602
1275 2 3 7 7 0 28 600 603
1276 2 3 7 7 0 599 30 605
1277 2 3 8 8 0 607 612 610
1278 2 3 8 8 0 610 611 607
1279 2 3 8 8 0 606 611 610
1280 2 3 8 8 0 610 613 609
1281 2 3 8 8 0 612 614 113
1282 2 3 8 8 0 610 619 613
1283 2 3 8 8 0 113 615 612
1284 2 3 8 8 0 119 609 120
1285 2 3 8 8 0 82 607 83
1286 2 3 8 8 0 47 608 46
1287 2 3 8 8 0 606 609 119
1288 2 3 8 8 0 118 606 119
1289 2 3 8 8 0 606 610 609
1290 2 3 8 8 0 113 614 112
1291 2 3 8 8 0 608 619 615
1292 2 3 8 8 0 48 613 47
1293 2 3 8 8 0 83 611 84
1294 2 3 8 8 0 607 611 83
1295 2 3 8 8 0 47 613 608
1296 2 3 8 8 0 612 619 610
1297 2 3 8 8 0 607 614 612
1298 2 3 8 8 0 12 617 48
1299 2 3 8 8 0 120 617 12
1300 2 3 8 8 0 11 616 118
1301 2 3 8 8 0 84 616 11
1302 2 3 8 8 0 46 618 8
1303 2 3 8 8 0 8 618 114
1304 2 3 8 8 0 613 619 608
1305 2 3 8 8 0 615 618 608
1306 2 3 8 8 0 82 620 607
1307 2 3 8 8 0 615 619 612
1308 2 3 8 8 0 48 617 613
1309 2 3 8 8 0 611 616 84
1310 2 3 8 8 0 114 615 113
1311 2 3 8 8 0 608 618 46
1312 2 3 8 8 0 609 617 120
1313 2 3 8 8 0 118 616 606
1314 2 3 8 8 0 607 620 614
1315 2 3 8 8 0 112 620 7
1316 2 3 8 8 0 7 620 82
1317 2 3 8 8 0 606 616 611
1318 2 3 8 8 0 613 617 609
1319 2 3 8 8 0 114 618 615
1320 2 3 8 8 0 614 620 112
1321 2 3 9 9 0 626 622 629
1322 2 3 9 9 0 626 621 628
1323 2 3 9 9 0 622 626 630
1324 2 3 9 9 0 626 628 630
1325 2 3 9 9 0 624 626 629
1326 2 3 9 9 0 625 621 626
1327 2 3 9 9 0 628 623 630
1328 2 3 9 9 0 69 68 623
1329 2 3 9 9 0 31 32 624
1330 2 3 9 9 0 117 116 622
1331 2 3 9 9 0 121 122 621
1332 2 3 9 9 0 627 622 630
1333 2 3 9 9 0 32 33 625
1334 2 3 9 9 0 122 123 628
1335 2 3 9 9 0 116 115 629
1336 2 3 9 9 0 68 67 627
1337 2 3 9 9 0 624 625 626
1338 2 3 9 9 0 623 68 627
1339 2 3 9 9 0 624 32 625
1340 2 3 9 9 0 622 116 629
1341 2 3 9 9 0 621 122 628
1342 2 3 9 9 0 13 121 632
1343 2 3 9 9 0 10 117 631
1344 2 3 9 9 0 9 31 633
1345 2 3 9 9 0 14 69 634
1346 2 3 9 9 0 123 14 634
1347 2 3 9 9 0 115 9 633
1348 2 3 9 9 0 67 10 631
1349 2 3 9 9 0 33 13 632
1350 2 3 9 9 0 625 33 632
1351 2 3 9 9 0 627 67 631
1352 2 3 9 9 0 629 115 633
1353 2 3 9 9 0 628 123 634
1354 2 3 9 9 0 69 623 634
1355 2 3 9 9 0 31 624 633
1356 2 3 9 9 0 117 622 631
1357 2 3 9 9 0 121 621 632
1358 2 3 9 9 0 621 625 632
1359 2 3 9 9 0 622 627 631
1360 2 3 9 9 0 624 629 633
1361 2 3 9 9 0 623 628 634
1362 2 3 9 9 0 623 627 630
1363 2 3 10 10 0 640 643 636
1364 2 3 10 10 0 640 642 635
1365 2 3 10 10 0 636 644 640
1366 2 3 10 10 0 640 644 642
1367 2 3 10 10 0 638 643 640
1368 2 3 10 10 0 639 640 635
1369 2 3 10 10 0 642 644 637
1370 2 3 10 10 0 124 637 125
1371 2 3 10 10 0 120 638 119
1372 2 3 10 10 0 51 636 50
1373 2 3 10 10 0 85 635 86
1374 2 3 10 10 0 641 644 636
1375 2 3 10 10 0 119 639 118
1376 2 3 10 10 0 86 642 87
1377 2 3 10 10 0 50 643 49
1378 2 3 10 10 0 125 641 126
1379 2 3 10 10 0 638 640 639
1380 2 3 10 10 0 637 641 125
1381 2 3 10 10 0 638 639 119
1382 2 3 10 10 0 636 643 50
1383 2 3 10 10 0 635 642 86
1384 2 3 10 10 0 11 646 85
1385 2 3 10 10 0 16 645 51
1386 2 3 10 10 0 12 647 120
1387 2 3 10 10 0 15 648 124
1388 2 3 10 10 0 87 648 15
1389 2 3 10 10 0 49 647 12
1390 2 3 10 10 0 126 645 16
1391 2 3 10 10 0 118 646 11
1392 2 3 10 10 0 639 646 118
1393 2 3 10 10 0 641 645 126
1394 2 3 10 10 0 643 647 49
1395 2 3 10 10 0 642 648 87
1396 2 3 10 10 0 124 648 637
1397 2 3 10 10 0 120 647 638
1398 2 3 10 10 0 51 645 636
1399 2 3 10 10 0 85 646 635
1400 2 3 10 10 0 635 646 639
1401 2 3 10 10 0 636 645 641
1402 2 3 10 10 0 638 647 643
1403 2 3 10 10 0 637 648 642
1404 2 3 10 10 0 637 644 641
1405 2 3 11 11 0 653 650 655
1406 2 3 11 11 0 650 653 654
1407 2 3 11 11 0 653 649 654
1408 2 3 11 11 0 652 653 656
1409 2 3 11 11 0 128 655 657
1410 2 3 11 11 0 656 653 662
1411 2 3 11 11 0 655 128 658
1412 2 3 11 11 0 123 122 652
1413 2 3 11 11 0 122 649 652
1414 2 3 11 11 0 652 649 653
1415 2 3 11 11 0 122 121 649
1416 2 3 11 11 0 72 71 651
1417 2 3 11 11 0 35 36 650
1418 2 3 11 11 0 127 128 657
1419 2 3 11 11 0 658 651 662
1420 2 3 11 11 0 34 35 654
1421 2 3 11 11 0 71 70 656
1422 2 3 11 11 0 35 650 654
1423 2 3 11 11 0 651 71 656
1424 2 3 11 11 0 653 655 662
1425 2 3 11 11 0 655 650 657
1426 2 3 11 11 0 121 13 659
1427 2 3 11 11 0 13 34 659
1428 2 3 11 11 0 70 14 660
1429 2 3 11 11 0 14 123 660
1430 2 3 11 11 0 20 72 661
1431 2 3 11 11 0 129 20 661
1432 2 3 11 11 0 651 656 662
1433 2 3 11 11 0 651 658 661
1434 2 3 11 11 0 650 36 663
1435 2 3 11 11 0 655 658 662
1436 2 3 11 11 0 34 654 659
1437 2 3 11 11 0 656 70 660
1438 2 3 11 11 0 128 129 658
1439 2 3 11 11 0 72 651 661
1440 2 3 11 11 0 123 652 660
1441 2 3 11 11 0 649 121 659
1442 2 3 11 11 0 657 650 663
1443 2 3 11 11 0 36 17 663
1444 2 3 11 11 0 17 127 663
1445 2 3 11 11 0 654 649 659
1446 2 3 11 11 0 652 656 660
1447 2 3 11 11 0 658 129 661
1448 2 3 11 11 0 127 657 663
1449 2 3 12 12 0 668 670 665
1450 2 3 12 12 0 665 669 668
1451 2 3 12 12 0 668 669 664
1452 2 3 12 12 0 667 671 668
1453 2 3 12 12 0 89 672 670
1454 2 3 12 12 0 671 677 668
1455 2 3 12 12 0 670 673 89
1456 2 3 12 12 0 54 667 53
1457 2 3 12 12 0 53 667 664
1458 2 3 12 12 0 667 668 664
1459 2 3 12 12 0 53 664 52
1460 2 3 12 12 0 130 666 131
1461 2 3 12 12 0 125 665 124
1462 2 3 12 12 0 88 672 89
1463 2 3 12 12 0 673 677 666
1464 2 3 12 12 0 126 669 125
1465 2 3 12 12 0 131 671 132
1466 2 3 12 12 0 125 669 665
1467 2 3 12 12 0 666 671 131
1468 2 3 12 12 0 668 677 670
1469 2 3 12 12 0 670 672 665
1470 2 3 12 12 0 52 674 16
1471 2 3 12 12 0 16 674 126
1472 2 3 12 12 0 132 675 24
1473 2 3 12 12 0 24 675 54
1474 2 3 12 12 0 21 676 130
1475 2 3 12 12 0 90 676 21
1476 2 3 12 12 0 666 677 671
1477 2 3 12 12 0 666 676 673
1478 2 3 12 12 0 665 678 124
1479 2 3 12 12 0 670 677 673
1480 2 3 12 12 0 126 674 669
1481 2 3 12 12 0 671 675 132
1482 2 3 12 12 0 89 673 90
1483 2 3 12 12 0 130 676 666
1484 2 3 12 12 0 54 675 667
1485 2 3 12 12 0 664 674 52
1486 2 3 12 12 0 672 678 665
1487 2 3 12 12 0 124 678 15
1488 2 3 12 12 0 15 678 88
1489 2 3 12 12 0 669 674 664
1490 2 3 12 12 0 667 675 671
1491 2 3 12 12 0 673 676 90
1492 2 3 12 12 0 88 678 672
1493 2 3 13 13 0 681 684 686
1494 2 3 13 13 0 679 684 685
1495 2 3 13 13 0 684 681 688
1496 2 3 13 13 0 685 684 688
1497 2 3 13 13 0 684 680 686
1498 2 3 13 13 0 679 683 684
1499 2 3 13 13 0 682 685 688
1500 2 3 13 13 0 74 73 680
1501 2 3 13 13 0 38 39 682
1502 2 3 13 13 0 128 127 681
1503 2 3 13 13 0 101 102 679
1504 2 3 13 13 0 681 687 688
1505 2 3 13 13 0 100 101 685
1506 2 3 13 13 0 75 74 683
1507 2 3 13 13 0 129 128 686
1508 2 3 13 13 0 37 38 687
1509 2 3 13 13 0 683 680 684
1510 2 3 13 13 0 74 680 683
1511 2 3 13 13 0 101 679 685
1512 2 3 13 13 0 128 681 686
1513 2 3 13 13 0 38 682 687
1514 2 3 13 13 0 19 75 689
1515 2 3 13 13 0 102 19 689
1516 2 3 13 13 0 39 18 691
1517 2 3 13 13 0 18 100 691
1518 2 3 13 13 0 73 20 690
1519 2 3 13 13 0 20 129 690
1520 2 3 13 13 0 127 17 692
1521 2 3 13 13 0 17 37 692
1522 2 3 13 13 0 129 686 690
1523 2 3 13 13 0 37 687 692
1524 2 3 13 13 0 75 683 689
1525 2 3 13 13 0 100 685 691
1526 2 3 13 13 0 682 39 691
1527 2 3 13 13 0 679 102 689
1528 2 3 13 13 0 681 127 692
1529 2 3 13 13 0 680 73 690
1530 2 3 13 13 0 683 679 689
1531 2 3 13 13 0 686 680 690
1532 2 3 13 13 0 685 682 691
1533 2 3 13 13 0 687 681 692
1534 2 3 13 13 0 687 682 688
1535 2 3 14 14 0 695 700 698
1536 2 3 14 14 0 693 699 698
1537 2 3 14 14 0 698 702 695
1538 2 3 14 14 0 699 702 698
1539 2 3 14 14 0 698 700 694
1540 2 3 14 14 0 693 698 697
1541 2 3 14 14 0 696 702 699
1542 2 3 14 14 0 107 694 106
1543 2 3 14 14 0 131 696 130
1544 2 3 14 14 0 56 695 55
1545 2 3 14 14 0 92 693 93
1546 2 3 14 14 0 695 702 701
1547 2 3 14 14 0 91 699 92
1548 2 3 14 14 0 108 697 107
1549 2 3 14 14 0 57 700 56
1550 2 3 14 14 0 132 701 131
1551 2 3 14 14 0 697 698 694
1552 2 3 14 14 0 107 697 694
1553 2 3 14 14 0 92 699 693
1554 2 3 14 14 0 56 700 695
1555 2 3 14 14 0 131 701 696
1556 2 3 14 14 0 22 703 108
1557 2 3 14 14 0 93 703 22
1558 2 3 14 14 0 130 705 21
1559 2 3 14 14 0 21 705 91
1560 2 3 14 14 0 106 704 23
1561 2 3 14 14 0 23 704 57
1562 2 3 14 14 0 55 706 24
1563 2 3 14 14 0 24 706 132
1564 2 3 14 14 0 57 704 700
1565 2 3 14 14 0 132 706 701
1566 2 3 14 14 0 108 703 697
1567 2 3 14 14 0 91 705 699
1568 2 3 14 14 0 696 705 130
1569 2 3 14 14 0 693 703 93
1570 2 3 14 14 0 695 706 55
1571 2 3 14 14 0 694 704 106
1572 2 3 14 14 0 697 703 693
1573 2 3 14 14 0 700 704 694
1574 2 3 14 14 0 699 705 696
1575 2 3 14 14 0 701 706 695
1576 2 3 14 14 0 701 702 696
1577 4 3 1 1 0 766 260 729 764
1578 4 3 1 1 0 984 792 936 670
1579 4 3 1 1 0 792 668 670 665
1580 4 3 1 1 0 760 943 249 868
1581 4 3 1 1 0 932 311 931 743
1582 4 3 1 1 0 853 850 195 855
1583 4 3 1 1 0 118 767 639 904
1584 4 3 1 1 0 727 900 726 545
1585 4 3 1 1 0 834 825 849 836
1586 4 3 1 1 0 937 595 594 871
1587 4 3 1 1 0 591 891 735 937
1588 4 3 1 1 0 215 218 783 258
1589 4 3 1 1 0 88 335 984 793
1590 4 3 1 1 0 795 467 511 343
1591 4 3 1 1 0 276 809 172 281
1592 4 3 1 1 0 123 892 652 816
1593 4 3 1 1 0 914 829 828 826
1594 4 3 1 1 0 986 977 568 26
1595 4 3 1 1 0 237 138 919 32
1596 4 3 1 1 0 937 901 871 594
1597 4 3 1 1 0 67 460 920 10
1598 4 3 1 1 0 854 477 476 856
1599 4 3 1 1 0 338 921 93 92
1600 4 3 1 1 0 854 856 858 477
1601 4 3 1 1 0 854 476 477 394
1602 4 3 1 1 0 758 876 755 486
1603 4 3 1 1 0 508 897 885 487
1604 4 3 1 1 0 825 848 849 836
1605 4 3 1 1 0 885 580 589 785
1606 4 3 1 1 0 679 102 101 907
1607 4 3 1 1 0 353 78 77 922
1608 4 3 1 1 0 959 138 33 32
1609 4 3 1 1 0 727 724 900 758
1610 4 3 1 1 0 841 883 872 384
1611 4 3 1 1 0 856 361 858 477
1612 4 3 1 1 0 416 845 415 505
1613 4 3 1 1 0 793 644 641 637
1614 4 3 1 1 0 926 542 40 537
1615 4 3 1 1 0 793 840 794 426
1616 4 3 1 1 0 817 894 750 899
1617 4 3 1 1 0 968 112 771 878
1618 4 3 1 1 0 891 66 937 591
1619 4 3 1 1 0 876 908 869 755
1620 4 3 1 1 0 380 379 847 381
1621 4 3 1 1 0 893 895 525 894
1622 4 3 1 1 0 379 835 847 464
1623 4 3 1 1 0 591 66 937 65
1624 4 3 1 1 0 837 375 376 374
1625 4 3 1 1 0 857 386 473 466
1626 4 3 1 1 0 862 832 848 849
1627 4 3 1 1 0 380 917 849 386
1628 4 3 1 1 0 474 388 390 883
1629 4 3 1 1 0 787 740 737 731
1630 4 3 1 1 0 986 977 737 568
1631 4 3 1 1 0 572 986 932 743
1632 4 3 1 1 0 749 834 849 836
1633 4 3 1 1 0 25 986 568 26
1634 4 3 1 1 0 829 914 828 839
1635 4 3 1 1 0 873 841 730 838
1636 4 3 1 1 0 128 655 800 796
1637 4 3 1 1 0 801 340 869 428
1638 4 3 1 1 0 338 960 921 92
1639 4 3 1 1 0 338 960 92 437
1640 4 3 1 1 0 564 986 572 743
1641 4 3 1 1 0 977 737 144 986
1642 4 3 1 1 0 754 316 233 304
1643 4 3 1 1 0 564 986 743 737
1644 4 3 1 1 0 161 803 850 802
1645 4 3 1 1 0 727 724 758 756
1646 4 3 1 1 0 827 773 714 809
1647 4 3 1 1 0 854 398 799 863
1648 4 3 1 1 0 97 531 544 786
1649 4 3 1 1 0 904 606 610 609
1650 4 3 1 1 0 788 152 5 27
1651 4 3 1 1 0 471 465 398 863
1652 4 3 1 1 0 481 371 823 821
1653 4 3 1 1 0 370 833 831 821
1654 4 3 1 1 0 456 371 480 823
1655 4 3 1 1 0 804 162 159 272
1656 4 3 1 1 0 248 732 296 231
1657 4 3 1 1 0 377 835 376 379
1658 4 3 1 1 0 707 915 823 822
1659 4 3 1 1 0 422 818 824 864
1660 4 3 1 1 0 147 732 296 903
1661 4 3 1 1 0 769 964 954 154
1662 4 3 1 1 0 39 923 18 149
1663 4 3 1 1 0 793 124 637 125
1664 4 3 1 1 0 89 335 936 984
1665 4 3 1 1 0 35 650 796 979
1666 4 3 1 1 0 734 871 838 788
1667 4 3 1 1 0 937 595 591 594
1668 4 3 1 1 0 806 772 809 707
1669 4 3 1 1 0 341 86 925 450
1670 4 3 1 1 0 924 600 29 597
1671 4 3 1 1 0 829 883 839 470
1672 4 3 1 1 0 960 91 92 437
1673 4 3 1 1 0 732 231 838 733
1674 4 3 1 1 0 912 438 439 344
1675 4 3 1 1 0 821 805 819 811
1676 4 3 1 1 0 190 231 838 200
1677 4 3 1 1 0 840 842 468 792
1678 4 3 1 1 0 581 771 113 768
1679 4 3 1 1 0 979 650 796 752
1680 4 3 1 1 0 261 143 246 813
1681 4 3 1 1 0 488 468 842 792
1682 4 3 1 1 0 273 826 276 827
1683 4 3 1 1 0 351 957 976 744
1684 4 3 1 1 0 438 888 440 881
1685 4 3 1 1 0 794 729 767 766
1686 4 3 1 1 0 351 957 744 517
1687 4 3 1 1 0 793 87 450 925
1688 4 3 1 1 0 141 926 40 41
1689 4 3 1 1 0 716 636 645 641
1690 4 3 1 1 0 806 772 707 783
1691 4 3 1 1 0 253 974 942 716
1692 4 3 1 1 0 298 760 770 768
1693 4 3 1 1 0 962 314 8 927
1694 4 3 1 1 0 367 812 861 821
1695 4 3 1 1 0 748 443 494 444
1696 4 3 1 1 0 860 454 851 865
1697 4 3 1 1 0 935 645 716 636
1698 4 3 1 1 0 744 399 506 870
1699 4 3 1 1 0 787 740 731 736
1700 4 3 1 1 0 194 813 722 746
1701 4 3 1 1 0 923 316 40 18
1702 4 3 1 1 0 761 803 860 805
1703 4 3 1 1 0 987 846 630 879
1704 4 3 1 1 0 845 416 415 808
1705 4 3 1 1 0 510 921 961 93
1706 4 3 1 1 0 877 865 860 802
1707 4 3 1 1 0 934 538 99 725
1708 4 3 1 1 0 760 610 868 764
1709 4 3 1 1 0 528 846 879 498
1710 4 3 1 1 0 982 447 789 933
1711 4 3 1 1 0 144 977 986 26
1712 4 3 1 1 0 793 716 641 644
1713 4 3 1 1 0 490 937 871 735
1714 4 3 1 1 0 748 621 813 816
1715 4 3 1 1 0 506 973 744 870
1716 4 3 1 1 0 166 270 855 819
1717 4 3 1 1 0 194 813 746 293
1718 4 3 1 1 0 962 314 927 768
1719 4 3 1 1 0 746 291 194 293
1720 4 3 1 1 0 357 875 758 471
1721 4 3 1 1 0 647 729 120 638
1722 4 3 1 1 0 866 396 479 815
1723 4 3 1 1 0 898 423 409 842
1724 4 3 1 1 0 842 423 409 411
1725 4 3 1 1 0 737 144 247 977
1726 4 3 1 1 0 936 972 516 90
1727 4 3 1 1 0 702 912 696 699
1728 4 3 1 1 0 53 948 980 667
1729 4 3 1 1 0 187 181 183 852
1730 4 3 1 1 0 507 963 929 84
1731 4 3 1 1 0 231 190 838 733
1732 4 3 1 1 0 31 237 919 32
1733 4 3 1 1 0 441 779 404 511
1734 4 3 1 1 0 740 204 736 203
1735 4 3 1 1 0 734 600 604 593
1736 4 3 1 1 0 825 179 271 176
1737 4 3 1 1 0 628 630 748 626
1738 4 3 1 1 0 791 252 790 716
1739 4 3 1 1 0 624 966 747 919
1740 4 3 1 1 0 789 430 872 870
1741 4 3 1 1 0 413 840 426 415
1742 4 3 1 1 0 883 731 736 872
1743 4 3 1 1 0 781 269 777 224
1744 4 3 1 1 0 122 652 816 123
1745 4 3 1 1 0 94 930 343 95
1746 4 3 1 1 0 495 901 489 346
1747 4 3 1 1 0 901 495 489 789
1748 4 3 1 1 0 744 399 870 742
1749 4 3 1 1 0 436 901 489 871
1750 4 3 1 1 0 471 361 856 476
1751 4 3 1 1 0 901 789 489 871
1752 4 3 1 1 0 364 859 860 363
1753 4 3 1 1 0 781 941 294 913
1754 4 3 1 1 0 19 349 907 75
1755 4 3 1 1 0 504 765 884 419
1756 4 3 1 1 0 856 471 863 875
1757 4 3 1 1 0 773 213 212 772
1758 4 3 1 1 0 185 834 189 733
1759 4 3 1 1 0 353 727 354 355
1760 4 3 1 1 0 866 720 799 815
1761 4 3 1 1 0 954 154 964 44
1762 4 3 1 1 0 630 846 748 626
1763 4 3 1 1 0 130 912 131 666
1764 4 3 1 1 0 480 882 407 822
1765 4 3 1 1 0 347 878 82 7
1766 4 3 1 1 0 744 526 461 867
1767 4 3 1 1 0 824 521 897 425
1768 4 3 1 1 0 896 446 527 343
1769 4 3 1 1 0 581 771 768 580
1770 4 3 1 1 0 510 795 22 961
1771 4 3 1 1 0 843 936 670 673
1772 4 3 1 1 0 22 94 795 483
1773 4 3 1 1 0 696 912 701 131
1774 4 3 1 1 0 840 412 411 822
1775 4 3 1 1 0 805 860 819 803
1776 4 3 1 1 0 669 793 125 665
1777 4 3 1 1 0 781 294 941 136
1778 4 3 1 1 0 948 667 712 980
1779 4 3 1 1 0 782 779 844 888
1780 4 3 1 1 0 738 209 297 330
1781 4 3 1 1 0 930 896 343 95
1782 4 3 1 1 0 769 310 725 287
1783 4 3 1 1 0 781 911 136 941
1784 4 3 1 1 0 322 760 288 764
1785 4 3 1 1 0 53 948 667 54
1786 4 3 1 1 0 118 905 929 767
1787 4 3 1 1 0 878 771 968 512
1788 4 3 1 1 0 895 333 525 894
1789 4 3 1 1 0 537 965 533 41
1790 4 3 1 1 0 105 551 104 743
1791 4 3 1 1 0 910 798 869 753
1792 4 3 1 1 0 869 398 863 799
1793 4 3 1 1 0 975 755 541 950
1794 4 3 1 1 0 911 55 136 941
1795 4 3 1 1 0 702 881 782 912
1796 4 3 1 1 0 727 540 539 900
1797 4 3 1 1 0 771 578 582 580
1798 4 3 1 1 0 936 972 843 516
1799 4 3 1 1 0 668 980 790 712
1800 4 3 1 1 0 884 427 522 462
1801 4 3 1 1 0 740 827 914 736
1802 4 3 1 1 0 861 812 367 860
1803 4 3 1 1 0 427 884 522 889
1804 4 3 1 1 0 818 765 890 905
1805 4 3 1 1 0 825 176 173 175
1806 4 3 1 1 0 210 738 302 209
1807 4 3 1 1 0 967 935 728 636
1808 4 3 1 1 0 165 168 805 286
1809 4 3 1 1 0 479 482 894 433
1810 4 3 1 1 0 497 897 785 887
1811 4 3 1 1 0 141 965 726 926
1812 4 3 1 1 0 479 815 396 433
1813 4 3 1 1 0 141 965 926 41
1814 4 3 1 1 0 744 104 103 554
1815 4 3 1 1 0 762 766 807 763
1816 4 3 1 1 0 553 896 95 546
1817 4 3 1 1 0 107 552 106 913
1818 4 3 1 1 0 758 874 875 356
1819 4 3 1 1 0 694 107 106 913
1820 4 3 1 1 0 514 891 337 492
1821 4 3 1 1 0 970 743 139 741
1822 4 3 1 1 0 636 50 967 935
1823 4 3 1 1 0 976 554 896 744
1824 4 3 1 1 0 824 424 453 425
1825 4 3 1 1 0 254 298 759 160
1826 4 3 1 1 0 727 540 900 545
1827 4 3 1 1 0 932 311 743 284
1828 4 3 1 1 0 140 967 935 728
1829 4 3 1 1 0 517 973 957 744
1830 4 3 1 1 0 867 551 555 550
1831 4 3 1 1 0 818 607 905 890
1832 4 3 1 1 0 845 504 767 451
1833 4 3 1 1 0 551 743 741 744
1834 4 3 1 1 0 31 237 147 966
1835 4 3 1 1 0 351 957 517 2
1836 4 3 1 1 0 765 845 767 766
1837 4 3 1 1 0 430 789 872 478
1838 4 3 1 1 0 299 329 752 246
1839 4 3 1 1 0 170 270 167 819
1840 4 3 1 1 0 589 886 585 582
1841 4 3 1 1 0 345 785 886 786
1842 4 3 1 1 0 655 650 653 796
1843 4 3 1 1 0 236 725 150 301
1844 4 3 1 1 0 577 886 786 588
1845 4 3 1 1 0 846 444 528 879
1846 4 3 1 1 0 861 812 713 821
1847 4 3 1 1 0 886 577 786 785
1848 4 3 1 1 0 874 497 785 887
1849 4 3 1 1 0 947 729 313 868
1850 4 3 1 1 0 300 951 798 796
1851 4 3 1 1 0 358 360 359 875
1852 4 3 1 1 0 899 817 892 816
1853 4 3 1 1 0 283 798 134 326
1854 4 3 1 1 0 885 769 785 824
1855 4 3 1 1 0 435 876 349 908
1856 4 3 1 1 0 214 784 227 777
1857 4 3 1 1 0 880 123 892 971
1858 4 3 1 1 0 924 600 985 29
1859 4 3 1 1 0 786 583 725 785
1860 4 3 1 1 0 282 806 258 809
1861 4 3 1 1 0 924 600 734 985
1862 4 3 1 1 0 331 295 244 751
1863 4 3 1 1 0 355 922 727 786
1864 4 3 1 1 0 846 385 528 494
1865 4 3 1 1 0 295 182 751 192
1866 4 3 1 1 0 785 449 886 897
1867 4 3 1 1 0 908 909 340 869
1868 4 3 1 1 0 825 176 271 173
1869 4 3 1 1 0 903 115 605 9
1870 4 3 1 1 0 9 320 903 147
1871 4 3 1 1 0 248 30 903 924
1872 4 3 1 1 0 908 876 907 755
1873 4 3 1 1 0 248 903 30 320
1874 4 3 1 1 0 909 129 686 690
1875 4 3 1 1 0 970 241 238 775
1876 4 3 1 1 0 878 614 113 612
1877 4 3 1 1 0 25 284 1 932
1878 4 3 1 1 0 485 364 367 860
1879 4 3 1 1 0 767 905 764 904
1880 4 3 1 1 0 375 835 839 837
1881 4 3 1 1 0 172 820 171 169
1882 4 3 1 1 0 985 939 28 600
1883 4 3 1 1 0 621 748 746 626
1884 4 3 1 1 0 746 625 621 626
1885 4 3 1 1 0 793 352 491 502
1886 4 3 1 1 0 731 744 737 870
1887 4 3 1 1 0 865 877 860 916
1888 4 3 1 1 0 958 507 452 767
1889 4 3 1 1 0 811 168 167 169
1890 4 3 1 1 0 797 753 863 799
1891 4 3 1 1 0 769 156 770 768
1892 4 3 1 1 0 840 468 842 411
1893 4 3 1 1 0 805 812 860 877
1894 4 3 1 1 0 582 886 80 902
1895 4 3 1 1 0 965 545 725 726
1896 4 3 1 1 0 207 276 281 827
1897 4 3 1 1 0 761 877 860 802
1898 4 3 1 1 0 63 933 62 447
1899 4 3 1 1 0 788 901 789 110
1900 4 3 1 1 0 572 986 568 25
1901 4 3 1 1 0 297 738 741 739
1902 4 3 1 1 0 740 297 741 739
1903 4 3 1 1 0 242 297 741 205
1904 4 3 1 1 0 621 748 626 628
1905 4 3 1 1 0 725 287 150 301
1906 4 3 1 1 0 934 533 42 543
1907 4 3 1 1 0 270 832 819 170
1908 4 3 1 1 0 930 795 343 896
1909 4 3 1 1 0 906 121 621 632
1910 4 3 1 1 0 809 820 821 831
1911 4 3 1 1 0 42 236 934 150
1912 4 3 1 1 0 978 150 4 934
1913 4 3 1 1 0 140 728 263 323
1914 4 3 1 1 0 269 214 227 777
1915 4 3 1 1 0 323 967 140 728
1916 4 3 1 1 0 49 50 235 967
1917 4 3 1 1 0 140 967 235 50
1918 4 3 1 1 0 7 512 968 81
1919 4 3 1 1 0 723 301 287 725
1920 4 3 1 1 0 430 495 789 478
1921 4 3 1 1 0 187 853 855 852
1922 4 3 1 1 0 811 172 820 809
1923 4 3 1 1 0 850 803 860 802
1924 4 3 1 1 0 811 172 809 282
1925 4 3 1 1 0 164 285 802 161
1926 4 3 1 1 0 708 404 795 776
1927 4 3 1 1 0 28 600 29 985
1928 4 3 1 1 0 985 939 600 734
1929 4 3 1 1 0 161 803 802 164
1930 4 3 1 1 0 121 906 649 659
1931 4 3 1 1 0 288 760 249 868
1932 4 3 1 1 0 916 812 860 485
1933 4 3 1 1 0 380 917 386 382
1934 4 3 1 1 0 793 88 15 678
1935 4 3 1 1 0 170 811 167 169
1936 4 3 1 1 0 769 824 771 770
1937 4 3 1 1 0 118 958 646 767
1938 4 3 1 1 0 713 812 861 860
1939 4 3 1 1 0 669 716 126 125
1940 4 3 1 1 0 567 569 789 563
1941 4 3 1 1 0 177 178 180 836
1942 4 3 1 1 0 713 812 805 821
1943 4 3 1 1 0 124 793 665 125
1944 4 3 1 1 0 243 36 151 796
1945 4 3 1 1 0 826 275 271 828
1946 4 3 1 1 0 265 178 836 180
1947 4 3 1 1 0 814 265 836 180
1948 4 3 1 1 0 721 828 825 837
1949 4 3 1 1 0 672 89 670 984
1950 4 3 1 1 0 493 89 936 90
1951 4 3 1 1 0 672 89 984 88
1952 4 3 1 1 0 592 116 735 596
1953 4 3 1 1 0 761 803 805 164
1954 4 3 1 1 0 329 745 299 752
1955 4 3 1 1 0 743 242 139 741
1956 4 3 1 1 0 912 344 439 516
1957 4 3 1 1 0 805 812 713 860
1958 4 3 1 1 0 857 848 852 717
1959 4 3 1 1 0 42 150 934 4
1960 4 3 1 1 0 908 435 869 340
1961 4 3 1 1 0 797 866 799 852
1962 4 3 1 1 0 765 845 766 763
1963 4 3 1 1 0 371 368 370 821
1964 4 3 1 1 0 782 712 777 781
1965 4 3 1 1 0 738 241 297 741
1966 4 3 1 1 0 300 798 134 283
1967 4 3 1 1 0 937 66 337 65
1968 4 3 1 1 0 835 837 834 828
1969 4 3 1 1 0 276 809 281 827
1970 4 3 1 1 0 837 835 839 828
1971 4 3 1 1 0 88 984 672 793
1972 4 3 1 1 0 873 871 841 838
1973 4 3 1 1 0 736 191 828 838
1974 4 3 1 1 0 194 813 293 299
1975 4 3 1 1 0 118 958 767 929
1976 4 3 1 1 0 647 947 49 12
1977 4 3 1 1 0 951 681 687 798
1978 4 3 1 1 0 275 189 828 191
1979 4 3 1 1 0 927 581 114 768
1980 4 3 1 1 0 897 448 886 885
1981 4 3 1 1 0 746 138 291 293
1982 4 3 1 1 0 100 534 542 754
1983 4 3 1 1 0 287 310 725 150
1984 4 3 1 1 0 796 681 951 798
1985 4 3 1 1 0 913 782 778 781
1986 4 3 1 1 0 745 813 299 752
1987 4 3 1 1 0 680 683 684 908
1988 4 3 1 1 0 979 261 906 813
1989 4 3 1 1 0 801 397 428 799
1990 4 3 1 1 0 702 782 698 781
1991 4 3 1 1 0 708 913 779 778
1992 4 3 1 1 0 702 781 698 695
1993 4 3 1 1 0 911 702 701 695
1994 4 3 1 1 0 787 201 202 191
1995 4 3 1 1 0 767 452 341 451
1996 4 3 1 1 0 912 709 712 843
1997 4 3 1 1 0 221 710 807 766
1998 4 3 1 1 0 405 496 780 404
1999 4 3 1 1 0 778 738 775 302
2000 4 3 1 1 0 496 779 780 404
2001 4 3 1 1 0 270 267 855 848
2002 4 3 1 1 0 443 748 899 880
2003 4 3 1 1 0 891 10 601 117
2004 4 3 1 1 0 83 339 84 963
2005 4 3 1 1 0 709 842 844 777
2006 4 3 1 1 0 738 210 774 739
2007 4 3 1 1 0 822 915 844 777
2008 4 3 1 1 0 915 822 772 777
2009 4 3 1 1 0 772 822 783 777
2010 4 3 1 1 0 824 521 425 453
2011 4 3 1 1 0 854 855 857 858
2012 4 3 1 1 0 396 801 799 397
2013 4 3 1 1 0 854 866 387 917
2014 4 3 1 1 0 161 803 164 163
2015 4 3 1 1 0 581 771 578 113
2016 4 3 1 1 0 718 863 875 856
2017 4 3 1 1 0 465 876 500 869
2018 4 3 1 1 0 595 735 734 871
2019 4 3 1 1 0 182 751 192 797
2020 4 3 1 1 0 196 724 756 853
2021 4 3 1 1 0 866 396 815 799
2022 4 3 1 1 0 866 720 815 752
2023 4 3 1 1 0 474 883 390 742
2024 4 3 1 1 0 760 610 764 818
2025 4 3 1 1 0 776 400 429 867
2026 4 3 1 1 0 520 350 499 892
2027 4 3 1 1 0 914 830 742 883
2028 4 3 1 1 0 740 204 206 739
2029 4 3 1 1 0 892 817 652 816
2030 4 3 1 1 0 903 966 9 147
2031 4 3 1 1 0 867 551 550 741
2032 4 3 1 1 0 914 883 742 731
2033 4 3 1 1 0 784 232 216 227
2034 4 3 1 1 0 883 388 390 389
2035 4 3 1 1 0 761 805 860 877
2036 4 3 1 1 0 769 824 770 715
2037 4 3 1 1 0 900 540 536 535
2038 4 3 1 1 0 808 412 414 840
2039 4 3 1 1 0 128 800 655 658
2040 4 3 1 1 0 830 474 742 883
2041 4 3 1 1 0 936 89 673 90
2042 4 3 1 1 0 847 494 750 381
2043 4 3 1 1 0 742 399 400 461
2044 4 3 1 1 0 743 551 741 547
2045 4 3 1 1 0 203 737 268 230
2046 4 3 1 1 0 782 888 844 898
2047 4 3 1 1 0 380 847 376 849
2048 4 3 1 1 0 347 878 434 82
2049 4 3 1 1 0 291 193 747 194
2050 4 3 1 1 0 256 39 910 938
2051 4 3 1 1 0 863 854 476 856
2052 4 3 1 1 0 122 628 816 621
2053 4 3 1 1 0 796 951 681 127
2054 4 3 1 1 0 799 753 869 798
2055 4 3 1 1 0 685 691 682 910
2056 4 3 1 1 0 793 672 792 984
2057 4 3 1 1 0 267 848 181 187
2058 4 3 1 1 0 672 792 984 670
2059 4 3 1 1 0 655 800 796 662
2060 4 3 1 1 0 5 318 788 939
2061 4 3 1 1 0 111 939 5 788
2062 4 3 1 1 0 226 322 288 764
2063 4 3 1 1 0 182 295 751 186
2064 4 3 1 1 0 827 773 809 281
2065 4 3 1 1 0 636 716 935 728
2066 4 3 1 1 0 815 432 433 893
2067 4 3 1 1 0 623 983 68 940
2068 4 3 1 1 0 380 376 847 379
2069 4 3 1 1 0 938 38 37 134
2070 4 3 1 1 0 123 880 816 628
2071 4 3 1 1 0 874 355 356 727
2072 4 3 1 1 0 443 899 530 499
2073 4 3 1 1 0 597 600 604 734
2074 4 3 1 1 0 133 288 249 868
2075 4 3 1 1 0 937 901 594 64
2076 4 3 1 1 0 289 292 781 269
2077 4 3 1 1 0 610 613 868 609
2078 4 3 1 1 0 309 133 313 868
2079 4 3 1 1 0 621 959 813 906
2080 4 3 1 1 0 809 281 257 172
2081 4 3 1 1 0 292 303 712 227
2082 4 3 1 1 0 632 959 906 33
2083 4 3 1 1 0 806 264 807 805
2084 4 3 1 1 0 912 702 701 911
2085 4 3 1 1 0 912 671 843 712
2086 4 3 1 1 0 712 843 709 842
2087 4 3 1 1 0 982 109 569 901
2088 4 3 1 1 0 573 562 570 788
2089 4 3 1 1 0 926 923 316 40
2090 4 3 1 1 0 294 941 56 969
2091 4 3 1 1 0 780 822 882 915
2092 4 3 1 1 0 292 781 269 227
2093 4 3 1 1 0 716 790 980 142
2094 4 3 1 1 0 775 240 145 913
2095 4 3 1 1 0 782 709 844 777
2096 4 3 1 1 0 272 723 266 158
2097 4 3 1 1 0 536 755 975 900
2098 4 3 1 1 0 782 779 774 844
2099 4 3 1 1 0 784 232 227 712
2100 4 3 1 1 0 431 426 502 794
2101 4 3 1 1 0 669 792 793 665
2102 4 3 1 1 0 232 303 227 712
2103 4 3 1 1 0 280 757 183 797
2104 4 3 1 1 0 771 770 824 818
2105 4 3 1 1 0 421 864 420 422
2106 4 3 1 1 0 854 855 858 856
2107 4 3 1 1 0 750 894 866 479
2108 4 3 1 1 0 496 529 888 440
2109 4 3 1 1 0 475 472 882 831
2110 4 3 1 1 0 265 749 836 178
2111 4 3 1 1 0 844 915 774 777
2112 4 3 1 1 0 804 162 161 159
2113 4 3 1 1 0 901 110 109 569
2114 4 3 1 1 0 808 412 840 810
2115 4 3 1 1 0 434 889 522 890
2116 4 3 1 1 0 909 801 340 869
2117 4 3 1 1 0 507 963 84 339
2118 4 3 1 1 0 606 119 904 118
2119 4 3 1 1 0 884 818 422 864
2120 4 3 1 1 0 779 693 697 703
2121 4 3 1 1 0 775 239 238 145
2122 4 3 1 1 0 808 457 417 414
2123 4 3 1 1 0 416 415 808 414
2124 4 3 1 1 0 396 397 799 395
2125 4 3 1 1 0 953 549 970 775
2126 4 3 1 1 0 606 119 609 904
2127 4 3 1 1 0 811 170 167 819
2128 4 3 1 1 0 58 549 59 970
2129 4 3 1 1 0 650 654 653 752
2130 4 3 1 1 0 165 168 167 811
2131 4 3 1 1 0 595 597 604 734
2132 4 3 1 1 0 318 985 734 939
2133 4 3 1 1 0 953 549 58 970
2134 4 3 1 1 0 799 797 852 863
2135 4 3 1 1 0 273 174 826 275
2136 4 3 1 1 0 718 859 850 855
2137 4 3 1 1 0 835 383 377 839
2138 4 3 1 1 0 189 190 838 191
2139 4 3 1 1 0 383 835 841 839
2140 4 3 1 1 0 825 820 832 173
2141 4 3 1 1 0 827 820 826 276
2142 4 3 1 1 0 734 262 838 200
2143 4 3 1 1 0 825 820 173 826
2144 4 3 1 1 0 386 857 917 849
2145 4 3 1 1 0 827 820 276 809
2146 4 3 1 1 0 371 831 475 823
2147 4 3 1 1 0 621 748 628 816
2148 4 3 1 1 0 851 424 453 824
2149 4 3 1 1 0 825 820 826 721
2150 4 3 1 1 0 811 806 809 821
2151 4 3 1 1 0 853 277 756 196
2152 4 3 1 1 0 375 839 470 829
2153 4 3 1 1 0 757 753 797 280
2154 4 3 1 1 0 833 861 366 862
2155 4 3 1 1 0 384 383 392 841
2156 4 3 1 1 0 883 914 736 731
2157 4 3 1 1 0 564 737 743 744
2158 4 3 1 1 0 454 860 363 485
2159 4 3 1 1 0 669 792 665 668
2160 4 3 1 1 0 115 966 903 629
2161 4 3 1 1 0 853 277 196 195
2162 4 3 1 1 0 471 361 875 856
2163 4 3 1 1 0 473 858 477 857
2164 4 3 1 1 0 804 715 756 723
2165 4 3 1 1 0 630 622 627 879
2166 4 3 1 1 0 162 278 277 850
2167 4 3 1 1 0 757 753 863 797
2168 4 3 1 1 0 146 943 768 962
2169 4 3 1 1 0 331 798 300 283
2170 4 3 1 1 0 868 47 48 613
2171 4 3 1 1 0 707 821 810 823
2172 4 3 1 1 0 108 548 107 795
2173 4 3 1 1 0 881 698 779 693
2174 4 3 1 1 0 743 205 242 741
2175 4 3 1 1 0 731 742 870 872
2176 4 3 1 1 0 970 60 59 139
2177 4 3 1 1 0 773 281 739 208
2178 4 3 1 1 0 843 668 677 670
2179 4 3 1 1 0 488 842 439 843
2180 4 3 1 1 0 729 228 324 260
2181 4 3 1 1 0 338 960 437 881
2182 4 3 1 1 0 728 793 794 644
2183 4 3 1 1 0 253 974 716 308
2184 4 3 1 1 0 942 716 142 253
2185 4 3 1 1 0 866 894 750 817
2186 4 3 1 1 0 371 481 368 821
2187 4 3 1 1 0 371 831 823 821
2188 4 3 1 1 0 110 788 567 789
2189 4 3 1 1 0 488 842 468 423
2190 4 3 1 1 0 918 714 915 882
2191 4 3 1 1 0 732 924 248 903
2192 4 3 1 1 0 831 721 820 833
2193 4 3 1 1 0 745 750 752 866
2194 4 3 1 1 0 868 249 47 943
2195 4 3 1 1 0 868 47 249 133
2196 4 3 1 1 0 855 856 859 858
2197 4 3 1 1 0 185 749 179 834
2198 4 3 1 1 0 986 284 25 932
2199 4 3 1 1 0 385 846 528 498
2200 4 3 1 1 0 742 867 744 461
2201 4 3 1 1 0 868 47 608 943
2202 4 3 1 1 0 148 729 324 260
2203 4 3 1 1 0 350 971 520 14
2204 4 3 1 1 0 825 848 836 175
2205 4 3 1 1 0 880 628 634 623
2206 4 3 1 1 0 357 875 471 358
2207 4 3 1 1 0 173 832 175 170
2208 4 3 1 1 0 452 981 85 958
2209 4 3 1 1 0 772 214 212 777
2210 4 3 1 1 0 782 777 712 709
2211 4 3 1 1 0 594 591 937 65
2212 4 3 1 1 0 218 259 264 806
2213 4 3 1 1 0 215 258 772 213
2214 4 3 1 1 0 772 212 214 213
2215 4 3 1 1 0 745 749 849 836
2216 4 3 1 1 0 555 896 560 546
2217 4 3 1 1 0 143 245 246 752
2218 4 3 1 1 0 891 66 337 937
2219 4 3 1 1 0 776 738 741 775
2220 4 3 1 1 0 731 787 736 872
2221 4 3 1 1 0 62 933 334 447
2222 4 3 1 1 0 931 551 105 743
2223 4 3 1 1 0 545 540 531 786
2224 4 3 1 1 0 260 868 313 729
2225 4 3 1 1 0 66 891 337 514
2226 4 3 1 1 0 889 427 818 459
2227 4 3 1 1 0 260 868 729 764
2228 4 3 1 1 0 658 661 129 800
2229 4 3 1 1 0 548 553 560 795
2230 4 3 1 1 0 724 723 199 756
2231 4 3 1 1 0 173 825 826 271
2232 4 3 1 1 0 157 160 159 770
2233 4 3 1 1 0 884 765 890 818
2234 4 3 1 1 0 485 463 454 916
2235 4 3 1 1 0 222 264 807 219
2236 4 3 1 1 0 782 912 881 898
2237 4 3 1 1 0 330 239 775 302
2238 4 3 1 1 0 94 795 343 930
2239 4 3 1 1 0 240 778 302 224
2240 4 3 1 1 0 795 703 22 961
2241 4 3 1 1 0 903 116 115 629
2242 4 3 1 1 0 742 740 741 739
2243 4 3 1 1 0 513 944 345 3
2244 4 3 1 1 0 829 883 470 830
2245 4 3 1 1 0 837 825 834 828
2246 4 3 1 1 0 886 944 79 345
2247 4 3 1 1 0 9 31 966 633
2248 4 3 1 1 0 371 475 480 823
2249 4 3 1 1 0 854 394 917 387
2250 4 3 1 1 0 722 494 750 847
2251 4 3 1 1 0 71 72 945 455
2252 4 3 1 1 0 520 14 971 70
2253 4 3 1 1 0 544 944 3 97
2254 4 3 1 1 0 859 851 860 363
2255 4 3 1 1 0 399 390 742 400
2256 4 3 1 1 0 763 710 808 845
2257 4 3 1 1 0 174 173 826 271
2258 4 3 1 1 0 275 174 826 271
2259 4 3 1 1 0 115 966 629 633
2260 4 3 1 1 0 753 754 869 910
2261 4 3 1 1 0 108 22 558 795
2262 4 3 1 1 0 232 306 784 216
2263 4 3 1 1 0 640 904 639 767
2264 4 3 1 1 0 156 770 768 298
2265 4 3 1 1 0 260 868 764 309
2266 4 3 1 1 0 728 793 644 716
2267 4 3 1 1 0 523 889 522 434
2268 4 3 1 1 0 873 871 838 735
2269 4 3 1 1 0 808 877 807 763
2270 4 3 1 1 0 341 981 767 794
2271 4 3 1 1 0 822 840 412 810
2272 4 3 1 1 0 635 767 794 640
2273 4 3 1 1 0 640 904 767 729
2274 4 3 1 1 0 795 94 553 930
2275 4 3 1 1 0 352 793 450 502
2276 4 3 1 1 0 808 877 810 807
2277 4 3 1 1 0 935 305 728 716
2278 4 3 1 1 0 426 793 491 502
2279 4 3 1 1 0 172 809 282 257
2280 4 3 1 1 0 340 435 869 428
2281 4 3 1 1 0 870 567 788 789
2282 4 3 1 1 0 282 806 809 811
2283 4 3 1 1 0 282 806 811 259
2284 4 3 1 1 0 866 894 815 479
2285 4 3 1 1 0 778 779 708 774
2286 4 3 1 1 0 359 859 851 875
2287 4 3 1 1 0 977 574 737 568
2288 4 3 1 1 0 801 397 432 503
2289 4 3 1 1 0 69 880 350 971
2290 4 3 1 1 0 894 482 391 530
2291 4 3 1 1 0 259 811 282 168
2292 4 3 1 1 0 815 895 893 894
2293 4 3 1 1 0 393 383 464 873
2294 4 3 1 1 0 123 880 628 634
2295 4 3 1 1 0 780 776 708 774
2296 4 3 1 1 0 779 782 774 778
2297 4 3 1 1 0 286 264 761 255
2298 4 3 1 1 0 779 780 774 844
2299 4 3 1 1 0 507 767 339 504
2300 4 3 1 1 0 507 452 767 504
2301 4 3 1 1 0 359 859 875 360
2302 4 3 1 1 0 210 773 774 739
2303 4 3 1 1 0 926 537 726 754
2304 4 3 1 1 0 515 20 946 73
2305 4 3 1 1 0 926 304 754 726
2306 4 3 1 1 0 141 229 304 726
2307 4 3 1 1 0 972 344 956 912
2308 4 3 1 1 0 724 754 304 726
2309 4 3 1 1 0 941 698 913 781
2310 4 3 1 1 0 867 775 795 776
2311 4 3 1 1 0 33 906 13 315
2312 4 3 1 1 0 779 795 404 511
2313 4 3 1 1 0 906 261 13 315
2314 4 3 1 1 0 22 94 558 795
2315 4 3 1 1 0 900 537 726 545
2316 4 3 1 1 0 751 331 192 797
2317 4 3 1 1 0 959 293 813 315
2318 4 3 1 1 0 896 553 560 546
2319 4 3 1 1 0 932 311 284 1
2320 4 3 1 1 0 972 90 21 516
2321 4 3 1 1 0 931 551 743 547
2322 4 3 1 1 0 972 344 912 516
2323 4 3 1 1 0 732 924 903 592
2324 4 3 1 1 0 105 743 104 564
2325 4 3 1 1 0 644 793 642 637
2326 4 3 1 1 0 319 911 153 24
2327 4 3 1 1 0 320 248 903 296
2328 4 3 1 1 0 867 551 741 744
2329 4 3 1 1 0 111 939 788 593
2330 4 3 1 1 0 792 793 491 426
2331 4 3 1 1 0 715 723 769 785
2332 4 3 1 1 0 332 885 508 902
2333 4 3 1 1 0 759 160 802 285
2334 4 3 1 1 0 156 770 298 157
2335 4 3 1 1 0 936 439 516 843
2336 4 3 1 1 0 325 234 326 753
2337 4 3 1 1 0 490 937 735 337
2338 4 3 1 1 0 919 625 624 32
2339 4 3 1 1 0 938 326 910 256
2340 4 3 1 1 0 375 837 839 829
2341 4 3 1 1 0 899 350 880 892
2342 4 3 1 1 0 430 495 447 789
2343 4 3 1 1 0 399 872 430 870
2344 4 3 1 1 0 29 135 924 248
2345 4 3 1 1 0 910 326 798 753
2346 4 3 1 1 0 818 113 612 878
2347 4 3 1 1 0 911 712 153 948
2348 4 3 1 1 0 636 50 935 51
2349 4 3 1 1 0 226 223 762 764
2350 4 3 1 1 0 508 824 771 885
2351 4 3 1 1 0 798 908 869 909
2352 4 3 1 1 0 937 891 735 337
2353 4 3 1 1 0 920 891 10 460
2354 4 3 1 1 0 430 478 872 389
2355 4 3 1 1 0 735 490 337 492
2356 4 3 1 1 0 596 891 735 591
2357 4 3 1 1 0 948 671 911 712
2358 4 3 1 1 0 778 294 240 913
2359 4 3 1 1 0 49 643 729 647
2360 4 3 1 1 0 12 947 313 48
2361 4 3 1 1 0 832 270 819 855
2362 4 3 1 1 0 319 292 911 136
2363 4 3 1 1 0 947 729 868 120
2364 4 3 1 1 0 490 937 337 436
2365 4 3 1 1 0 840 413 412 414
2366 4 3 1 1 0 612 760 615 818
2367 4 3 1 1 0 515 20 800 946
2368 4 3 1 1 0 628 122 816 123
2369 4 3 1 1 0 801 909 340 503
2370 4 3 1 1 0 196 199 724 198
2371 4 3 1 1 0 817 649 652 816
2372 4 3 1 1 0 632 959 33 625
2373 4 3 1 1 0 308 935 140 51
2374 4 3 1 1 0 438 888 881 898
2375 4 3 1 1 0 782 781 911 712
2376 4 3 1 1 0 232 980 712 790
2377 4 3 1 1 0 216 214 783 784
2378 4 3 1 1 0 926 542 923 40
2379 4 3 1 1 0 781 289 294 136
2380 4 3 1 1 0 761 164 285 802
2381 4 3 1 1 0 243 35 36 796
2382 4 3 1 1 0 148 729 235 324
2383 4 3 1 1 0 895 333 71 455
2384 4 3 1 1 0 837 825 849 834
2385 4 3 1 1 0 945 893 800 895
2386 4 3 1 1 0 909 680 73 690
2387 4 3 1 1 0 926 542 754 923
2388 4 3 1 1 0 720 909 798 801
2389 4 3 1 1 0 881 698 693 699
2390 4 3 1 1 0 960 705 956 912
2391 4 3 1 1 0 542 923 40 18
2392 4 3 1 1 0 983 627 67 879
2393 4 3 1 1 0 468 413 411 840
2394 4 3 1 1 0 67 983 68 627
2395 4 3 1 1 0 959 293 315 138
2396 4 3 1 1 0 771 885 582 902
2397 4 3 1 1 0 858 860 861 364
2398 4 3 1 1 0 746 291 747 194
2399 4 3 1 1 0 182 751 814 186
2400 4 3 1 1 0 172 820 809 276
2401 4 3 1 1 0 909 869 798 801
2402 4 3 1 1 0 685 679 908 684
2403 4 3 1 1 0 100 534 754 101
2404 4 3 1 1 0 377 835 379 464
2405 4 3 1 1 0 903 599 605 592
2406 4 3 1 1 0 817 800 815 895
2407 4 3 1 1 0 506 973 870 334
2408 4 3 1 1 0 835 733 828 834
2409 4 3 1 1 0 388 883 839 384
2410 4 3 1 1 0 815 895 800 893
2411 4 3 1 1 0 935 974 308 716
2412 4 3 1 1 0 983 940 442 68
2413 4 3 1 1 0 49 729 235 148
2414 4 3 1 1 0 903 320 296 147
2415 4 3 1 1 0 848 187 855 852
2416 4 3 1 1 0 500 435 428 869
2417 4 3 1 1 0 398 799 428 397
2418 4 3 1 1 0 127 952 951 17
2419 4 3 1 1 0 229 723 199 726
2420 4 3 1 1 0 453 497 359 887
2421 4 3 1 1 0 850 859 860 855
2422 4 3 1 1 0 685 908 754 910
2423 4 3 1 1 0 822 842 409 411
2424 4 3 1 1 0 935 974 51 308
2425 4 3 1 1 0 545 533 725 538
2426 4 3 1 1 0 702 881 912 699
2427 4 3 1 1 0 983 940 987 442
2428 4 3 1 1 0 329 745 752 751
2429 4 3 1 1 0 795 776 404 467
2430 4 3 1 1 0 745 751 814 866
2431 4 3 1 1 0 54 24 153 948
2432 4 3 1 1 0 881 441 888 440
2433 4 3 1 1 0 911 671 912 712
2434 4 3 1 1 0 912 709 843 898
2435 4 3 1 1 0 761 805 877 807
2436 4 3 1 1 0 815 894 866 817
2437 4 3 1 1 0 987 628 748 880
2438 4 3 1 1 0 194 722 813 745
2439 4 3 1 1 0 663 127 796 657
2440 4 3 1 1 0 883 736 838 872
2441 4 3 1 1 0 788 872 871 838
2442 4 3 1 1 0 544 944 97 786
2443 4 3 1 1 0 435 876 500 349
2444 4 3 1 1 0 845 710 794 766
2445 4 3 1 1 0 788 871 872 789
2446 4 3 1 1 0 794 451 767 341
2447 4 3 1 1 0 740 827 736 204
2448 4 3 1 1 0 707 821 823 809
2449 4 3 1 1 0 630 983 879 627
2450 4 3 1 1 0 168 811 282 169
2451 4 3 1 1 0 825 848 175 832
2452 4 3 1 1 0 214 215 772 213
2453 4 3 1 1 0 851 424 454 484
2454 4 3 1 1 0 840 845 415 808
2455 4 3 1 1 0 644 640 794 728
2456 4 3 1 1 0 214 784 777 783
2457 4 3 1 1 0 847 385 494 381
2458 4 3 1 1 0 270 267 848 175
2459 4 3 1 1 0 761 286 164 805
2460 4 3 1 1 0 259 805 264 806
2461 4 3 1 1 0 825 826 271 828
2462 4 3 1 1 0 827 773 281 739
2463 4 3 1 1 0 379 385 847 381
2464 4 3 1 1 0 292 712 153 911
2465 4 3 1 1 0 388 883 384 389
2466 4 3 1 1 0 779 780 708 774
2467 4 3 1 1 0 912 705 130 696
2468 4 3 1 1 0 871 490 392 489
2469 4 3 1 1 0 490 871 392 393
2470 4 3 1 1 0 828 733 730 838
2471 4 3 1 1 0 488 439 842 423
2472 4 3 1 1 0 165 811 167 819
2473 4 3 1 1 0 654 649 752 813
2474 4 3 1 1 0 841 883 384 839
2475 4 3 1 1 0 647 947 120 729
2476 4 3 1 1 0 404 918 780 403
2477 4 3 1 1 0 121 906 13 632
2478 4 3 1 1 0 899 752 817 816
2479 4 3 1 1 0 845 504 451 419
2480 4 3 1 1 0 465 758 869 863
2481 4 3 1 1 0 405 404 780 403
2482 4 3 1 1 0 132 911 701 706
2483 4 3 1 1 0 250 760 249 288
2484 4 3 1 1 0 225 222 255 761
2485 4 3 1 1 0 758 876 486 465
2486 4 3 1 1 0 712 251 153 948
2487 4 3 1 1 0 254 298 322 759
2488 4 3 1 1 0 292 153 712 303
2489 4 3 1 1 0 885 448 902 332
2490 4 3 1 1 0 512 332 508 902
2491 4 3 1 1 0 272 804 158 159
2492 4 3 1 1 0 332 80 902 81
2493 4 3 1 1 0 814 848 717 852
2494 4 3 1 1 0 773 281 211 257
2495 4 3 1 1 0 889 884 890 818
2496 4 3 1 1 0 722 813 745 752
2497 4 3 1 1 0 904 606 905 610
2498 4 3 1 1 0 408 780 496 844
2499 4 3 1 1 0 783 219 791 807
2500 4 3 1 1 0 228 221 728 263
2501 4 3 1 1 0 764 818 905 765
2502 4 3 1 1 0 809 281 773 257
2503 4 3 1 1 0 891 460 514 10
2504 4 3 1 1 0 140 967 50 935
2505 4 3 1 1 0 596 891 591 601
2506 4 3 1 1 0 594 901 871 598
2507 4 3 1 1 0 987 846 879 444
2508 4 3 1 1 0 415 840 808 414
2509 4 3 1 1 0 413 840 415 414
2510 4 3 1 1 0 815 801 432 800
2511 4 3 1 1 0 825 832 837 849
2512 4 3 1 1 0 853 856 852 863
2513 4 3 1 1 0 909 684 686 681
2514 4 3 1 1 0 909 680 686 684
2515 4 3 1 1 0 767 845 794 766
2516 4 3 1 1 0 819 713 821 861
2517 4 3 1 1 0 716 253 308 305
2518 4 3 1 1 0 694 704 700 913
2519 4 3 1 1 0 36 650 663 796
2520 4 3 1 1 0 385 379 847 464
2521 4 3 1 1 0 311 743 312 242
2522 4 3 1 1 0 969 317 949 57
2523 4 3 1 1 0 941 698 781 695
2524 4 3 1 1 0 833 861 862 832
2525 4 3 1 1 0 934 965 236 42
2526 4 3 1 1 0 880 442 987 940
2527 4 3 1 1 0 526 896 527 867
2528 4 3 1 1 0 408 780 844 407
2529 4 3 1 1 0 273 276 826 174
2530 4 3 1 1 0 937 901 64 436
2531 4 3 1 1 0 864 884 420 422
2532 4 3 1 1 0 318 734 262 788
2533 4 3 1 1 0 127 657 128 796
2534 4 3 1 1 0 747 732 733 279
2535 4 3 1 1 0 342 983 442 68
2536 4 3 1 1 0 826 736 275 828
2537 4 3 1 1 0 69 68 442 940
2538 4 3 1 1 0 824 424 425 422
2539 4 3 1 1 0 459 824 425 422
2540 4 3 1 1 0 880 892 123 816
2541 4 3 1 1 0 855 859 856 718
2542 4 3 1 1 0 193 291 747 290
2543 4 3 1 1 0 849 848 814 836
2544 4 3 1 1 0 16 308 51 974
2545 4 3 1 1 0 880 971 892 350
2546 4 3 1 1 0 843 912 439 516
2547 4 3 1 1 0 912 843 972 516
2548 4 3 1 1 0 798 910 684 688
2549 4 3 1 1 0 234 325 233 753
2550 4 3 1 1 0 325 149 233 754
2551 4 3 1 1 0 843 792 488 842
2552 4 3 1 1 0 361 859 858 362
2553 4 3 1 1 0 909 680 74 73
2554 4 3 1 1 0 639 635 640 767
2555 4 3 1 1 0 793 792 491 335
2556 4 3 1 1 0 260 764 223 226
2557 4 3 1 1 0 418 877 763 916
2558 4 3 1 1 0 336 77 76 975
2559 4 3 1 1 0 598 788 110 901
2560 4 3 1 1 0 935 305 716 308
2561 4 3 1 1 0 793 840 426 792
2562 4 3 1 1 0 336 950 975 76
2563 4 3 1 1 0 702 912 701 696
2564 4 3 1 1 0 490 871 436 489
2565 4 3 1 1 0 775 145 238 953
2566 4 3 1 1 0 984 89 335 88
2567 4 3 1 1 0 112 771 878 113
2568 4 3 1 1 0 740 914 742 731
2569 4 3 1 1 0 506 973 334 517
2570 4 3 1 1 0 438 888 898 529
2571 4 3 1 1 0 566 933 973 62
2572 4 3 1 1 0 707 915 822 772
2573 4 3 1 1 0 651 895 800 662
2574 4 3 1 1 0 680 909 74 908
2575 4 3 1 1 0 958 981 85 646
2576 4 3 1 1 0 982 109 901 6
2577 4 3 1 1 0 517 973 334 61
2578 4 3 1 1 0 443 987 748 880
2579 4 3 1 1 0 368 833 370 821
2580 4 3 1 1 0 127 952 17 663
2581 4 3 1 1 0 404 795 467 511
2582 4 3 1 1 0 812 485 367 860
2583 4 3 1 1 0 952 17 151 321
2584 4 3 1 1 0 506 973 517 744
2585 4 3 1 1 0 757 853 852 863
2586 4 3 1 1 0 952 300 796 951
2587 4 3 1 1 0 394 386 917 387
2588 4 3 1 1 0 6 901 602 109
2589 4 3 1 1 0 933 870 334 447
2590 4 3 1 1 0 894 482 530 499
2591 4 3 1 1 0 913 782 781 698
2592 4 3 1 1 0 858 860 364 859
2593 4 3 1 1 0 795 552 913 775
2594 4 3 1 1 0 185 749 834 733
2595 4 3 1 1 0 795 548 107 552
2596 4 3 1 1 0 317 240 294 913
2597 4 3 1 1 0 154 314 156 768
2598 4 3 1 1 0 563 982 933 63
2599 4 3 1 1 0 769 156 768 154
2600 4 3 1 1 0 573 111 788 570
2601 4 3 1 1 0 938 326 256 134
2602 4 3 1 1 0 830 827 831 826
2603 4 3 1 1 0 39 256 38 938
2604 4 3 1 1 0 577 97 588 786
2605 4 3 1 1 0 287 723 769 158
2606 4 3 1 1 0 368 861 821 367
2607 4 3 1 1 0 300 951 321 134
2608 4 3 1 1 0 234 757 753 233
2609 4 3 1 1 0 935 645 636 51
2610 4 3 1 1 0 812 485 458 367
2611 4 3 1 1 0 716 636 641 644
2612 4 3 1 1 0 365 862 366 861
2613 4 3 1 1 0 365 366 862 469
2614 4 3 1 1 0 814 182 180 181
2615 4 3 1 1 0 749 265 194 184
2616 4 3 1 1 0 934 538 543 99
2617 4 3 1 1 0 717 854 866 852
2618 4 3 1 1 0 717 917 849 866
2619 4 3 1 1 0 945 893 895 455
2620 4 3 1 1 0 681 127 128 796
2621 4 3 1 1 0 265 749 194 745
2622 4 3 1 1 0 290 966 237 747
2623 4 3 1 1 0 179 825 271 834
2624 4 3 1 1 0 563 982 63 575
2625 4 3 1 1 0 962 615 768 114
2626 4 3 1 1 0 767 507 905 929
2627 4 3 1 1 0 408 780 407 405
2628 4 3 1 1 0 912 956 437 344
2629 4 3 1 1 0 333 895 525 455
2630 4 3 1 1 0 787 788 838 872
2631 4 3 1 1 0 438 888 529 440
2632 4 3 1 1 0 231 190 733 279
2633 4 3 1 1 0 193 733 279 747
2634 4 3 1 1 0 776 742 741 739
2635 4 3 1 1 0 839 383 384 841
2636 4 3 1 1 0 193 733 747 749
2637 4 3 1 1 0 732 747 290 279
2638 4 3 1 1 0 736 787 838 872
2639 4 3 1 1 0 28 939 318 5
2640 4 3 1 1 0 575 6 982 63
2641 4 3 1 1 0 9 31 147 966
2642 4 3 1 1 0 747 193 290 279
2643 4 3 1 1 0 732 873 838 735
2644 4 3 1 1 0 200 787 262 838
2645 4 3 1 1 0 955 889 890 818
2646 4 3 1 1 0 801 909 432 800
2647 4 3 1 1 0 480 407 882 406
2648 4 3 1 1 0 234 753 283 326
2649 4 3 1 1 0 828 733 838 189
2650 4 3 1 1 0 336 950 76 509
2651 4 3 1 1 0 525 893 433 524
2652 4 3 1 1 0 407 410 480 822
2653 4 3 1 1 0 296 732 290 279
2654 4 3 1 1 0 146 943 962 46
2655 4 3 1 1 0 759 226 254 762
2656 4 3 1 1 0 529 438 501 898
2657 4 3 1 1 0 290 966 747 732
2658 4 3 1 1 0 258 809 772 257
2659 4 3 1 1 0 265 745 299 186
2660 4 3 1 1 0 721 828 837 829
2661 4 3 1 1 0 783 810 822 707
2662 4 3 1 1 0 798 909 796 681
2663 4 3 1 1 0 569 982 901 789
2664 4 3 1 1 0 925 635 981 794
2665 4 3 1 1 0 914 740 742 739
2666 4 3 1 1 0 134 938 38 256
2667 4 3 1 1 0 925 635 86 981
2668 4 3 1 1 0 86 981 635 85
2669 4 3 1 1 0 85 981 635 646
2670 4 3 1 1 0 221 710 766 728
2671 4 3 1 1 0 819 713 861 860
2672 4 3 1 1 0 804 160 802 770
2673 4 3 1 1 0 821 819 805 713
2674 4 3 1 1 0 147 732 290 296
2675 4 3 1 1 0 724 754 753 233
2676 4 3 1 1 0 939 593 734 788
2677 4 3 1 1 0 737 203 268 205
2678 4 3 1 1 0 728 228 263 323
2679 4 3 1 1 0 232 790 252 142
2680 4 3 1 1 0 914 830 829 826
2681 4 3 1 1 0 743 740 205 741
2682 4 3 1 1 0 132 911 131 701
2683 4 3 1 1 0 42 934 543 4
2684 4 3 1 1 0 478 871 392 489
2685 4 3 1 1 0 635 981 767 646
2686 4 3 1 1 0 763 710 845 766
2687 4 3 1 1 0 281 773 211 208
2688 4 3 1 1 0 822 840 842 411
2689 4 3 1 1 0 981 635 767 794
2690 4 3 1 1 0 766 260 764 223
2691 4 3 1 1 0 731 883 742 872
2692 4 3 1 1 0 734 135 318 307
2693 4 3 1 1 0 179 834 271 189
2694 4 3 1 1 0 757 724 753 233
2695 4 3 1 1 0 291 237 747 290
2696 4 3 1 1 0 966 747 919 237
2697 4 3 1 1 0 243 151 244 796
2698 4 3 1 1 0 748 846 747 626
2699 4 3 1 1 0 151 300 244 796
2700 4 3 1 1 0 813 299 752 246
2701 4 3 1 1 0 619 608 868 613
2702 4 3 1 1 0 669 980 942 716
2703 4 3 1 1 0 715 802 824 770
2704 4 3 1 1 0 668 980 712 667
2705 4 3 1 1 0 290 966 732 147
2706 4 3 1 1 0 331 798 283 797
2707 4 3 1 1 0 723 301 725 726
2708 4 3 1 1 0 850 161 802 804
2709 4 3 1 1 0 229 723 726 301
2710 4 3 1 1 0 812 457 810 481
2711 4 3 1 1 0 160 804 161 159
2712 4 3 1 1 0 723 770 158 804
2713 4 3 1 1 0 289 781 224 269
2714 4 3 1 1 0 726 236 301 725
2715 4 3 1 1 0 726 229 301 236
2716 4 3 1 1 0 770 157 158 159
2717 4 3 1 1 0 210 773 212 774
2718 4 3 1 1 0 303 251 153 712
2719 4 3 1 1 0 712 842 777 784
2720 4 3 1 1 0 108 795 697 703
2721 4 3 1 1 0 438 501 898 439
2722 4 3 1 1 0 912 705 696 699
2723 4 3 1 1 0 918 774 780 915
2724 4 3 1 1 0 785 449 897 497
2725 4 3 1 1 0 769 576 768 580
2726 4 3 1 1 0 155 287 137 769
2727 4 3 1 1 0 986 312 284 743
2728 4 3 1 1 0 610 904 764 905
2729 4 3 1 1 0 354 357 758 486
2730 4 3 1 1 0 869 398 799 428
2731 4 3 1 1 0 942 664 52 980
2732 4 3 1 1 0 655 800 662 658
2733 4 3 1 1 0 398 799 397 395
2734 4 3 1 1 0 353 727 922 900
2735 4 3 1 1 0 944 3 79 345
2736 4 3 1 1 0 513 944 786 345
2737 4 3 1 1 0 448 886 79 345
2738 4 3 1 1 0 909 515 340 503
2739 4 3 1 1 0 205 737 312 268
2740 4 3 1 1 0 715 802 770 804
2741 4 3 1 1 0 884 422 818 427
2742 4 3 1 1 0 146 943 46 249
2743 4 3 1 1 0 47 943 249 46
2744 4 3 1 1 0 874 727 723 785
2745 4 3 1 1 0 803 850 860 855
2746 4 3 1 1 0 52 53 980 664
2747 4 3 1 1 0 955 889 818 878
2748 4 3 1 1 0 727 540 545 786
2749 4 3 1 1 0 943 250 768 760
2750 4 3 1 1 0 859 361 875 360
2751 4 3 1 1 0 582 80 886 585
2752 4 3 1 1 0 732 966 747 629
2753 4 3 1 1 0 222 762 223 766
2754 4 3 1 1 0 518 793 491 335
2755 4 3 1 1 0 965 545 726 537
2756 4 3 1 1 0 482 525 894 433
2757 4 3 1 1 0 858 365 477 362
2758 4 3 1 1 0 177 814 836 180
2759 4 3 1 1 0 525 893 894 433
2760 4 3 1 1 0 814 717 849 866
2761 4 3 1 1 0 408 780 405 496
2762 4 3 1 1 0 857 854 917 717
2763 4 3 1 1 0 265 814 745 186
2764 4 3 1 1 0 814 797 852 866
2765 4 3 1 1 0 857 386 466 849
2766 4 3 1 1 0 732 966 903 147
2767 4 3 1 1 0 67 342 68 983
2768 4 3 1 1 0 658 661 800 651
2769 4 3 1 1 0 69 880 971 634
2770 4 3 1 1 0 743 740 741 744
2771 4 3 1 1 0 857 862 849 466
2772 4 3 1 1 0 94 343 795 483
2773 4 3 1 1 0 265 814 186 180
2774 4 3 1 1 0 314 964 45 927
2775 4 3 1 1 0 715 874 785 887
2776 4 3 1 1 0 314 964 927 768
2777 4 3 1 1 0 907 532 754 755
2778 4 3 1 1 0 811 806 821 805
2779 4 3 1 1 0 782 912 911 702
2780 4 3 1 1 0 541 102 907 532
2781 4 3 1 1 0 101 102 532 907
2782 4 3 1 1 0 232 980 790 142
2783 4 3 1 1 0 638 729 640 643
2784 4 3 1 1 0 754 532 900 755
2785 4 3 1 1 0 769 156 154 155
2786 4 3 1 1 0 53 980 664 667
2787 4 3 1 1 0 614 878 112 620
2788 4 3 1 1 0 166 163 165 803
2789 4 3 1 1 0 955 889 878 434
2790 4 3 1 1 0 669 790 980 716
2791 4 3 1 1 0 815 801 800 720
2792 4 3 1 1 0 534 537 542 754
2793 4 3 1 1 0 198 724 233 304
2794 4 3 1 1 0 856 859 361 875
2795 4 3 1 1 0 874 851 875 359
2796 4 3 1 1 0 424 824 864 422
2797 4 3 1 1 0 429 526 527 867
2798 4 3 1 1 0 884 427 420 422
2799 4 3 1 1 0 737 144 312 268
2800 4 3 1 1 0 986 312 743 737
2801 4 3 1 1 0 446 96 95 896
2802 4 3 1 1 0 351 896 976 96
2803 4 3 1 1 0 58 23 953 145
2804 4 3 1 1 0 481 457 810 456
2805 4 3 1 1 0 611 606 905 616
2806 4 3 1 1 0 903 966 732 629
2807 4 3 1 1 0 811 820 819 821
2808 4 3 1 1 0 441 496 888 440
2809 4 3 1 1 0 840 468 426 792
2810 4 3 1 1 0 743 564 744 104
2811 4 3 1 1 0 953 549 557 58
2812 4 3 1 1 0 782 779 888 881
2813 4 3 1 1 0 145 58 238 953
2814 4 3 1 1 0 333 482 525 894
2815 4 3 1 1 0 482 894 391 479
2816 4 3 1 1 0 917 854 866 717
2817 4 3 1 1 0 465 876 486 500
2818 4 3 1 1 0 876 509 486 349
2819 4 3 1 1 0 592 595 596 735
2820 4 3 1 1 0 745 814 849 866
2821 4 3 1 1 0 232 980 142 251
2822 4 3 1 1 0 906 654 34 979
2823 4 3 1 1 0 259 264 805 286
2824 4 3 1 1 0 881 440 437 338
2825 4 3 1 1 0 766 710 794 728
2826 4 3 1 1 0 886 588 585 79
2827 4 3 1 1 0 349 908 907 75
2828 4 3 1 1 0 612 760 818 610
2829 4 3 1 1 0 512 771 508 459
2830 4 3 1 1 0 424 865 851 454
2831 4 3 1 1 0 797 757 852 863
2832 4 3 1 1 0 508 897 487 425
2833 4 3 1 1 0 944 886 786 345
2834 4 3 1 1 0 908 679 907 689
2835 4 3 1 1 0 876 349 486 500
2836 4 3 1 1 0 900 537 534 754
2837 4 3 1 1 0 819 832 855 861
2838 4 3 1 1 0 938 688 910 798
2839 4 3 1 1 0 758 876 465 869
2840 4 3 1 1 0 374 862 469 466
2841 4 3 1 1 0 837 862 374 466
2842 4 3 1 1 0 394 854 395 387
2843 4 3 1 1 0 353 78 922 513
2844 4 3 1 1 0 979 650 654 35
2845 4 3 1 1 0 399 872 870 742
2846 4 3 1 1 0 977 27 26 247
2847 4 3 1 1 0 380 847 750 381
2848 4 3 1 1 0 240 778 775 302
2849 4 3 1 1 0 867 550 555 560
2850 4 3 1 1 0 729 728 228 766
2851 4 3 1 1 0 878 818 955 607
2852 4 3 1 1 0 729 228 728 323
2853 4 3 1 1 0 954 154 44 137
2854 4 3 1 1 0 204 203 202 736
2855 4 3 1 1 0 564 737 744 565
2856 4 3 1 1 0 769 310 287 137
2857 4 3 1 1 0 955 611 607 890
2858 4 3 1 1 0 978 579 43 954
2859 4 3 1 1 0 934 538 725 533
2860 4 3 1 1 0 857 848 717 849
2861 4 3 1 1 0 801 503 340 428
2862 4 3 1 1 0 199 272 723 266
2863 4 3 1 1 0 753 754 719 869
2864 4 3 1 1 0 476 361 856 477
2865 4 3 1 1 0 769 964 154 768
2866 4 3 1 1 0 978 583 769 725
2867 4 3 1 1 0 769 978 954 579
2868 4 3 1 1 0 903 599 592 924
2869 4 3 1 1 0 452 981 958 767
2870 4 3 1 1 0 465 357 486 758
2871 4 3 1 1 0 28 985 29 135
2872 4 3 1 1 0 835 839 730 841
2873 4 3 1 1 0 654 979 813 752
2874 4 3 1 1 0 34 979 654 35
2875 4 3 1 1 0 791 305 716 728
2876 4 3 1 1 0 259 168 805 811
2877 4 3 1 1 0 578 584 902 582
2878 4 3 1 1 0 80 886 585 79
2879 4 3 1 1 0 698 779 697 913
2880 4 3 1 1 0 794 729 766 728
2881 4 3 1 1 0 793 840 792 791
2882 4 3 1 1 0 419 884 462 420
2883 4 3 1 1 0 339 955 890 963
2884 4 3 1 1 0 7 512 878 968
2885 4 3 1 1 0 694 698 697 913
2886 4 3 1 1 0 906 979 813 654
2887 4 3 1 1 0 934 99 543 4
2888 4 3 1 1 0 794 431 450 502
2889 4 3 1 1 0 426 793 502 794
2890 4 3 1 1 0 794 729 728 640
2891 4 3 1 1 0 735 732 846 629
2892 4 3 1 1 0 840 845 808 710
2893 4 3 1 1 0 735 592 734 732
2894 4 3 1 1 0 808 812 810 877
2895 4 3 1 1 0 793 792 335 984
2896 4 3 1 1 0 793 794 450 502
2897 4 3 1 1 0 744 526 867 896
2898 4 3 1 1 0 650 979 654 752
2899 4 3 1 1 0 934 965 725 236
2900 4 3 1 1 0 891 66 591 601
2901 4 3 1 1 0 445 342 879 444
2902 4 3 1 1 0 978 583 725 99
2903 4 3 1 1 0 188 757 183 280
2904 4 3 1 1 0 959 138 315 33
2905 4 3 1 1 0 832 862 837 849
2906 4 3 1 1 0 857 862 848 849
2907 4 3 1 1 0 345 785 786 355
2908 4 3 1 1 0 824 521 453 887
2909 4 3 1 1 0 956 972 912 130
2910 4 3 1 1 0 145 775 913 953
2911 4 3 1 1 0 666 843 671 677
2912 4 3 1 1 0 972 666 843 912
2913 4 3 1 1 0 843 666 676 673
2914 4 3 1 1 0 859 718 850 756
2915 4 3 1 1 0 938 326 134 798
2916 4 3 1 1 0 857 386 917 394
2917 4 3 1 1 0 345 785 355 449
2918 4 3 1 1 0 978 579 587 43
2919 4 3 1 1 0 938 688 798 687
2920 4 3 1 1 0 99 978 934 725
2921 4 3 1 1 0 702 881 699 698
2922 4 3 1 1 0 289 292 136 781
2923 4 3 1 1 0 881 698 782 779
2924 4 3 1 1 0 338 960 881 921
2925 4 3 1 1 0 438 912 881 437
2926 4 3 1 1 0 210 212 773 211
2927 4 3 1 1 0 840 710 807 791
2928 4 3 1 1 0 877 761 763 711
2929 4 3 1 1 0 835 383 873 464
2930 4 3 1 1 0 217 220 791 219
2931 4 3 1 1 0 383 835 377 464
2932 4 3 1 1 0 865 851 860 802
2933 4 3 1 1 0 612 760 610 619
2934 4 3 1 1 0 831 721 833 829
2935 4 3 1 1 0 43 978 4 587
2936 4 3 1 1 0 832 825 173 175
2937 4 3 1 1 0 819 832 861 821
2938 4 3 1 1 0 837 721 829 833
2939 4 3 1 1 0 622 735 846 629
2940 4 3 1 1 0 841 883 839 838
2941 4 3 1 1 0 744 526 896 351
2942 4 3 1 1 0 827 773 739 714
2943 4 3 1 1 0 924 231 135 734
2944 4 3 1 1 0 826 275 736 273
2945 4 3 1 1 0 829 837 839 828
2946 4 3 1 1 0 914 830 714 742
2947 4 3 1 1 0 789 870 933 447
2948 4 3 1 1 0 867 554 551 744
2949 4 3 1 1 0 830 474 373 472
2950 4 3 1 1 0 896 795 343 527
2951 4 3 1 1 0 738 776 708 775
2952 4 3 1 1 0 767 764 905 765
2953 4 3 1 1 0 610 764 904 868
2954 4 3 1 1 0 824 521 887 897
2955 4 3 1 1 0 496 441 779 404
2956 4 3 1 1 0 970 550 775 549
2957 4 3 1 1 0 410 822 456 480
2958 4 3 1 1 0 743 740 744 737
2959 4 3 1 1 0 738 330 775 302
2960 4 3 1 1 0 548 795 560 552
2961 4 3 1 1 0 481 371 456 823
2962 4 3 1 1 0 372 374 829 833
2963 4 3 1 1 0 778 781 774 224
2964 4 3 1 1 0 871 789 489 478
2965 4 3 1 1 0 708 913 778 775
2966 4 3 1 1 0 471 758 863 875
2967 4 3 1 1 0 978 583 99 587
2968 4 3 1 1 0 661 20 800 72
2969 4 3 1 1 0 757 724 853 863
2970 4 3 1 1 0 854 855 856 852
2971 4 3 1 1 0 897 824 885 785
2972 4 3 1 1 0 987 623 940 983
2973 4 3 1 1 0 359 356 875 874
2974 4 3 1 1 0 20 661 800 129
2975 4 3 1 1 0 874 355 727 785
2976 4 3 1 1 0 481 456 810 823
2977 4 3 1 1 0 727 355 356 354
2978 4 3 1 1 0 551 550 741 547
2979 4 3 1 1 0 508 824 425 459
2980 4 3 1 1 0 708 404 776 780
2981 4 3 1 1 0 809 821 820 811
2982 4 3 1 1 0 760 298 322 250
2983 4 3 1 1 0 497 897 887 521
2984 4 3 1 1 0 978 769 583 579
2985 4 3 1 1 0 508 824 459 771
2986 4 3 1 1 0 883 474 470 830
2987 4 3 1 1 0 743 740 737 205
2988 4 3 1 1 0 242 241 139 741
2989 4 3 1 1 0 918 776 739 742
2990 4 3 1 1 0 273 207 204 827
2991 4 3 1 1 0 297 740 206 739
2992 4 3 1 1 0 462 339 522 890
2993 4 3 1 1 0 427 459 422 818
2994 4 3 1 1 0 845 426 794 840
2995 4 3 1 1 0 776 795 708 775
2996 4 3 1 1 0 636 716 728 644
2997 4 3 1 1 0 298 760 322 759
2998 4 3 1 1 0 583 785 580 769
2999 4 3 1 1 0 897 824 785 887
3000 4 3 1 1 0 359 875 356 358
3001 4 3 1 1 0 366 364 365 861
3002 4 3 1 1 0 862 369 366 833
3003 4 3 1 1 0 744 526 351 461
3004 4 3 1 1 0 72 800 651 945
3005 4 3 1 1 0 168 165 805 811
3006 4 3 1 1 0 982 495 901 789
3007 4 3 1 1 0 982 495 789 447
3008 4 3 1 1 0 870 737 574 565
3009 4 3 1 1 0 382 380 750 381
3010 4 3 1 1 0 846 385 494 847
3011 4 3 1 1 0 924 231 734 732
3012 4 3 1 1 0 69 442 880 940
3013 4 3 1 1 0 815 433 432 396
3014 4 3 1 1 0 960 912 437 881
3015 4 3 1 1 0 795 511 510 483
3016 4 3 1 1 0 842 439 843 898
3017 4 3 1 1 0 391 479 750 382
3018 4 3 1 1 0 479 917 866 750
3019 4 3 1 1 0 507 963 339 905
3020 4 3 1 1 0 349 876 907 908
3021 4 3 1 1 0 429 467 867 527
3022 4 3 1 1 0 363 859 484 360
3023 4 3 1 1 0 589 885 785 886
3024 4 3 1 1 0 719 900 758 755
3025 4 3 1 1 0 788 562 977 27
3026 4 3 1 1 0 897 448 885 487
3027 4 3 1 1 0 755 541 907 532
3028 4 3 1 1 0 468 842 411 423
3029 4 3 1 1 0 355 922 786 513
3030 4 3 1 1 0 748 846 722 747
3031 4 3 1 1 0 733 722 847 846
3032 4 3 1 1 0 920 891 460 735
3033 4 3 1 1 0 622 116 117 735
3034 4 3 1 1 0 900 537 545 535
3035 4 3 1 1 0 564 737 565 568
3036 4 3 1 1 0 569 982 789 563
3037 4 3 1 1 0 478 384 841 872
3038 4 3 1 1 0 808 412 810 457
3039 4 3 1 1 0 771 512 508 902
3040 4 3 1 1 0 417 463 812 877
3041 4 3 1 1 0 474 830 373 470
3042 4 3 1 1 0 767 981 958 646
3043 4 3 1 1 0 452 767 504 451
3044 4 3 1 1 0 536 755 900 532
3045 4 3 1 1 0 977 574 568 562
3046 4 3 1 1 0 537 900 534 535
3047 4 3 1 1 0 901 110 569 789
3048 4 3 1 1 0 408 407 844 409
3049 4 3 1 1 0 913 782 698 779
3050 4 3 1 1 0 714 830 831 882
3051 4 3 1 1 0 915 714 739 773
3052 4 3 1 1 0 704 694 106 913
3053 4 3 1 1 0 386 382 917 387
3054 4 3 1 1 0 899 894 499 892
3055 4 3 1 1 0 949 145 317 913
3056 4 3 1 1 0 292 781 911 136
3057 4 3 1 1 0 782 702 911 781
3058 4 3 1 1 0 778 294 913 781
3059 4 3 1 1 0 977 574 562 788
3060 4 3 1 1 0 776 867 741 742
3061 4 3 1 1 0 918 915 780 882
3062 4 3 1 1 0 195 278 850 277
3063 4 3 1 1 0 933 973 62 334
3064 4 3 1 1 0 824 715 785 887
3065 4 3 1 1 0 973 61 62 334
3066 4 3 1 1 0 943 615 760 768
3067 4 3 1 1 0 372 369 833 370
3068 4 3 1 1 0 223 221 766 228
3069 4 3 1 1 0 574 737 568 565
3070 4 3 1 1 0 760 298 770 759
3071 4 3 1 1 0 789 567 563 870
3072 4 3 1 1 0 11 958 85 646
3073 4 3 1 1 0 430 870 447 334
3074 4 3 1 1 0 874 359 497 887
3075 4 3 1 1 0 201 787 203 230
3076 4 3 1 1 0 776 400 867 742
3077 4 3 1 1 0 977 562 568 26
3078 4 3 1 1 0 732 873 735 846
3079 4 3 1 1 0 874 497 359 356
3080 4 3 1 1 0 737 870 744 565
3081 4 3 1 1 0 814 848 852 181
3082 4 3 1 1 0 814 717 866 852
3083 4 3 1 1 0 561 564 744 565
3084 4 3 1 1 0 331 283 192 797
3085 4 3 1 1 0 448 886 80 79
3086 4 3 1 1 0 562 27 26 977
3087 4 3 1 1 0 886 885 902 582
3088 4 3 1 1 0 177 814 180 181
3089 4 3 1 1 0 885 886 902 448
3090 4 3 1 1 0 867 776 795 467
3091 4 3 1 1 0 448 80 902 332
3092 4 3 1 1 0 348 945 800 72
3093 4 3 1 1 0 808 812 877 417
3094 4 3 1 1 0 808 416 417 877
3095 4 3 1 1 0 80 584 902 81
3096 4 3 1 1 0 375 835 837 376
3097 4 3 1 1 0 270 166 855 274
3098 4 3 1 1 0 829 883 830 914
3099 4 3 1 1 0 492 891 337 735
3100 4 3 1 1 0 361 858 477 362
3101 4 3 1 1 0 920 622 735 879
3102 4 3 1 1 0 596 891 601 117
3103 4 3 1 1 0 881 438 437 440
3104 4 3 1 1 0 873 871 735 393
3105 4 3 1 1 0 474 742 390 401
3106 4 3 1 1 0 920 891 735 117
3107 4 3 1 1 0 44 954 43 579
3108 4 3 1 1 0 559 96 2 976
3109 4 3 1 1 0 885 487 332 508
3110 4 3 1 1 0 523 427 889 459
3111 4 3 1 1 0 897 449 487 521
3112 4 3 1 1 0 596 116 735 117
3113 4 3 1 1 0 840 783 810 822
3114 4 3 1 1 0 771 512 902 968
3115 4 3 1 1 0 976 554 744 103
3116 4 3 1 1 0 528 445 879 444
3117 4 3 1 1 0 460 891 492 735
3118 4 3 1 1 0 897 448 487 449
3119 4 3 1 1 0 2 559 976 103
3120 4 3 1 1 0 878 614 112 113
3121 4 3 1 1 0 121 906 621 816
3122 4 3 1 1 0 976 896 559 96
3123 4 3 1 1 0 628 748 880 816
3124 4 3 1 1 0 515 800 20 348
3125 4 3 1 1 0 720 909 801 800
3126 4 3 1 1 0 976 554 103 559
3127 4 3 1 1 0 373 475 831 472
3128 4 3 1 1 0 350 14 69 971
3129 4 3 1 1 0 795 107 697 913
3130 4 3 1 1 0 82 878 434 955
3131 4 3 1 1 0 83 82 434 955
3132 4 3 1 1 0 954 978 310 43
3133 4 3 1 1 0 708 404 780 779
3134 4 3 1 1 0 650 663 796 657
3135 4 3 1 1 0 650 655 657 796
3136 4 3 1 1 0 943 619 760 615
3137 4 3 1 1 0 931 551 547 556
3138 4 3 1 1 0 962 615 114 618
3139 4 3 1 1 0 962 114 927 8
3140 4 3 1 1 0 857 394 917 854
3141 4 3 1 1 0 962 114 8 618
3142 4 3 1 1 0 895 71 945 455
3143 4 3 1 1 0 708 913 775 795
3144 4 3 1 1 0 971 14 69 634
3145 4 3 1 1 0 523 427 522 889
3146 4 3 1 1 0 978 150 934 725
3147 4 3 1 1 0 630 846 626 622
3148 4 3 1 1 0 956 972 130 21
3149 4 3 1 1 0 912 438 344 437
3150 4 3 1 1 0 193 733 749 185
3151 4 3 1 1 0 907 754 532 101
3152 4 3 1 1 0 314 45 8 927
3153 4 3 1 1 0 388 839 378 384
3154 4 3 1 1 0 762 223 766 764
3155 4 3 1 1 0 761 255 285 164
3156 4 3 1 1 0 223 221 222 766
3157 4 3 1 1 0 298 760 768 250
3158 4 3 1 1 0 263 791 728 305
3159 4 3 1 1 0 793 450 87 352
3160 4 3 1 1 0 388 470 378 839
3161 4 3 1 1 0 769 964 768 576
3162 4 3 1 1 0 719 900 755 754
3163 4 3 1 1 0 641 793 637 125
3164 4 3 1 1 0 88 335 793 518
3165 4 3 1 1 0 348 945 72 455
3166 4 3 1 1 0 724 754 719 753
3167 4 3 1 1 0 749 193 185 184
3168 4 3 1 1 0 71 895 651 656
3169 4 3 1 1 0 737 247 144 328
3170 4 3 1 1 0 735 734 592 595
3171 4 3 1 1 0 333 895 71 928
3172 4 3 1 1 0 770 155 769 158
3173 4 3 1 1 0 428 801 799 869
3174 4 3 1 1 0 14 971 123 634
3175 4 3 1 1 0 724 723 756 727
3176 4 3 1 1 0 760 759 770 818
3177 4 3 1 1 0 769 824 715 785
3178 4 3 1 1 0 727 540 786 539
3179 4 3 1 1 0 962 314 768 146
3180 4 3 1 1 0 806 805 810 821
3181 4 3 1 1 0 223 226 762 225
3182 4 3 1 1 0 769 576 579 954
3183 4 3 1 1 0 811 806 805 259
3184 4 3 1 1 0 649 816 752 813
3185 4 3 1 1 0 168 259 805 286
3186 4 3 1 1 0 669 790 668 980
3187 4 3 1 1 0 329 745 751 186
3188 4 3 1 1 0 176 825 836 175
3189 4 3 1 1 0 383 393 392 841
3190 4 3 1 1 0 399 883 872 742
3191 4 3 1 1 0 740 827 204 739
3192 4 3 1 1 0 936 89 493 335
3193 4 3 1 1 0 843 668 670 792
3194 4 3 1 1 0 755 758 719 869
3195 4 3 1 1 0 787 740 736 203
3196 4 3 1 1 0 662 655 653 796
3197 4 3 1 1 0 722 813 748 746
3198 4 3 1 1 0 424 865 916 864
3199 4 3 1 1 0 24 948 911 153
3200 4 3 1 1 0 276 207 273 827
3201 4 3 1 1 0 702 881 698 782
3202 4 3 1 1 0 862 369 833 374
3203 4 3 1 1 0 282 806 259 258
3204 4 3 1 1 0 824 865 864 802
3205 4 3 1 1 0 766 260 223 228
3206 4 3 1 1 0 800 128 909 129
3207 4 3 1 1 0 715 802 804 851
3208 4 3 1 1 0 192 280 183 797
3209 4 3 1 1 0 300 951 134 798
3210 4 3 1 1 0 331 720 798 797
3211 4 3 1 1 0 798 688 681 687
3212 4 3 1 1 0 69 880 623 940
3213 4 3 1 1 0 19 950 907 509
3214 4 3 1 1 0 948 671 712 667
3215 4 3 1 1 0 265 745 194 299
3216 4 3 1 1 0 769 978 725 310
3217 4 3 1 1 0 478 384 392 841
3218 4 3 1 1 0 44 954 579 576
3219 4 3 1 1 0 798 908 909 684
3220 4 3 1 1 0 694 698 913 700
3221 4 3 1 1 0 948 132 911 671
3222 4 3 1 1 0 465 471 758 863
3223 4 3 1 1 0 69 880 442 350
3224 4 3 1 1 0 798 331 300 796
3225 4 3 1 1 0 399 883 742 390
3226 4 3 1 1 0 837 376 849 466
3227 4 3 1 1 0 851 874 875 756
3228 4 3 1 1 0 399 883 390 389
3229 4 3 1 1 0 536 755 532 541
3230 4 3 1 1 0 679 102 907 689
3231 4 3 1 1 0 814 265 745 836
3232 4 3 1 1 0 724 723 727 726
3233 4 3 1 1 0 473 858 857 862
3234 4 3 1 1 0 182 192 183 797
3235 4 3 1 1 0 804 851 756 715
3236 4 3 1 1 0 854 398 863 476
3237 4 3 1 1 0 862 861 365 858
3238 4 3 1 1 0 832 820 819 170
3239 4 3 1 1 0 265 749 745 836
3240 4 3 1 1 0 187 848 181 852
3241 4 3 1 1 0 854 857 852 717
3242 4 3 1 1 0 953 106 913 949
3243 4 3 1 1 0 852 188 187 853
3244 4 3 1 1 0 778 294 781 289
3245 4 3 1 1 0 557 949 23 106
3246 4 3 1 1 0 932 931 1 105
3247 4 3 1 1 0 707 915 772 809
3248 4 3 1 1 0 399 883 389 872
3249 4 3 1 1 0 754 755 719 869
3250 4 3 1 1 0 563 982 789 933
3251 4 3 1 1 0 539 975 77 922
3252 4 3 1 1 0 539 975 922 900
3253 4 3 1 1 0 794 729 640 767
3254 4 3 1 1 0 399 872 389 430
3255 4 3 1 1 0 758 724 719 863
3256 4 3 1 1 0 719 900 754 724
3257 4 3 1 1 0 967 640 728 729
3258 4 3 1 1 0 740 914 731 736
3259 4 3 1 1 0 827 820 809 831
3260 4 3 1 1 0 760 322 759 764
3261 4 3 1 1 0 309 226 288 764
3262 4 3 1 1 0 967 640 729 643
3263 4 3 1 1 0 207 281 739 827
3264 4 3 1 1 0 284 743 312 311
3265 4 3 1 1 0 778 738 302 774
3266 4 3 1 1 0 899 350 892 499
3267 4 3 1 1 0 207 281 208 739
3268 4 3 1 1 0 899 752 816 748
3269 4 3 1 1 0 745 751 866 752
3270 4 3 1 1 0 893 432 433 524
3271 4 3 1 1 0 206 209 739 208
3272 4 3 1 1 0 972 666 912 130
3273 4 3 1 1 0 465 500 428 869
3274 4 3 1 1 0 207 206 739 208
3275 4 3 1 1 0 683 679 908 689
3276 4 3 1 1 0 779 881 921 338
3277 4 3 1 1 0 899 494 748 443
3278 4 3 1 1 0 97 531 786 98
3279 4 3 1 1 0 803 166 855 819
3280 4 3 1 1 0 975 541 536 76
3281 4 3 1 1 0 254 762 285 759
3282 4 3 1 1 0 531 539 544 786
3283 4 3 1 1 0 165 286 805 164
3284 4 3 1 1 0 386 857 473 394
3285 4 3 1 1 0 475 882 823 831
3286 4 3 1 1 0 808 840 807 810
3287 4 3 1 1 0 473 858 862 365
3288 4 3 1 1 0 789 430 870 447
3289 4 3 1 1 0 418 416 877 417
3290 4 3 1 1 0 165 163 164 803
3291 4 3 1 1 0 566 561 571 744
3292 4 3 1 1 0 811 172 282 169
3293 4 3 1 1 0 75 683 908 689
3294 4 3 1 1 0 830 470 829 373
3295 4 3 1 1 0 762 254 285 225
3296 4 3 1 1 0 517 351 461 744
3297 4 3 1 1 0 883 470 474 388
3298 4 3 1 1 0 200 787 201 262
3299 4 3 1 1 0 212 214 269 777
3300 4 3 1 1 0 598 788 901 871
3301 4 3 1 1 0 375 835 376 377
3302 4 3 1 1 0 779 496 844 888
3303 4 3 1 1 0 918 830 882 472
3304 4 3 1 1 0 789 870 563 933
3305 4 3 1 1 0 165 166 803 819
3306 4 3 1 1 0 888 408 496 844
3307 4 3 1 1 0 881 782 898 888
3308 4 3 1 1 0 878 82 620 607
3309 4 3 1 1 0 216 783 214 215
3310 4 3 1 1 0 817 649 816 752
3311 4 3 1 1 0 552 953 913 775
3312 4 3 1 1 0 263 791 305 220
3313 4 3 1 1 0 245 796 244 751
3314 4 3 1 1 0 797 757 183 852
3315 4 3 1 1 0 129 946 800 20
3316 4 3 1 1 0 975 77 76 536
3317 4 3 1 1 0 445 460 492 879
3318 4 3 1 1 0 791 305 220 252
3319 4 3 1 1 0 460 342 879 445
3320 4 3 1 1 0 851 454 363 484
3321 4 3 1 1 0 790 792 842 791
3322 4 3 1 1 0 784 306 791 783
3323 4 3 1 1 0 718 863 856 853
3324 4 3 1 1 0 359 859 484 851
3325 4 3 1 1 0 867 742 400 461
3326 4 3 1 1 0 804 850 277 756
3327 4 3 1 1 0 840 783 822 842
3328 4 3 1 1 0 719 900 724 758
3329 4 3 1 1 0 885 769 824 771
3330 4 3 1 1 0 935 645 974 716
3331 4 3 1 1 0 552 953 775 549
3332 4 3 1 1 0 566 933 62 563
3333 4 3 1 1 0 935 645 51 974
3334 4 3 1 1 0 728 793 716 791
3335 4 3 1 1 0 219 221 791 807
3336 4 3 1 1 0 508 897 425 824
3337 4 3 1 1 0 765 864 818 884
3338 4 3 1 1 0 422 824 818 459
3339 4 3 1 1 0 126 974 942 16
3340 4 3 1 1 0 899 350 499 443
3341 4 3 1 1 0 894 482 499 333
3342 4 3 1 1 0 748 813 722 752
3343 4 3 1 1 0 494 391 750 381
3344 4 3 1 1 0 58 23 557 953
3345 4 3 1 1 0 540 900 545 535
3346 4 3 1 1 0 765 711 864 763
3347 4 3 1 1 0 421 463 418 916
3348 4 3 1 1 0 679 685 907 101
3349 4 3 1 1 0 649 906 813 654
3350 4 3 1 1 0 983 987 342 442
3351 4 3 1 1 0 765 711 763 762
3352 4 3 1 1 0 245 329 246 752
3353 4 3 1 1 0 811 165 805 819
3354 4 3 1 1 0 122 121 621 816
3355 4 3 1 1 0 165 803 805 819
3356 4 3 1 1 0 894 817 892 899
3357 4 3 1 1 0 577 97 786 98
3358 4 3 1 1 0 718 863 853 756
3359 4 3 1 1 0 174 171 826 173
3360 4 3 1 1 0 141 229 726 236
3361 4 3 1 1 0 978 583 587 579
3362 4 3 1 1 0 736 191 838 787
3363 4 3 1 1 0 275 736 191 828
3364 4 3 1 1 0 275 736 273 202
3365 4 3 1 1 0 384 883 872 389
3366 4 3 1 1 0 778 738 774 708
3367 4 3 1 1 0 712 777 842 709
3368 4 3 1 1 0 721 832 820 833
3369 4 3 1 1 0 368 861 367 366
3370 4 3 1 1 0 16 974 51 645
3371 4 3 1 1 0 932 931 105 743
3372 4 3 1 1 0 430 506 870 334
3373 4 3 1 1 0 847 380 750 849
3374 4 3 1 1 0 871 789 478 872
3375 4 3 1 1 0 126 974 16 645
3376 4 3 1 1 0 105 743 564 572
3377 4 3 1 1 0 311 931 60 1
3378 4 3 1 1 0 318 985 939 28
3379 4 3 1 1 0 863 724 753 757
3380 4 3 1 1 0 917 866 750 849
3381 4 3 1 1 0 594 64 65 937
3382 4 3 1 1 0 200 787 838 191
3383 4 3 1 1 0 901 6 346 519
3384 4 3 1 1 0 937 901 436 871
3385 4 3 1 1 0 583 577 786 98
3386 4 3 1 1 0 768 298 250 156
3387 4 3 1 1 0 179 176 836 178
3388 4 3 1 1 0 179 825 836 176
3389 4 3 1 1 0 386 380 466 849
3390 4 3 1 1 0 835 834 849 847
3391 4 3 1 1 0 749 745 849 847
3392 4 3 1 1 0 570 562 574 788
3393 4 3 1 1 0 193 733 185 279
3394 4 3 1 1 0 380 917 382 750
3395 4 3 1 1 0 849 814 848 717
3396 4 3 1 1 0 904 119 609 120
3397 4 3 1 1 0 767 904 118 905
3398 4 3 1 1 0 745 750 849 847
3399 4 3 1 1 0 884 462 522 890
3400 4 3 1 1 0 87 86 450 925
3401 4 3 1 1 0 187 267 855 274
3402 4 3 1 1 0 765 767 764 766
3403 4 3 1 1 0 953 970 238 775
3404 4 3 1 1 0 895 333 894 892
3405 4 3 1 1 0 987 628 880 623
3406 4 3 1 1 0 857 862 855 848
3407 4 3 1 1 0 933 973 334 870
3408 4 3 1 1 0 187 195 855 853
3409 4 3 1 1 0 179 749 836 834
3410 4 3 1 1 0 294 56 57 969
3411 4 3 1 1 0 791 252 220 306
3412 4 3 1 1 0 253 974 308 16
3413 4 3 1 1 0 843 790 712 668
3414 4 3 1 1 0 935 50 140 51
3415 4 3 1 1 0 333 71 70 928
3416 4 3 1 1 0 718 856 855 853
3417 4 3 1 1 0 566 933 563 870
3418 4 3 1 1 0 862 857 855 858
3419 4 3 1 1 0 859 361 360 362
3420 4 3 1 1 0 979 261 813 143
3421 4 3 1 1 0 857 394 854 477
3422 4 3 1 1 0 364 365 858 362
3423 4 3 1 1 0 617 868 609 120
3424 4 3 1 1 0 800 128 129 658
3425 4 3 1 1 0 720 909 800 796
3426 4 3 1 1 0 969 704 57 949
3427 4 3 1 1 0 669 790 716 792
3428 4 3 1 1 0 942 253 142 52
3429 4 3 1 1 0 613 617 868 609
3430 4 3 1 1 0 760 610 619 868
3431 4 3 1 1 0 943 619 615 608
3432 4 3 1 1 0 688 685 910 684
3433 4 3 1 1 0 764 760 288 868
3434 4 3 1 1 0 943 250 760 249
3435 4 3 1 1 0 854 398 476 395
3436 4 3 1 1 0 39 691 910 682
3437 4 3 1 1 0 309 764 288 868
3438 4 3 1 1 0 926 304 726 141
3439 4 3 1 1 0 680 909 908 684
3440 4 3 1 1 0 754 532 101 534
3441 4 3 1 1 0 781 292 712 227
3442 4 3 1 1 0 319 911 24 55
3443 4 3 1 1 0 133 309 288 868
3444 4 3 1 1 0 863 753 724 719
3445 4 3 1 1 0 948 671 667 675
3446 4 3 1 1 0 841 883 838 872
3447 4 3 1 1 0 454 860 485 916
3448 4 3 1 1 0 707 821 809 806
3449 4 3 1 1 0 401 830 742 918
3450 4 3 1 1 0 424 865 454 916
3451 4 3 1 1 0 566 61 62 973
3452 4 3 1 1 0 762 761 802 711
3453 4 3 1 1 0 814 182 181 852
3454 4 3 1 1 0 419 884 763 765
3455 4 3 1 1 0 877 865 802 711
3456 4 3 1 1 0 708 404 779 795
3457 4 3 1 1 0 824 851 887 453
3458 4 3 1 1 0 82 878 955 607
3459 4 3 1 1 0 886 589 577 785
3460 4 3 1 1 0 715 874 723 785
3461 4 3 1 1 0 851 453 359 887
3462 4 3 1 1 0 758 356 354 727
3463 4 3 1 1 0 639 119 904 638
3464 4 3 1 1 0 877 761 807 763
3465 4 3 1 1 0 896 559 96 546
3466 4 3 1 1 0 851 715 824 887
3467 4 3 1 1 0 770 824 864 802
3468 4 3 1 1 0 420 864 916 763
3469 4 3 1 1 0 851 874 715 887
3470 4 3 1 1 0 783 219 807 218
3471 4 3 1 1 0 777 773 915 774
3472 4 3 1 1 0 782 844 774 777
3473 4 3 1 1 0 830 829 831 373
3474 4 3 1 1 0 388 470 839 883
3475 4 3 1 1 0 372 375 829 374
3476 4 3 1 1 0 566 933 870 973
3477 4 3 1 1 0 172 820 276 171
3478 4 3 1 1 0 815 479 894 433
3479 4 3 1 1 0 36 17 151 952
3480 4 3 1 1 0 652 817 656 653
3481 4 3 1 1 0 318 985 28 135
3482 4 3 1 1 0 416 808 417 414
3483 4 3 1 1 0 897 448 449 886
3484 4 3 1 1 0 840 783 842 791
3485 4 3 1 1 0 898 423 842 439
3486 4 3 1 1 0 416 418 877 763
3487 4 3 1 1 0 218 806 807 783
3488 4 3 1 1 0 571 973 957 61
3489 4 3 1 1 0 121 906 816 649
3490 4 3 1 1 0 886 448 80 902
3491 4 3 1 1 0 221 220 219 791
3492 4 3 1 1 0 122 121 816 649
3493 4 3 1 1 0 722 752 745 750
3494 4 3 1 1 0 817 649 752 653
3495 4 3 1 1 0 806 707 810 783
3496 4 3 1 1 0 959 293 138 746
3497 4 3 1 1 0 232 306 790 784
3498 4 3 1 1 0 292 319 911 153
3499 4 3 1 1 0 748 813 621 746
3500 4 3 1 1 0 571 973 61 566
3501 4 3 1 1 0 795 511 483 343
3502 4 3 1 1 0 896 96 95 546
3503 4 3 1 1 0 421 424 916 864
3504 4 3 1 1 0 63 563 62 933
3505 4 3 1 1 0 342 987 983 879
3506 4 3 1 1 0 813 143 246 752
3507 4 3 1 1 0 708 913 795 779
3508 4 3 1 1 0 795 913 552 107
3509 4 3 1 1 0 463 421 454 916
3510 4 3 1 1 0 83 82 955 607
3511 4 3 1 1 0 107 694 697 913
3512 4 3 1 1 0 982 447 933 63
3513 4 3 1 1 0 899 494 443 530
3514 4 3 1 1 0 123 652 892 660
3515 4 3 1 1 0 779 795 697 913
3516 4 3 1 1 0 817 895 894 892
3517 4 3 1 1 0 174 276 826 171
3518 4 3 1 1 0 481 368 821 367
3519 4 3 1 1 0 203 787 202 736
3520 4 3 1 1 0 721 828 829 826
3521 4 3 1 1 0 393 871 392 841
3522 4 3 1 1 0 827 830 914 826
3523 4 3 1 1 0 375 835 377 839
3524 4 3 1 1 0 819 803 860 855
3525 4 3 1 1 0 914 742 714 739
3526 4 3 1 1 0 127 952 796 951
3527 4 3 1 1 0 765 845 763 419
3528 4 3 1 1 0 418 419 420 763
3529 4 3 1 1 0 845 416 808 763
3530 4 3 1 1 0 837 832 833 862
3531 4 3 1 1 0 832 825 837 721
3532 4 3 1 1 0 972 344 516 21
3533 4 3 1 1 0 746 748 722 747
3534 4 3 1 1 0 793 716 669 125
3535 4 3 1 1 0 352 793 15 87
3536 4 3 1 1 0 759 762 802 711
3537 4 3 1 1 0 814 797 866 751
3538 4 3 1 1 0 848 267 855 187
3539 4 3 1 1 0 195 187 855 274
3540 4 3 1 1 0 820 811 819 170
3541 4 3 1 1 0 368 833 366 369
3542 4 3 1 1 0 221 222 766 807
3543 4 3 1 1 0 956 91 344 21
3544 4 3 1 1 0 851 802 850 860
3545 4 3 1 1 0 851 850 802 804
3546 4 3 1 1 0 199 196 724 756
3547 4 3 1 1 0 420 418 763 916
3548 4 3 1 1 0 331 295 751 192
3549 4 3 1 1 0 907 19 541 950
3550 4 3 1 1 0 722 752 750 748
3551 4 3 1 1 0 870 566 973 744
3552 4 3 1 1 0 733 722 846 747
3553 4 3 1 1 0 792 936 670 843
3554 4 3 1 1 0 612 760 619 615
3555 4 3 1 1 0 824 770 864 818
3556 4 3 1 1 0 194 722 749 747
3557 4 3 1 1 0 347 523 434 878
3558 4 3 1 1 0 781 782 774 777
3559 4 3 1 1 0 302 210 224 774
3560 4 3 1 1 0 779 441 888 881
3561 4 3 1 1 0 745 749 722 847
3562 4 3 1 1 0 496 441 888 779
3563 4 3 1 1 0 776 918 780 404
3564 4 3 1 1 0 470 372 829 373
3565 4 3 1 1 0 194 722 747 746
3566 4 3 1 1 0 342 987 444 442
3567 4 3 1 1 0 123 880 634 971
3568 4 3 1 1 0 815 817 895 894
3569 4 3 1 1 0 36 663 952 796
3570 4 3 1 1 0 443 350 442 880
3571 4 3 1 1 0 792 936 843 488
3572 4 3 1 1 0 984 936 792 335
3573 4 3 1 1 0 595 594 871 598
3574 4 3 1 1 0 732 873 846 733
3575 4 3 1 1 0 906 649 813 816
3576 4 3 1 1 0 732 873 733 838
3577 4 3 1 1 0 733 722 747 749
3578 4 3 1 1 0 649 654 752 653
3579 4 3 1 1 0 265 749 178 184
3580 4 3 1 1 0 201 787 202 203
3581 4 3 1 1 0 873 835 847 733
3582 4 3 1 1 0 375 372 829 470
3583 4 3 1 1 0 204 273 827 736
3584 4 3 1 1 0 936 676 972 90
3585 4 3 1 1 0 369 862 366 469
3586 4 3 1 1 0 30 248 29 924
3587 4 3 1 1 0 846 873 847 733
3588 4 3 1 1 0 318 985 135 734
3589 4 3 1 1 0 561 571 744 103
3590 4 3 1 1 0 236 725 934 150
3591 4 3 1 1 0 957 976 744 103
3592 4 3 1 1 0 936 676 843 972
3593 4 3 1 1 0 859 363 362 360
3594 4 3 1 1 0 130 676 21 972
3595 4 3 1 1 0 976 896 351 744
3596 4 3 1 1 0 666 843 677 673
3597 4 3 1 1 0 410 407 409 822
3598 4 3 1 1 0 264 218 807 219
3599 4 3 1 1 0 867 554 744 896
3600 4 3 1 1 0 867 554 896 555
3601 4 3 1 1 0 461 429 400 867
3602 4 3 1 1 0 972 666 130 676
3603 4 3 1 1 0 336 509 486 755
3604 4 3 1 1 0 354 336 486 755
3605 4 3 1 1 0 857 854 858 477
3606 4 3 1 1 0 900 336 354 755
3607 4 3 1 1 0 9 320 30 903
3608 4 3 1 1 0 36 17 952 663
3609 4 3 1 1 0 755 975 900 336
3610 4 3 1 1 0 932 311 1 931
3611 4 3 1 1 0 509 19 349 907
3612 4 3 1 1 0 787 740 203 737
3613 4 3 1 1 0 867 775 776 741
3614 4 3 1 1 0 740 204 205 206
3615 4 3 1 1 0 952 300 951 321
3616 4 3 1 1 0 336 950 509 755
3617 4 3 1 1 0 222 264 761 807
3618 4 3 1 1 0 762 222 761 807
3619 4 3 1 1 0 837 374 376 466
3620 4 3 1 1 0 735 460 920 879
3621 4 3 1 1 0 972 666 676 843
3622 4 3 1 1 0 473 858 365 477
3623 4 3 1 1 0 823 809 821 831
3624 4 3 1 1 0 510 22 795 483
3625 4 3 1 1 0 93 22 961 510
3626 4 3 1 1 0 676 90 21 972
3627 4 3 1 1 0 515 432 800 348
3628 4 3 1 1 0 922 544 944 78
3629 4 3 1 1 0 446 526 351 896
3630 4 3 1 1 0 351 896 96 446
3631 4 3 1 1 0 222 761 264 255
3632 4 3 1 1 0 3 78 944 544
3633 4 3 1 1 0 779 441 881 338
3634 4 3 1 1 0 712 784 777 227
3635 4 3 1 1 0 840 411 412 413
3636 4 3 1 1 0 804 272 723 756
3637 4 3 1 1 0 762 765 764 766
3638 4 3 1 1 0 785 355 449 497
3639 4 3 1 1 0 761 762 763 711
3640 4 3 1 1 0 851 874 887 359
3641 4 3 1 1 0 222 221 219 807
3642 4 3 1 1 0 758 354 356 357
3643 4 3 1 1 0 221 710 728 791
3644 4 3 1 1 0 11 507 929 84
3645 4 3 1 1 0 949 953 145 913
3646 4 3 1 1 0 864 884 763 420
3647 4 3 1 1 0 572 986 25 932
3648 4 3 1 1 0 842 784 783 777
3649 4 3 1 1 0 776 867 429 467
3650 4 3 1 1 0 842 822 844 777
3651 4 3 1 1 0 321 17 37 951
3652 4 3 1 1 0 649 906 654 659
3653 4 3 1 1 0 798 753 283 797
3654 4 3 1 1 0 822 842 783 777
3655 4 3 1 1 0 318 262 734 307
3656 4 3 1 1 0 327 787 788 262
3657 4 3 1 1 0 951 938 134 798
3658 4 3 1 1 0 769 576 580 579
3659 4 3 1 1 0 229 723 301 266
3660 4 3 1 1 0 922 544 786 944
3661 4 3 1 1 0 44 45 154 964
3662 4 3 1 1 0 460 891 514 492
3663 4 3 1 1 0 971 928 660 892
3664 4 3 1 1 0 870 788 567 574
3665 4 3 1 1 0 99 978 587 4
3666 4 3 1 1 0 951 681 127 692
3667 4 3 1 1 0 737 870 574 788
3668 4 3 1 1 0 468 792 491 426
3669 4 3 1 1 0 948 132 671 675
3670 4 3 1 1 0 105 932 743 572
3671 4 3 1 1 0 793 518 15 88
3672 4 3 1 1 0 668 671 667 712
3673 4 3 1 1 0 583 580 579 769
3674 4 3 1 1 0 971 928 70 660
3675 4 3 1 1 0 598 788 871 593
3676 4 3 1 1 0 327 787 262 230
3677 4 3 1 1 0 971 14 660 70
3678 4 3 1 1 0 596 891 117 735
3679 4 3 1 1 0 899 752 748 750
3680 4 3 1 1 0 34 143 979 35
3681 4 3 1 1 0 892 652 817 656
3682 4 3 1 1 0 83 611 607 955
3683 4 3 1 1 0 937 436 65 337
3684 4 3 1 1 0 937 64 65 436
3685 4 3 1 1 0 660 971 892 123
3686 4 3 1 1 0 815 801 720 799
3687 4 3 1 1 0 30 924 29 599
3688 4 3 1 1 0 748 752 816 813
3689 4 3 1 1 0 121 906 659 13
3690 4 3 1 1 0 146 314 768 156
3691 4 3 1 1 0 396 801 397 432
3692 4 3 1 1 0 769 156 155 770
3693 4 3 1 1 0 771 581 578 580
3694 4 3 1 1 0 768 581 580 576
3695 4 3 1 1 0 396 801 432 815
3696 4 3 1 1 0 724 900 754 726
3697 4 3 1 1 0 866 396 799 387
3698 4 3 1 1 0 254 160 759 285
3699 4 3 1 1 0 341 431 450 794
3700 4 3 1 1 0 518 793 15 352
3701 4 3 1 1 0 165 166 819 167
3702 4 3 1 1 0 463 418 877 417
3703 4 3 1 1 0 264 286 761 805
3704 4 3 1 1 0 185 179 189 834
3705 4 3 1 1 0 793 124 15 648
3706 4 3 1 1 0 177 848 175 836
3707 4 3 1 1 0 825 848 832 849
3708 4 3 1 1 0 124 793 15 678
3709 4 3 1 1 0 231 732 838 734
3710 4 3 1 1 0 832 270 848 175
3711 4 3 1 1 0 272 804 277 756
3712 4 3 1 1 0 861 364 365 858
3713 4 3 1 1 0 804 272 158 723
3714 4 3 1 1 0 724 198 233 197
3715 4 3 1 1 0 234 757 233 197
3716 4 3 1 1 0 387 854 395 799
3717 4 3 1 1 0 396 387 395 799
3718 4 3 1 1 0 783 806 807 810
3719 4 3 1 1 0 811 820 169 170
3720 4 3 1 1 0 951 17 37 692
3721 4 3 1 1 0 947 313 729 148
3722 4 3 1 1 0 823 822 882 480
3723 4 3 1 1 0 148 947 313 12
3724 4 3 1 1 0 904 729 120 868
3725 4 3 1 1 0 729 904 120 638
3726 4 3 1 1 0 641 716 126 645
3727 4 3 1 1 0 951 938 37 134
3728 4 3 1 1 0 644 636 640 728
3729 4 3 1 1 0 794 451 341 431
3730 4 3 1 1 0 783 807 840 810
3731 4 3 1 1 0 806 772 783 258
3732 4 3 1 1 0 221 710 791 807
3733 4 3 1 1 0 258 215 772 783
3734 4 3 1 1 0 456 822 810 823
3735 4 3 1 1 0 932 105 1 572
3736 4 3 1 1 0 977 574 788 737
3737 4 3 1 1 0 787 262 230 201
3738 4 3 1 1 0 14 971 660 123
3739 4 3 1 1 0 931 547 970 60
3740 4 3 1 1 0 668 980 667 664
3741 4 3 1 1 0 775 560 867 795
3742 4 3 1 1 0 942 664 674 52
3743 4 3 1 1 0 791 305 252 716
3744 4 3 1 1 0 52 53 142 980
3745 4 3 1 1 0 840 845 710 794
3746 4 3 1 1 0 935 305 308 140
3747 4 3 1 1 0 232 306 252 790
3748 4 3 1 1 0 808 812 417 457
3749 4 3 1 1 0 368 833 369 370
3750 4 3 1 1 0 255 286 164 761
3751 4 3 1 1 0 812 481 810 821
3752 4 3 1 1 0 171 276 826 820
3753 4 3 1 1 0 825 820 721 832
3754 4 3 1 1 0 924 600 597 734
3755 4 3 1 1 0 924 231 732 248
3756 4 3 1 1 0 733 722 749 847
3757 4 3 1 1 0 746 237 747 291
3758 4 3 1 1 0 171 820 826 173
3759 4 3 1 1 0 850 161 804 162
3760 4 3 1 1 0 942 980 52 142
3761 4 3 1 1 0 204 740 205 203
3762 4 3 1 1 0 953 106 949 557
3763 4 3 1 1 0 773 213 772 257
3764 4 3 1 1 0 970 550 549 547
3765 4 3 1 1 0 986 284 144 25
3766 4 3 1 1 0 53 948 54 251
3767 4 3 1 1 0 251 54 153 948
3768 4 3 1 1 0 118 958 929 11
3769 4 3 1 1 0 17 127 692 951
3770 4 3 1 1 0 931 547 743 970
3771 4 3 1 1 0 841 839 730 838
3772 4 3 1 1 0 911 701 706 695
3773 4 3 1 1 0 864 759 802 711
3774 4 3 1 1 0 781 702 911 695
3775 4 3 1 1 0 762 225 285 761
3776 4 3 1 1 0 781 712 777 227
3777 4 3 1 1 0 867 742 744 741
3778 4 3 1 1 0 778 294 289 240
3779 4 3 1 1 0 780 915 774 844
3780 4 3 1 1 0 239 775 238 241
3781 4 3 1 1 0 743 205 737 312
3782 4 3 1 1 0 795 553 560 896
3783 4 3 1 1 0 812 481 821 367
3784 4 3 1 1 0 255 225 761 285
3785 4 3 1 1 0 444 987 342 879
3786 4 3 1 1 0 200 787 191 201
3787 4 3 1 1 0 672 793 665 678
3788 4 3 1 1 0 640 635 642 794
3789 4 3 1 1 0 861 819 860 855
3790 4 3 1 1 0 860 851 454 363
3791 4 3 1 1 0 856 854 852 863
3792 4 3 1 1 0 832 270 175 170
3793 4 3 1 1 0 851 859 484 363
3794 4 3 1 1 0 681 909 796 128
3795 4 3 1 1 0 733 873 730 838
3796 4 3 1 1 0 724 196 757 853
3797 4 3 1 1 0 866 854 799 852
3798 4 3 1 1 0 750 745 722 847
3799 4 3 1 1 0 443 987 880 442
3800 4 3 1 1 0 196 724 197 198
3801 4 3 1 1 0 724 196 197 757
3802 4 3 1 1 0 443 987 442 444
3803 4 3 1 1 0 196 188 197 757
3804 4 3 1 1 0 190 185 189 733
3805 4 3 1 1 0 394 854 476 395
3806 4 3 1 1 0 632 959 625 621
3807 4 3 1 1 0 177 814 181 848
3808 4 3 1 1 0 245 796 751 752
3809 4 3 1 1 0 547 60 59 970
3810 4 3 1 1 0 188 757 280 197
3811 4 3 1 1 0 210 773 739 208
3812 4 3 1 1 0 215 214 772 783
3813 4 3 1 1 0 475 823 882 480
3814 4 3 1 1 0 831 372 829 833
3815 4 3 1 1 0 837 833 832 721
3816 4 3 1 1 0 884 427 462 420
3817 4 3 1 1 0 606 611 905 610
3818 4 3 1 1 0 889 523 878 434
3819 4 3 1 1 0 419 504 462 884
3820 4 3 1 1 0 773 210 211 208
3821 4 3 1 1 0 209 739 210 738
3822 4 3 1 1 0 209 210 739 208
3823 4 3 1 1 0 918 400 776 742
3824 4 3 1 1 0 777 773 774 212
3825 4 3 1 1 0 842 822 409 844
3826 4 3 1 1 0 822 915 823 882
3827 4 3 1 1 0 918 401 472 403
3828 4 3 1 1 0 951 681 692 687
3829 4 3 1 1 0 784 790 842 791
3830 4 3 1 1 0 956 960 912 437
3831 4 3 1 1 0 792 840 842 791
3832 4 3 1 1 0 311 931 139 60
3833 4 3 1 1 0 784 842 783 791
3834 4 3 1 1 0 507 963 905 929
3835 4 3 1 1 0 413 468 426 840
3836 4 3 1 1 0 793 518 491 352
3837 4 3 1 1 0 328 144 737 268
3838 4 3 1 1 0 724 723 726 199
3839 4 3 1 1 0 791 252 306 790
3840 4 3 1 1 0 758 874 356 727
3841 4 3 1 1 0 767 765 905 890
3842 4 3 1 1 0 787 737 203 230
3843 4 3 1 1 0 80 584 582 902
3844 4 3 1 1 0 970 241 775 741
3845 4 3 1 1 0 195 278 274 855
3846 4 3 1 1 0 862 369 374 469
3847 4 3 1 1 0 242 297 241 741
3848 4 3 1 1 0 931 970 743 139
3849 4 3 1 1 0 744 740 741 742
3850 4 3 1 1 0 727 874 723 756
3851 4 3 1 1 0 738 241 741 775
3852 4 3 1 1 0 731 744 870 742
3853 4 3 1 1 0 253 716 142 252
3854 4 3 1 1 0 897 449 521 497
3855 4 3 1 1 0 716 790 142 252
3856 4 3 1 1 0 716 253 305 252
3857 4 3 1 1 0 907 755 950 541
3858 4 3 1 1 0 263 791 220 221
3859 4 3 1 1 0 110 567 569 789
3860 4 3 1 1 0 61 517 957 2
3861 4 3 1 1 0 263 791 221 728
3862 4 3 1 1 0 789 495 489 478
3863 4 3 1 1 0 564 986 737 568
3864 4 3 1 1 0 831 372 833 370
3865 4 3 1 1 0 896 446 343 95
3866 4 3 1 1 0 140 305 263 728
3867 4 3 1 1 0 323 967 728 729
3868 4 3 1 1 0 561 104 103 744
3869 4 3 1 1 0 182 797 183 852
3870 4 3 1 1 0 832 862 855 861
3871 4 3 1 1 0 744 399 742 461
3872 4 3 1 1 0 267 270 855 274
3873 4 3 1 1 0 805 819 860 713
3874 4 3 1 1 0 976 554 559 896
3875 4 3 1 1 0 189 834 271 828
3876 4 3 1 1 0 594 901 598 602
3877 4 3 1 1 0 275 189 271 828
3878 4 3 1 1 0 899 494 530 750
3879 4 3 1 1 0 808 416 877 763
3880 4 3 1 1 0 762 761 285 802
3881 4 3 1 1 0 850 161 162 163
3882 4 3 1 1 0 160 759 802 770
3883 4 3 1 1 0 732 231 733 279
3884 4 3 1 1 0 754 532 534 900
3885 4 3 1 1 0 475 406 480 882
3886 4 3 1 1 0 780 822 915 844
3887 4 3 1 1 0 918 830 742 714
3888 4 3 1 1 0 918 830 714 882
3889 4 3 1 1 0 737 328 268 230
3890 4 3 1 1 0 830 472 831 882
3891 4 3 1 1 0 734 262 200 307
3892 4 3 1 1 0 189 191 838 828
3893 4 3 1 1 0 768 760 770 818
3894 4 3 1 1 0 231 734 200 307
3895 4 3 1 1 0 231 135 734 307
3896 4 3 1 1 0 986 312 737 144
3897 4 3 1 1 0 443 987 444 748
3898 4 3 1 1 0 986 284 932 743
3899 4 3 1 1 0 177 267 848 181
3900 4 3 1 1 0 5 788 318 152
3901 4 3 1 1 0 540 531 786 539
3902 4 3 1 1 0 549 970 547 59
3903 4 3 1 1 0 788 901 871 789
3904 4 3 1 1 0 262 152 318 788
3905 4 3 1 1 0 110 567 788 570
3906 4 3 1 1 0 920 891 117 10
3907 4 3 1 1 0 598 788 593 110
3908 4 3 1 1 0 970 550 547 741
3909 4 3 1 1 0 231 734 838 200
3910 4 3 1 1 0 979 143 813 752
3911 4 3 1 1 0 870 789 788 872
3912 4 3 1 1 0 245 751 329 752
3913 4 3 1 1 0 751 295 329 186
3914 4 3 1 1 0 245 295 329 751
3915 4 3 1 1 0 547 743 970 741
3916 4 3 1 1 0 243 979 796 752
3917 4 3 1 1 0 929 958 767 507
3918 4 3 1 1 0 119 639 904 118
3919 4 3 1 1 0 652 660 656 892
3920 4 3 1 1 0 621 959 625 746
3921 4 3 1 1 0 19 950 76 541
3922 4 3 1 1 0 74 909 340 908
3923 4 3 1 1 0 969 704 949 913
3924 4 3 1 1 0 920 622 879 631
3925 4 3 1 1 0 904 610 868 609
3926 4 3 1 1 0 764 905 818 610
3927 4 3 1 1 0 969 704 913 700
3928 4 3 1 1 0 119 904 638 120
3929 4 3 1 1 0 478 384 872 389
3930 4 3 1 1 0 828 733 189 834
3931 4 3 1 1 0 333 895 928 892
3932 4 3 1 1 0 854 855 852 857
3933 4 3 1 1 0 455 525 893 895
3934 4 3 1 1 0 800 128 796 909
3935 4 3 1 1 0 177 267 175 848
3936 4 3 1 1 0 25 932 1 572
3937 4 3 1 1 0 987 846 748 630
3938 4 3 1 1 0 854 398 395 799
3939 4 3 1 1 0 907 541 19 102
3940 4 3 1 1 0 471 476 863 398
3941 4 3 1 1 0 476 471 863 856
3942 4 3 1 1 0 859 364 362 363
3943 4 3 1 1 0 251 232 712 303
3944 4 3 1 1 0 669 790 792 668
3945 4 3 1 1 0 669 792 716 793
3946 4 3 1 1 0 718 863 756 875
3947 4 3 1 1 0 361 471 875 358
3948 4 3 1 1 0 854 387 866 799
3949 4 3 1 1 0 724 756 853 863
3950 4 3 1 1 0 801 397 503 428
3951 4 3 1 1 0 975 541 76 950
3952 4 3 1 1 0 294 941 969 913
3953 4 3 1 1 0 510 921 93 338
3954 4 3 1 1 0 808 812 457 810
3955 4 3 1 1 0 441 881 338 440
3956 4 3 1 1 0 731 737 872 870
3957 4 3 1 1 0 240 778 913 775
3958 4 3 1 1 0 911 136 55 319
3959 4 3 1 1 0 56 55 941 136
3960 4 3 1 1 0 336 950 755 975
3961 4 3 1 1 0 787 737 872 731
3962 4 3 1 1 0 969 704 700 57
3963 4 3 1 1 0 377 383 378 839
3964 4 3 1 1 0 209 738 302 330
3965 4 3 1 1 0 98 99 538 725
3966 4 3 1 1 0 375 377 378 839
3967 4 3 1 1 0 770 759 864 818
3968 4 3 1 1 0 190 189 838 733
3969 4 3 1 1 0 229 724 726 199
3970 4 3 1 1 0 229 724 199 198
3971 4 3 1 1 0 537 900 726 754
3972 4 3 1 1 0 926 304 141 316
3973 4 3 1 1 0 23 949 57 704
3974 4 3 1 1 0 567 870 574 565
3975 4 3 1 1 0 986 312 144 284
3976 4 3 1 1 0 190 200 838 191
3977 4 3 1 1 0 399 430 506 870
3978 4 3 1 1 0 939 734 318 788
3979 4 3 1 1 0 731 744 742 740
3980 4 3 1 1 0 969 941 700 913
3981 4 3 1 1 0 621 906 813 816
3982 4 3 1 1 0 627 622 631 879
3983 4 3 1 1 0 969 56 57 700
3984 4 3 1 1 0 737 870 788 872
3985 4 3 1 1 0 290 966 147 237
3986 4 3 1 1 0 115 966 633 9
3987 4 3 1 1 0 759 226 762 764
3988 4 3 1 1 0 760 322 288 250
3989 4 3 1 1 0 278 163 850 162
3990 4 3 1 1 0 831 721 829 826
3991 4 3 1 1 0 862 832 855 848
3992 4 3 1 1 0 858 860 859 855
3993 4 3 1 1 0 811 172 169 820
3994 4 3 1 1 0 160 298 759 770
3995 4 3 1 1 0 298 160 157 770
3996 4 3 1 1 0 723 770 804 715
3997 4 3 1 1 0 786 538 545 725
3998 4 3 1 1 0 873 871 393 841
3999 4 3 1 1 0 787 737 788 872
4000 4 3 1 1 0 780 822 844 407
4001 4 3 1 1 0 780 822 407 882
4002 4 3 1 1 0 911 132 24 706
4003 4 3 1 1 0 232 980 251 712
4004 4 3 1 1 0 720 798 797 799
4005 4 3 1 1 0 869 398 428 465
4006 4 3 1 1 0 969 317 913 949
4007 4 3 1 1 0 936 439 843 488
4008 4 3 1 1 0 758 874 727 756
4009 4 3 1 1 0 822 456 480 823
4010 4 3 1 1 0 406 780 407 882
4011 4 3 1 1 0 822 707 810 823
4012 4 3 1 1 0 820 832 819 821
4013 4 3 1 1 0 225 762 222 761
4014 4 3 1 1 0 463 485 458 812
4015 4 3 1 1 0 865 864 802 711
4016 4 3 1 1 0 803 165 805 164
4017 4 3 1 1 0 226 254 762 225
4018 4 3 1 1 0 727 724 726 900
4019 4 3 1 1 0 722 494 847 846
4020 4 3 1 1 0 376 835 849 847
4021 4 3 1 1 0 830 827 714 831
4022 4 3 1 1 0 406 780 882 403
4023 4 3 1 1 0 749 193 184 194
4024 4 3 1 1 0 798 753 797 799
4025 4 3 1 1 0 813 261 293 246
4026 4 3 1 1 0 893 815 894 433
4027 4 3 1 1 0 379 835 376 847
4028 4 3 1 1 0 418 463 877 916
4029 4 3 1 1 0 864 711 916 763
4030 4 3 1 1 0 364 861 367 860
4031 4 3 1 1 0 508 897 824 885
4032 4 3 1 1 0 761 803 164 802
4033 4 3 1 1 0 759 762 285 802
4034 4 3 1 1 0 899 894 750 530
4035 4 3 1 1 0 375 837 829 374
4036 4 3 1 1 0 406 780 403 405
4037 4 3 1 1 0 23 949 704 106
4038 4 3 1 1 0 839 383 378 384
4039 4 3 1 1 0 829 830 831 826
4040 4 3 1 1 0 704 949 913 106
4041 4 3 1 1 0 767 339 890 905
4042 4 3 1 1 0 86 341 981 85
4043 4 3 1 1 0 812 457 458 417
4044 4 3 1 1 0 457 812 458 481
4045 4 3 1 1 0 969 317 294 913
4046 4 3 1 1 0 102 19 907 689
4047 4 3 1 1 0 856 859 875 718
4048 4 3 1 1 0 861 862 855 858
4049 4 3 1 1 0 166 803 855 850
4050 4 3 1 1 0 987 879 630 983
4051 4 3 1 1 0 465 471 357 758
4052 4 3 1 1 0 354 486 758 755
4053 4 3 1 1 0 181 182 183 852
4054 4 3 1 1 0 948 667 54 675
4055 4 3 1 1 0 969 941 56 700
4056 4 3 1 1 0 951 687 938 798
4057 4 3 1 1 0 827 914 714 739
4058 4 3 1 1 0 827 830 714 914
4059 4 3 1 1 0 325 754 233 753
4060 4 3 1 1 0 758 863 719 869
4061 4 3 1 1 0 951 687 37 938
4062 4 3 1 1 0 504 339 462 890
4063 4 3 1 1 0 936 676 90 673
4064 4 3 1 1 0 876 509 349 907
4065 4 3 1 1 0 948 132 675 24
4066 4 3 1 1 0 723 770 715 769
4067 4 3 1 1 0 886 577 585 588
4068 4 3 1 1 0 287 723 158 266
4069 4 3 1 1 0 229 723 266 199
4070 4 3 1 1 0 814 797 751 182
4071 4 3 1 1 0 895 817 656 892
4072 4 3 1 1 0 53 948 251 980
4073 4 3 1 1 0 767 339 504 890
4074 4 3 1 1 0 299 813 293 246
4075 4 3 1 1 0 122 652 649 816
4076 4 3 1 1 0 938 688 687 682
4077 4 3 1 1 0 146 8 46 962
4078 4 3 1 1 0 113 818 771 878
4079 4 3 1 1 0 493 90 936 516
4080 4 3 1 1 0 54 24 948 675
4081 4 3 1 1 0 843 790 668 792
4082 4 3 1 1 0 911 912 671 131
4083 4 3 1 1 0 781 292 911 712
4084 4 3 1 1 0 790 232 784 712
4085 4 3 1 1 0 948 132 24 911
4086 4 3 1 1 0 972 344 21 956
4087 4 3 1 1 0 534 900 532 535
4088 4 3 1 1 0 19 509 76 950
4089 4 3 1 1 0 687 38 37 938
4090 4 3 1 1 0 922 544 539 786
4091 4 3 1 1 0 922 944 786 513
4092 4 3 1 1 0 355 922 513 353
4093 4 3 1 1 0 873 735 846 498
4094 4 3 1 1 0 424 421 422 864
4095 4 3 1 1 0 715 874 756 723
4096 4 3 1 1 0 393 735 873 498
4097 4 3 1 1 0 517 506 744 461
4098 4 3 1 1 0 851 874 756 715
4099 4 3 1 1 0 744 399 461 506
4100 4 3 1 1 0 401 830 918 472
4101 4 3 1 1 0 401 830 472 474
4102 4 3 1 1 0 243 979 35 796
4103 4 3 1 1 0 373 475 370 831
4104 4 3 1 1 0 401 830 474 742
4105 4 3 1 1 0 937 595 871 735
4106 4 3 1 1 0 795 22 703 108
4107 4 3 1 1 0 590 902 81 968
4108 4 3 1 1 0 795 108 697 107
4109 4 3 1 1 0 987 628 623 630
4110 4 3 1 1 0 779 795 510 961
4111 4 3 1 1 0 391 382 750 381
4112 4 3 1 1 0 771 968 902 590
4113 4 3 1 1 0 968 112 878 7
4114 4 3 1 1 0 479 917 750 382
4115 4 3 1 1 0 331 720 797 751
4116 4 3 1 1 0 7 968 590 81
4117 4 3 1 1 0 968 112 7 590
4118 4 3 1 1 0 49 643 967 729
4119 4 3 1 1 0 926 537 40 41
4120 4 3 1 1 0 137 310 43 954
4121 4 3 1 1 0 765 864 884 763
4122 4 3 1 1 0 771 770 818 768
4123 4 3 1 1 0 967 640 643 636
4124 4 3 1 1 0 526 429 461 867
4125 4 3 1 1 0 967 640 636 728
4126 4 3 1 1 0 526 446 527 896
4127 4 3 1 1 0 726 236 725 965
4128 4 3 1 1 0 727 545 726 725
4129 4 3 1 1 0 583 580 785 589
4130 4 3 1 1 0 368 861 366 833
4131 4 3 1 1 0 339 955 963 83
4132 4 3 1 1 0 987 623 880 940
4133 4 3 1 1 0 931 547 60 556
4134 4 3 1 1 0 725 583 769 785
4135 4 3 1 1 0 865 877 916 711
4136 4 3 1 1 0 864 865 916 711
4137 4 3 1 1 0 767 507 339 905
4138 4 3 1 1 0 953 970 58 238
4139 4 3 1 1 0 962 314 146 8
4140 4 3 1 1 0 557 949 953 23
4141 4 3 1 1 0 50 636 967 643
4142 4 3 1 1 0 949 953 23 145
4143 4 3 1 1 0 864 421 420 916
4144 4 3 1 1 0 903 599 924 30
4145 4 3 1 1 0 555 867 560 896
4146 4 3 1 1 0 867 795 560 896
4147 4 3 1 1 0 517 973 61 957
4148 4 3 1 1 0 421 418 420 916
4149 4 3 1 1 0 104 551 554 744
4150 4 3 1 1 0 878 771 459 818
4151 4 3 1 1 0 711 877 916 763
4152 4 3 1 1 0 771 578 902 582
4153 4 3 1 1 0 141 965 41 236
4154 4 3 1 1 0 512 332 902 81
4155 4 3 1 1 0 942 669 716 126
4156 4 3 1 1 0 253 974 16 942
4157 4 3 1 1 0 867 554 555 551
4158 4 3 1 1 0 931 970 139 60
4159 4 3 1 1 0 251 980 142 53
4160 4 3 1 1 0 716 641 126 125
4161 4 3 1 1 0 970 241 741 139
4162 4 3 1 1 0 970 550 741 775
4163 4 3 1 1 0 564 986 568 572
4164 4 3 1 1 0 64 901 602 6
4165 4 3 1 1 0 908 435 340 74
4166 4 3 1 1 0 908 75 435 74
4167 4 3 1 1 0 327 787 230 737
4168 4 3 1 1 0 49 50 967 643
4169 4 3 1 1 0 903 599 30 605
4170 4 3 1 1 0 929 958 507 11
4171 4 3 1 1 0 640 904 729 638
4172 4 3 1 1 0 595 871 734 604
4173 4 3 1 1 0 594 901 602 64
4174 4 3 1 1 0 795 779 697 703
4175 4 3 1 1 0 595 871 604 598
4176 4 3 1 1 0 901 602 109 598
4177 4 3 1 1 0 110 901 109 598
4178 4 3 1 1 0 867 775 741 550
4179 4 3 1 1 0 743 205 312 242
4180 4 3 1 1 0 35 650 36 796
4181 4 3 1 1 0 118 639 767 646
4182 4 3 1 1 0 9 903 30 605
4183 4 3 1 1 0 775 560 795 552
4184 4 3 1 1 0 798 908 684 910
4185 4 3 1 1 0 329 745 186 299
4186 4 3 1 1 0 745 751 186 814
4187 4 3 1 1 0 614 878 607 612
4188 4 3 1 1 0 260 868 309 313
4189 4 3 1 1 0 419 451 845 505
4190 4 3 1 1 0 794 793 925 642
4191 4 3 1 1 0 987 846 444 748
4192 4 3 1 1 0 295 245 244 751
4193 4 3 1 1 0 895 651 656 662
4194 4 3 1 1 0 952 300 321 151
4195 4 3 1 1 0 625 746 624 626
4196 4 3 1 1 0 509 876 486 755
4197 4 3 1 1 0 804 162 277 850
4198 4 3 1 1 0 545 727 786 725
4199 4 3 1 1 0 115 966 9 903
4200 4 3 1 1 0 759 770 864 802
4201 4 3 1 1 0 166 163 850 278
4202 4 3 1 1 0 735 622 846 879
4203 4 3 1 1 0 177 176 836 175
4204 4 3 1 1 0 166 270 819 167
4205 4 3 1 1 0 793 124 648 637
4206 4 3 1 1 0 839 835 730 828
4207 4 3 1 1 0 749 185 179 184
4208 4 3 1 1 0 722 494 846 748
4209 4 3 1 1 0 947 12 120 617
4210 4 3 1 1 0 746 138 237 291
4211 4 3 1 1 0 796 650 653 752
4212 4 3 1 1 0 355 922 353 727
4213 4 3 1 1 0 87 793 15 648
4214 4 3 1 1 0 162 804 277 272
4215 4 3 1 1 0 485 364 860 363
4216 4 3 1 1 0 270 832 848 855
4217 4 3 1 1 0 187 188 195 853
4218 4 3 1 1 0 738 776 741 739
4219 4 3 1 1 0 204 207 206 739
4220 4 3 1 1 0 492 460 735 879
4221 4 3 1 1 0 297 740 205 206
4222 4 3 1 1 0 210 738 774 302
4223 4 3 1 1 0 806 772 258 809
4224 4 3 1 1 0 947 617 868 48
4225 4 3 1 1 0 931 556 60 1
4226 4 3 1 1 0 888 408 844 898
4227 4 3 1 1 0 306 217 791 783
4228 4 3 1 1 0 845 504 419 765
4229 4 3 1 1 0 793 124 665 678
4230 4 3 1 1 0 767 729 764 766
4231 4 3 1 1 0 341 794 450 925
4232 4 3 1 1 0 644 793 794 642
4233 4 3 1 1 0 925 635 794 642
4234 4 3 1 1 0 743 931 139 311
4235 4 3 1 1 0 947 617 120 868
4236 4 3 1 1 0 949 145 23 317
4237 4 3 1 1 0 969 317 57 294
4238 4 3 1 1 0 794 793 450 925
4239 4 3 1 1 0 925 635 642 86
4240 4 3 1 1 0 221 228 728 766
4241 4 3 1 1 0 783 840 807 791
4242 4 3 1 1 0 729 904 764 868
4243 4 3 1 1 0 943 250 249 146
4244 4 3 1 1 0 906 654 659 34
4245 4 3 1 1 0 749 179 836 178
4246 4 3 1 1 0 817 800 895 662
4247 4 3 1 1 0 979 261 143 34
4248 4 3 1 1 0 261 34 906 13
4249 4 3 1 1 0 87 793 642 925
4250 4 3 1 1 0 668 843 671 712
4251 4 3 1 1 0 196 199 277 756
4252 4 3 1 1 0 89 670 936 673
4253 4 3 1 1 0 670 89 936 984
4254 4 3 1 1 0 804 851 850 756
4255 4 3 1 1 0 677 843 670 673
4256 4 3 1 1 0 753 798 283 326
4257 4 3 1 1 0 938 326 798 910
4258 4 3 1 1 0 240 317 145 913
4259 4 3 1 1 0 913 782 779 778
4260 4 3 1 1 0 31 966 624 919
4261 4 3 1 1 0 822 407 409 844
4262 4 3 1 1 0 987 628 630 748
4263 4 3 1 1 0 245 796 752 243
4264 4 3 1 1 0 222 223 762 225
4265 4 3 1 1 0 12 617 947 48
4266 4 3 1 1 0 129 946 690 909
4267 4 3 1 1 0 926 542 537 754
4268 4 3 1 1 0 926 304 316 754
4269 4 3 1 1 0 31 624 966 633
4270 4 3 1 1 0 923 542 754 100
4271 4 3 1 1 0 754 149 233 316
4272 4 3 1 1 0 111 939 593 603
4273 4 3 1 1 0 680 909 686 690
4274 4 3 1 1 0 55 911 24 706
4275 4 3 1 1 0 152 262 327 788
4276 4 3 1 1 0 25 144 986 26
4277 4 3 1 1 0 402 918 403 401
4278 4 3 1 1 0 909 681 686 128
4279 4 3 1 1 0 129 909 686 128
4280 4 3 1 1 0 899 752 750 817
4281 4 3 1 1 0 419 416 845 763
4282 4 3 1 1 0 473 862 857 466
4283 4 3 1 1 0 91 956 344 437
4284 4 3 1 1 0 396 801 815 799
4285 4 3 1 1 0 380 917 750 849
4286 4 3 1 1 0 100 691 685 910
4287 4 3 1 1 0 278 195 850 855
4288 4 3 1 1 0 853 850 855 718
4289 4 3 1 1 0 313 947 868 48
4290 4 3 1 1 0 473 862 466 469
4291 4 3 1 1 0 424 851 453 484
4292 4 3 1 1 0 857 394 477 473
4293 4 3 1 1 0 473 862 469 365
4294 4 3 1 1 0 833 861 832 821
4295 4 3 1 1 0 417 812 463 458
4296 4 3 1 1 0 416 419 418 763
4297 4 3 1 1 0 773 213 257 211
4298 4 3 1 1 0 782 781 774 778
4299 4 3 1 1 0 946 909 73 690
4300 4 3 1 1 0 837 835 849 376
4301 4 3 1 1 0 748 899 880 816
4302 4 3 1 1 0 750 745 849 866
4303 4 3 1 1 0 801 798 720 799
4304 4 3 1 1 0 481 823 810 821
4305 4 3 1 1 0 846 444 748 494
4306 4 3 1 1 0 368 861 833 821
4307 4 3 1 1 0 830 373 831 472
4308 4 3 1 1 0 490 937 436 871
4309 4 3 1 1 0 735 490 393 871
4310 4 3 1 1 0 982 495 447 519
4311 4 3 1 1 0 831 372 370 373
4312 4 3 1 1 0 827 809 714 831
4313 4 3 1 1 0 831 721 826 820
4314 4 3 1 1 0 976 96 2 351
4315 4 3 1 1 0 776 402 404 467
4316 4 3 1 1 0 827 820 831 826
4317 4 3 1 1 0 402 776 429 467
4318 4 3 1 1 0 416 419 845 505
4319 4 3 1 1 0 845 426 840 415
4320 4 3 1 1 0 845 426 415 431
4321 4 3 1 1 0 129 946 909 800
4322 4 3 1 1 0 777 212 774 224
4323 4 3 1 1 0 647 947 729 49
4324 4 3 1 1 0 212 210 774 224
4325 4 3 1 1 0 785 355 727 786
4326 4 3 1 1 0 886 897 885 785
4327 4 3 1 1 0 769 310 137 954
4328 4 3 1 1 0 771 769 770 768
4329 4 3 1 1 0 736 191 787 202
4330 4 3 1 1 0 885 580 771 582
4331 4 3 1 1 0 3 78 513 944
4332 4 3 1 1 0 886 589 585 577
4333 4 3 1 1 0 786 355 513 345
4334 4 3 1 1 0 885 487 448 332
4335 4 3 1 1 0 873 835 730 841
4336 4 3 1 1 0 453 497 887 521
4337 4 3 1 1 0 885 771 508 902
4338 4 3 1 1 0 523 889 878 459
4339 4 3 1 1 0 347 523 878 459
4340 4 3 1 1 0 512 347 878 459
4341 4 3 1 1 0 829 883 914 839
4342 4 3 1 1 0 734 262 788 838
4343 4 3 1 1 0 915 714 773 809
4344 4 3 1 1 0 335 792 491 488
4345 4 3 1 1 0 375 470 839 378
4346 4 3 1 1 0 707 915 809 823
4347 4 3 1 1 0 275 736 202 191
4348 4 3 1 1 0 792 468 491 488
4349 4 3 1 1 0 946 20 690 73
4350 4 3 1 1 0 832 820 833 821
4351 4 3 1 1 0 822 410 456 412
4352 4 3 1 1 0 895 71 651 945
4353 4 3 1 1 0 929 11 616 118
4354 4 3 1 1 0 515 909 73 946
4355 4 3 1 1 0 908 680 683 74
4356 4 3 1 1 0 237 746 747 919
4357 4 3 1 1 0 909 801 432 503
4358 4 3 1 1 0 515 909 432 503
4359 4 3 1 1 0 982 6 519 63
4360 4 3 1 1 0 64 901 6 346
4361 4 3 1 1 0 630 846 622 879
4362 4 3 1 1 0 835 383 841 873
4363 4 3 1 1 0 455 893 525 524
4364 4 3 1 1 0 895 651 800 945
4365 4 3 1 1 0 880 899 892 816
4366 4 3 1 1 0 556 105 1 931
4367 4 3 1 1 0 871 478 392 841
4368 4 3 1 1 0 393 383 873 841
4369 4 3 1 1 0 900 540 539 536
4370 4 3 1 1 0 353 975 900 922
4371 4 3 1 1 0 353 975 922 77
4372 4 3 1 1 0 835 828 733 730
4373 4 3 1 1 0 834 749 847 733
4374 4 3 1 1 0 239 240 775 302
4375 4 3 1 1 0 888 408 898 529
4376 4 3 1 1 0 553 548 558 795
4377 4 3 1 1 0 548 108 558 795
4378 4 3 1 1 0 273 204 202 736
4379 4 3 1 1 0 731 744 740 737
4380 4 3 1 1 0 247 327 737 788
4381 4 3 1 1 0 859 851 875 756
4382 4 3 1 1 0 55 911 695 941
4383 4 3 1 1 0 495 901 346 519
4384 4 3 1 1 0 786 538 725 98
4385 4 3 1 1 0 851 859 850 756
4386 4 3 1 1 0 361 358 875 360
4387 4 3 1 1 0 924 592 597 599
4388 4 3 1 1 0 44 137 43 954
4389 4 3 1 1 0 583 99 98 725
4390 4 3 1 1 0 856 859 858 361
4391 4 3 1 1 0 937 595 735 591
4392 4 3 1 1 0 727 786 725 785
4393 4 3 1 1 0 871 593 604 598
4394 4 3 1 1 0 982 109 6 575
4395 4 3 1 1 0 874 355 785 497
4396 4 3 1 1 0 874 355 497 356
4397 4 3 1 1 0 915 714 809 882
4398 4 3 1 1 0 772 214 777 783
4399 4 3 1 1 0 778 302 224 774
4400 4 3 1 1 0 759 226 764 322
4401 4 3 1 1 0 759 226 322 254
4402 4 3 1 1 0 716 790 791 792
4403 4 3 1 1 0 237 31 919 966
4404 4 3 1 1 0 710 793 840 794
4405 4 3 1 1 0 710 793 794 728
4406 4 3 1 1 0 746 138 919 237
4407 4 3 1 1 0 919 959 32 138
4408 4 3 1 1 0 644 640 642 794
4409 4 3 1 1 0 640 904 638 639
4410 4 3 1 1 0 635 639 646 767
4411 4 3 1 1 0 793 716 791 792
4412 4 3 1 1 0 792 936 488 335
4413 4 3 1 1 0 804 160 161 802
4414 4 3 1 1 0 118 958 11 646
4415 4 3 1 1 0 72 651 800 661
4416 4 3 1 1 0 845 504 765 767
4417 4 3 1 1 0 452 981 767 341
4418 4 3 1 1 0 958 507 11 452
4419 4 3 1 1 0 11 452 85 958
4420 4 3 1 1 0 285 160 802 161
4421 4 3 1 1 0 161 803 163 850
4422 4 3 1 1 0 493 335 488 936
4423 4 3 1 1 0 157 155 770 158
4424 4 3 1 1 0 36 952 151 796
4425 4 3 1 1 0 750 817 752 866
4426 4 3 1 1 0 720 909 796 798
4427 4 3 1 1 0 817 815 752 866
4428 4 3 1 1 0 11 929 616 84
4429 4 3 1 1 0 866 720 752 751
4430 4 3 1 1 0 948 980 712 251
4431 4 3 1 1 0 820 833 821 831
4432 4 3 1 1 0 934 533 965 42
4433 4 3 1 1 0 685 688 910 682
4434 4 3 1 1 0 831 372 373 829
4435 4 3 1 1 0 371 831 821 370
4436 4 3 1 1 0 481 812 458 367
4437 4 3 1 1 0 71 72 651 945
4438 4 3 1 1 0 679 683 908 684
4439 4 3 1 1 0 515 909 340 73
4440 4 3 1 1 0 934 533 725 965
4441 4 3 1 1 0 909 74 340 73
4442 4 3 1 1 0 132 671 131 911
4443 4 3 1 1 0 911 912 131 701
4444 4 3 1 1 0 912 130 131 696
4445 4 3 1 1 0 912 671 131 666
4446 4 3 1 1 0 912 671 666 843
4447 4 3 1 1 0 118 929 905 616
4448 4 3 1 1 0 371 831 370 475
4449 4 3 1 1 0 912 782 911 712
4450 4 3 1 1 0 912 709 898 782
4451 4 3 1 1 0 668 671 843 677
4452 4 3 1 1 0 588 886 786 944
4453 4 3 1 1 0 616 963 84 929
4454 4 3 1 1 0 588 3 79 944
4455 4 3 1 1 0 366 364 861 367
4456 4 3 1 1 0 685 679 907 908
4457 4 3 1 1 0 718 859 875 756
4458 4 3 1 1 0 758 876 869 755
4459 4 3 1 1 0 858 860 855 861
4460 4 3 1 1 0 978 150 725 310
4461 4 3 1 1 0 588 97 944 786
4462 4 3 1 1 0 369 372 833 374
4463 4 3 1 1 0 111 939 603 5
4464 4 3 1 1 0 746 748 747 626
4465 4 3 1 1 0 194 722 745 749
4466 4 3 1 1 0 243 979 752 143
4467 4 3 1 1 0 852 188 853 757
4468 4 3 1 1 0 374 837 829 833
4469 4 3 1 1 0 814 797 182 852
4470 4 3 1 1 0 163 166 850 803
4471 4 3 1 1 0 616 963 611 84
4472 4 3 1 1 0 258 772 213 257
4473 4 3 1 1 0 862 837 374 833
4474 4 3 1 1 0 912 438 881 898
4475 4 3 1 1 0 935 305 140 728
4476 4 3 1 1 0 806 218 807 264
4477 4 3 1 1 0 222 762 766 807
4478 4 3 1 1 0 297 740 741 205
4479 4 3 1 1 0 552 953 549 557
4480 4 3 1 1 0 743 311 139 242
4481 4 3 1 1 0 42 41 533 965
4482 4 3 1 1 0 965 545 537 533
4483 4 3 1 1 0 3 97 944 588
4484 4 3 1 1 0 269 781 777 227
4485 4 3 1 1 0 743 551 104 744
4486 4 3 1 1 0 496 779 844 780
4487 4 3 1 1 0 564 561 744 104
4488 4 3 1 1 0 795 467 343 527
4489 4 3 1 1 0 853 850 718 756
4490 4 3 1 1 0 658 651 800 662
4491 4 3 1 1 0 886 588 79 944
4492 4 3 1 1 0 943 615 618 608
4493 4 3 1 1 0 893 348 524 455
4494 4 3 1 1 0 515 909 800 432
4495 4 3 1 1 0 945 893 455 348
4496 4 3 1 1 0 800 20 348 72
4497 4 3 1 1 0 854 799 852 863
4498 4 3 1 1 0 852 188 757 183
4499 4 3 1 1 0 853 277 195 850
4500 4 3 1 1 0 851 859 860 850
4501 4 3 1 1 0 278 166 274 855
4502 4 3 1 1 0 46 608 943 618
4503 4 3 1 1 0 364 859 362 858
4504 4 3 1 1 0 435 876 908 869
4505 4 3 1 1 0 166 278 850 855
4506 4 3 1 1 0 843 790 792 842
4507 4 3 1 1 0 918 774 915 739
4508 4 3 1 1 0 778 738 708 775
4509 4 3 1 1 0 776 738 708 774
4510 4 3 1 1 0 822 707 772 783
4511 4 3 1 1 0 822 410 411 409
4512 4 3 1 1 0 710 840 807 808
4513 4 3 1 1 0 243 245 143 752
4514 4 3 1 1 0 761 803 802 860
4515 4 3 1 1 0 808 412 457 414
4516 4 3 1 1 0 412 457 456 810
4517 4 3 1 1 0 707 821 806 810
4518 4 3 1 1 0 475 406 882 472
4519 4 3 1 1 0 931 551 556 105
4520 4 3 1 1 0 215 218 217 783
4521 4 3 1 1 0 218 806 783 258
4522 4 3 1 1 0 843 790 842 712
4523 4 3 1 1 0 784 790 712 842
4524 4 3 1 1 0 47 608 943 46
4525 4 3 1 1 0 410 822 411 412
4526 4 3 1 1 0 196 188 757 853
4527 4 3 1 1 0 537 965 41 926
4528 4 3 1 1 0 852 188 183 187
4529 4 3 1 1 0 853 277 850 756
4530 4 3 1 1 0 196 188 853 195
4531 4 3 1 1 0 761 877 802 711
4532 4 3 1 1 0 824 865 802 851
4533 4 3 1 1 0 824 865 851 424
4534 4 3 1 1 0 862 837 849 466
4535 4 3 1 1 0 822 412 456 810
4536 4 3 1 1 0 722 494 748 750
4537 4 3 1 1 0 185 190 279 733
4538 4 3 1 1 0 835 837 849 834
4539 4 3 1 1 0 835 834 847 733
4540 4 3 1 1 0 721 828 826 825
4541 4 3 1 1 0 943 619 608 868
4542 4 3 1 1 0 871 478 841 872
4543 4 3 1 1 0 868 608 47 613
4544 4 3 1 1 0 732 735 838 734
4545 4 3 1 1 0 520 928 971 892
4546 4 3 1 1 0 805 812 810 821
4547 4 3 1 1 0 943 619 868 760
4548 4 3 1 1 0 857 917 849 717
4549 4 3 1 1 0 834 749 849 847
4550 4 3 1 1 0 339 955 83 434
4551 4 3 1 1 0 942 669 674 664
4552 4 3 1 1 0 674 942 52 16
4553 4 3 1 1 0 824 771 818 459
4554 4 3 1 1 0 445 528 879 498
4555 4 3 1 1 0 492 445 879 498
4556 4 3 1 1 0 342 983 67 879
4557 4 3 1 1 0 660 928 656 892
4558 4 3 1 1 0 537 965 926 726
4559 4 3 1 1 0 44 45 964 576
4560 4 3 1 1 0 177 814 848 836
4561 4 3 1 1 0 846 444 494 528
4562 4 3 1 1 0 927 964 576 768
4563 4 3 1 1 0 814 745 849 836
4564 4 3 1 1 0 561 566 565 744
4565 4 3 1 1 0 376 380 849 466
4566 4 3 1 1 0 758 874 756 875
4567 4 3 1 1 0 595 591 596 735
4568 4 3 1 1 0 851 359 453 484
4569 4 3 1 1 0 435 876 869 500
4570 4 3 1 1 0 942 669 126 674
4571 4 3 1 1 0 869 398 465 863
4572 4 3 1 1 0 357 875 358 356
4573 4 3 1 1 0 825 179 836 834
4574 4 3 1 1 0 899 494 750 748
4575 4 3 1 1 0 176 177 836 178
4576 4 3 1 1 0 182 814 180 186
4577 4 3 1 1 0 660 928 70 656
4578 4 3 1 1 0 359 859 360 484
4579 4 3 1 1 0 391 530 494 750
4580 4 3 1 1 0 683 75 908 74
4581 4 3 1 1 0 723 770 769 158
4582 4 3 1 1 0 723 725 769 785
4583 4 3 1 1 0 727 725 723 785
4584 4 3 1 1 0 899 350 443 880
4585 4 3 1 1 0 771 769 768 580
4586 4 3 1 1 0 333 520 499 892
4587 4 3 1 1 0 894 333 499 892
4588 4 3 1 1 0 899 894 530 499
4589 4 3 1 1 0 885 769 771 580
4590 4 3 1 1 0 156 770 157 155
4591 4 3 1 1 0 155 287 769 158
4592 4 3 1 1 0 146 768 250 156
4593 4 3 1 1 0 927 964 45 576
4594 4 3 1 1 0 942 980 142 716
4595 4 3 1 1 0 727 723 725 726
4596 4 3 1 1 0 943 250 146 768
4597 4 3 1 1 0 619 613 868 610
4598 4 3 1 1 0 954 964 576 44
4599 4 3 1 1 0 868 904 609 120
4600 4 3 1 1 0 350 971 892 520
4601 4 3 1 1 0 898 423 439 501
4602 4 3 1 1 0 782 709 898 844
4603 4 3 1 1 0 264 761 807 805
4604 4 3 1 1 0 912 709 782 712
4605 4 3 1 1 0 710 793 728 791
4606 4 3 1 1 0 805 806 810 807
4607 4 3 1 1 0 710 793 791 840
4608 4 3 1 1 0 912 843 439 898
4609 4 3 1 1 0 248 732 903 296
4610 4 3 1 1 0 438 912 439 898
4611 4 3 1 1 0 871 841 838 872
4612 4 3 1 1 0 709 842 898 844
4613 4 3 1 1 0 835 873 730 733
4614 4 3 1 1 0 749 193 194 747
4615 4 3 1 1 0 843 842 898 709
4616 4 3 1 1 0 610 818 607 905
4617 4 3 1 1 0 611 610 607 905
4618 4 3 1 1 0 339 955 434 890
4619 4 3 1 1 0 504 765 767 890
4620 4 3 1 1 0 773 915 774 739
4621 4 3 1 1 0 239 240 145 775
4622 4 3 1 1 0 769 964 576 954
4623 4 3 1 1 0 339 434 522 890
4624 4 3 1 1 0 955 889 434 890
4625 4 3 1 1 0 339 963 890 905
4626 4 3 1 1 0 607 611 905 890
4627 4 3 1 1 0 963 611 890 905
4628 4 3 1 1 0 884 889 890 522
4629 4 3 1 1 0 942 674 126 16
4630 4 3 1 1 0 421 424 454 916
4631 4 3 1 1 0 325 149 910 256
4632 4 3 1 1 0 39 149 256 910
4633 4 3 1 1 0 39 923 149 910
4634 4 3 1 1 0 754 325 910 753
4635 4 3 1 1 0 941 698 695 700
4636 4 3 1 1 0 149 325 910 754
4637 4 3 1 1 0 56 55 695 941
4638 4 3 1 1 0 923 100 754 910
4639 4 3 1 1 0 963 955 611 83
4640 4 3 1 1 0 754 685 910 100
4641 4 3 1 1 0 754 685 100 101
4642 4 3 1 1 0 487 897 521 425
4643 4 3 1 1 0 56 695 700 941
4644 4 3 1 1 0 942 253 52 16
4645 4 3 1 1 0 820 171 169 170
4646 4 3 1 1 0 566 870 565 744
4647 4 3 1 1 0 144 247 977 26
4648 4 3 1 1 0 900 536 532 535
4649 4 3 1 1 0 55 695 911 706
4650 4 3 1 1 0 127 952 663 796
4651 4 3 1 1 0 781 911 941 695
4652 4 3 1 1 0 688 798 681 684
4653 4 3 1 1 0 536 755 541 975
4654 4 3 1 1 0 331 751 244 796
4655 4 3 1 1 0 331 720 751 796
4656 4 3 1 1 0 331 720 796 798
4657 4 3 1 1 0 963 955 890 611
4658 4 3 1 1 0 809 258 282 257
4659 4 3 1 1 0 775 550 552 549
4660 4 3 1 1 0 239 330 775 241
4661 4 3 1 1 0 23 317 57 949
4662 4 3 1 1 0 390 401 742 400
4663 4 3 1 1 0 945 893 348 800
4664 4 3 1 1 0 432 893 348 524
4665 4 3 1 1 0 817 895 656 662
4666 4 3 1 1 0 432 893 800 348
4667 4 3 1 1 0 927 581 586 114
4668 4 3 1 1 0 817 662 656 653
4669 4 3 1 1 0 300 331 244 796
4670 4 3 1 1 0 878 614 607 620
4671 4 3 1 1 0 724 754 233 304
4672 4 3 1 1 0 616 963 929 905
4673 4 3 1 1 0 441 779 510 338
4674 4 3 1 1 0 245 796 243 244
4675 4 3 1 1 0 693 779 697 698
4676 4 3 1 1 0 763 710 766 807
4677 4 3 1 1 0 763 710 807 808
4678 4 3 1 1 0 896 555 554 546
4679 4 3 1 1 0 592 903 115 605
4680 4 3 1 1 0 592 116 115 903
4681 4 3 1 1 0 559 896 554 546
4682 4 3 1 1 0 870 567 563 565
4683 4 3 1 1 0 566 870 563 565
4684 4 3 1 1 0 126 974 645 716
4685 4 3 1 1 0 126 974 716 942
4686 4 3 1 1 0 716 793 641 125
4687 4 3 1 1 0 228 729 324 323
4688 4 3 1 1 0 769 978 310 954
4689 4 3 1 1 0 786 583 98 725
4690 4 3 1 1 0 729 324 323 235
4691 4 3 1 1 0 877 810 805 812
4692 4 3 1 1 0 934 538 533 543
4693 4 3 1 1 0 99 978 4 934
4694 4 3 1 1 0 133 313 868 48
4695 4 3 1 1 0 877 805 810 807
4696 4 3 1 1 0 160 804 159 770
4697 4 3 1 1 0 287 723 725 769
4698 4 3 1 1 0 83 963 84 611
4699 4 3 1 1 0 770 804 159 158
4700 4 3 1 1 0 885 580 582 589
4701 4 3 1 1 0 314 964 768 154
4702 4 3 1 1 0 314 964 154 45
4703 4 3 1 1 0 820 171 170 173
4704 4 3 1 1 0 832 820 170 173
4705 4 3 1 1 0 43 310 4 978
4706 4 3 1 1 0 978 150 310 4
4707 4 3 1 1 0 941 698 700 913
4708 4 3 1 1 0 194 813 299 745
4709 4 3 1 1 0 616 963 905 611
4710 4 3 1 1 0 757 724 233 197
4711 4 3 1 1 0 853 856 855 852
4712 4 3 1 1 0 243 979 143 35
4713 4 3 1 1 0 889 878 459 818
4714 4 3 1 1 0 857 848 855 852
4715 4 3 1 1 0 753 283 797 280
4716 4 3 1 1 0 283 192 797 280
4717 4 3 1 1 0 962 615 618 943
4718 4 3 1 1 0 737 740 203 205
4719 4 3 1 1 0 834 825 271 828
4720 4 3 1 1 0 735 871 838 734
4721 4 3 1 1 0 730 839 828 838
4722 4 3 1 1 0 306 784 216 783
4723 4 3 1 1 0 783 219 218 217
4724 4 3 1 1 0 215 217 216 783
4725 4 3 1 1 0 217 306 216 783
4726 4 3 1 1 0 884 427 818 889
4727 4 3 1 1 0 824 865 424 864
4728 4 3 1 1 0 912 705 956 130
4729 4 3 1 1 0 715 802 851 824
4730 4 3 1 1 0 759 760 764 818
4731 4 3 1 1 0 762 765 766 763
4732 4 3 1 1 0 962 8 46 618
4733 4 3 1 1 0 765 711 762 759
4734 4 3 1 1 0 723 301 266 287
4735 4 3 1 1 0 965 545 533 725
4736 4 3 1 1 0 141 965 236 726
4737 4 3 1 1 0 42 41 965 236
4738 4 3 1 1 0 327 152 788 247
4739 4 3 1 1 0 788 152 27 247
4740 4 3 1 1 0 943 962 46 618
4741 4 3 1 1 0 962 615 943 768
4742 4 3 1 1 0 259 218 258 806
4743 4 3 1 1 0 790 306 791 784
4744 4 3 1 1 0 781 777 774 224
4745 4 3 1 1 0 783 219 217 791
4746 4 3 1 1 0 220 306 217 791
4747 4 3 1 1 0 868 47 133 48
4748 4 3 1 1 0 617 613 868 48
4749 4 3 1 1 0 214 784 216 227
4750 4 3 1 1 0 58 970 59 238
4751 4 3 1 1 0 765 711 759 864
4752 4 3 1 1 0 777 773 212 772
4753 4 3 1 1 0 753 234 283 280
4754 4 3 1 1 0 797 866 751 720
4755 4 3 1 1 0 809 714 831 882
4756 4 3 1 1 0 749 179 178 184
4757 4 3 1 1 0 231 732 296 279
4758 4 3 1 1 0 262 787 788 838
4759 4 3 1 1 0 269 212 777 224
4760 4 3 1 1 0 240 289 778 224
4761 4 3 1 1 0 781 289 224 778
4762 4 3 1 1 0 962 114 768 927
4763 4 3 1 1 0 729 904 767 764
4764 4 3 1 1 0 961 921 779 703
4765 4 3 1 1 0 520 928 892 333
4766 4 3 1 1 0 623 983 627 68
4767 4 3 1 1 0 69 68 940 623
4768 4 3 1 1 0 309 226 764 260
4769 4 3 1 1 0 419 884 420 763
4770 4 3 1 1 0 520 928 333 70
4771 4 3 1 1 0 766 260 228 729
4772 4 3 1 1 0 647 729 638 643
4773 4 3 1 1 0 357 875 356 758
4774 4 3 1 1 0 761 762 807 763
4775 4 3 1 1 0 520 928 70 971
4776 4 3 1 1 0 838 839 736 883
4777 4 3 1 1 0 838 736 839 828
4778 4 3 1 1 0 914 736 839 883
4779 4 3 1 1 0 914 839 736 828
4780 4 3 1 1 0 900 758 354 727
4781 4 3 1 1 0 354 758 900 755
4782 4 3 1 1 0 827 204 739 207
4783 4 3 1 1 0 740 827 739 914
4784 4 3 1 1 0 918 400 742 401
4785 4 3 1 1 0 918 400 401 402
4786 4 3 1 1 0 796 128 655 657
4787 4 3 1 1 0 779 795 961 703
4788 4 3 1 1 0 297 739 209 738
4789 4 3 1 1 0 209 739 297 206
4790 4 3 1 1 0 957 976 103 2
4791 4 3 1 1 0 351 957 2 976
4792 4 3 1 1 0 431 505 845 451
4793 4 3 1 1 0 794 451 431 845
4794 4 3 1 1 0 794 451 845 767
4795 4 3 1 1 0 916 812 485 463
4796 4 3 1 1 0 916 812 463 877
4797 4 3 1 1 0 234 757 197 280
4798 4 3 1 1 0 234 757 280 753
4799 4 3 1 1 0 918 714 742 739
4800 4 3 1 1 0 918 714 739 915
4801 4 3 1 1 0 114 113 768 581
4802 4 3 1 1 0 114 768 113 615
4803 4 3 1 1 0 916 812 877 860
4804 4 3 1 1 0 454 860 916 865
4805 4 3 1 1 0 925 981 341 794
4806 4 3 1 1 0 773 915 809 772
4807 4 3 1 1 0 87 86 925 642
4808 4 3 1 1 0 809 257 773 772
4809 4 3 1 1 0 951 687 692 37
4810 4 3 1 1 0 37 951 134 321
4811 4 3 1 1 0 776 400 402 429
4812 4 3 1 1 0 918 400 402 776
4813 4 3 1 1 0 987 623 983 630
4814 4 3 1 1 0 238 970 59 139
4815 4 3 1 1 0 970 241 139 238
4816 4 3 1 1 0 504 765 890 884
4817 4 3 1 1 0 884 890 504 462
4818 4 3 1 1 0 93 22 703 961
4819 4 3 1 1 0 815 800 432 893
4820 4 3 1 1 0 69 623 880 634
4821 4 3 1 1 0 961 921 703 93
4822 4 3 1 1 0 928 895 656 892
4823 4 3 1 1 0 756 199 272 723
4824 4 3 1 1 0 272 199 756 277
4825 4 3 1 1 0 813 315 261 906
4826 4 3 1 1 0 261 315 813 293
4827 4 3 1 1 0 928 71 70 656
4828 4 3 1 1 0 959 293 746 813
4829 4 3 1 1 0 910 326 325 256
4830 4 3 1 1 0 910 325 326 753
4831 4 3 1 1 0 910 908 684 685
4832 4 3 1 1 0 798 908 910 869
4833 4 3 1 1 0 10 891 66 514
4834 4 3 1 1 0 10 66 891 601
4835 4 3 1 1 0 738 241 775 330
4836 4 3 1 1 0 738 241 330 297
4837 4 3 1 1 0 404 918 402 776
4838 4 3 1 1 0 404 402 918 403
4839 4 3 1 1 0 403 780 882 918
4840 4 3 1 1 0 406 780 405 407
4841 4 3 1 1 0 907 509 755 876
4842 4 3 1 1 0 907 755 509 950
4843 4 3 1 1 0 623 983 630 627
4844 4 3 1 1 0 866 396 387 479
4845 4 3 1 1 0 436 901 64 346
4846 4 3 1 1 0 436 901 346 489
4847 4 3 1 1 0 952 951 17 321
4848 4 3 1 1 0 952 300 151 796
4849 4 3 1 1 0 939 593 603 600
4850 4 3 1 1 0 294 941 136 56
4851 4 3 1 1 0 765 759 762 764
4852 4 3 1 1 0 928 895 71 656
4853 4 3 1 1 0 345 886 449 448
4854 4 3 1 1 0 345 785 449 886
4855 4 3 1 1 0 768 818 615 760
4856 4 3 1 1 0 818 113 768 615
4857 4 3 1 1 0 818 955 607 890
4858 4 3 1 1 0 818 113 615 612
4859 4 3 1 1 0 900 354 353 727
4860 4 3 1 1 0 353 354 900 336
4861 4 3 1 1 0 154 769 155 137
4862 4 3 1 1 0 154 769 137 954
4863 4 3 1 1 0 924 985 135 29
4864 4 3 1 1 0 927 45 8 586
4865 4 3 1 1 0 788 737 247 977
4866 4 3 1 1 0 247 737 327 328
4867 4 3 1 1 0 788 570 111 110
4868 4 3 1 1 0 924 985 734 135
4869 4 3 1 1 0 798 869 799 801
4870 4 3 1 1 0 956 960 437 91
4871 4 3 1 1 0 7 512 347 878
4872 4 3 1 1 0 732 924 592 734
4873 4 3 1 1 0 905 118 606 904
4874 4 3 1 1 0 905 606 118 616
4875 4 3 1 1 0 777 773 772 915
4876 4 3 1 1 0 773 213 211 212
4877 4 3 1 1 0 569 982 563 575
4878 4 3 1 1 0 982 109 575 569
4879 4 3 1 1 0 747 626 624 746
4880 4 3 1 1 0 747 624 626 629
4881 4 3 1 1 0 953 106 557 552
4882 4 3 1 1 0 953 106 552 913
4883 4 3 1 1 0 982 447 63 519
4884 4 3 1 1 0 982 495 519 901
4885 4 3 1 1 0 871 604 593 734
4886 4 3 1 1 0 923 316 149 754
4887 4 3 1 1 0 593 788 871 734
4888 4 3 1 1 0 149 923 754 910
4889 4 3 1 1 0 968 902 81 512
4890 4 3 1 1 0 590 81 902 584
4891 4 3 1 1 0 817 649 653 652
4892 4 3 1 1 0 75 908 907 689
4893 4 3 1 1 0 923 316 18 149
4894 4 3 1 1 0 629 732 846 747
4895 4 3 1 1 0 960 705 912 699
4896 4 3 1 1 0 733 846 732 747
4897 4 3 1 1 0 578 902 590 771
4898 4 3 1 1 0 578 590 902 584
4899 4 3 1 1 0 847 873 464 835
4900 4 3 1 1 0 918 774 739 776
4901 4 3 1 1 0 28 603 600 939
4902 4 3 1 1 0 798 684 909 681
4903 4 3 1 1 0 792 665 672 793
4904 4 3 1 1 0 672 665 792 670
4905 4 3 1 1 0 511 779 510 441
4906 4 3 1 1 0 511 510 779 795
4907 4 3 1 1 0 479 917 382 387
4908 4 3 1 1 0 479 917 387 866
4909 4 3 1 1 0 129 946 20 690
4910 4 3 1 1 0 960 705 699 91
4911 4 3 1 1 0 515 946 800 909
4912 4 3 1 1 0 927 581 576 586
4913 4 3 1 1 0 788 574 570 567
4914 4 3 1 1 0 699 912 960 881
4915 4 3 1 1 0 452 981 341 85
4916 4 3 1 1 0 693 960 921 881
4917 4 3 1 1 0 699 91 92 960
4918 4 3 1 1 0 327 787 737 788
4919 4 3 1 1 0 28 603 939 5
4920 4 3 1 1 0 327 328 737 230
4921 4 3 1 1 0 647 947 12 120
4922 4 3 1 1 0 947 729 49 148
4923 4 3 1 1 0 693 960 881 699
4924 4 3 1 1 0 920 67 631 879
4925 4 3 1 1 0 863 756 758 724
4926 4 3 1 1 0 863 758 756 875
4927 4 3 1 1 0 112 771 113 578
4928 4 3 1 1 0 112 771 578 590
4929 4 3 1 1 0 918 774 776 780
4930 4 3 1 1 0 739 776 774 738
4931 4 3 1 1 0 752 796 662 653
4932 4 3 1 1 0 817 800 662 752
4933 4 3 1 1 0 662 817 752 653
4934 4 3 1 1 0 669 980 668 664
4935 4 3 1 1 0 669 980 664 942
4936 4 3 1 1 0 229 724 198 304
4937 4 3 1 1 0 229 724 304 726
4938 4 3 1 1 0 735 498 879 846
4939 4 3 1 1 0 879 498 735 492
4940 4 3 1 1 0 786 538 98 531
4941 4 3 1 1 0 786 538 531 545
4942 4 3 1 1 0 882 403 472 406
4943 4 3 1 1 0 882 472 403 918
4944 4 3 1 1 0 589 885 886 582
4945 4 3 1 1 0 885 769 580 785
4946 4 3 1 1 0 936 676 673 843
4947 4 3 1 1 0 936 439 488 493
4948 4 3 1 1 0 113 771 818 768
4949 4 3 1 1 0 19 75 907 689
4950 4 3 1 1 0 939 593 600 734
4951 4 3 1 1 0 67 627 631 879
4952 4 3 1 1 0 498 385 873 464
4953 4 3 1 1 0 847 873 385 464
4954 4 3 1 1 0 49 967 235 729
4955 4 3 1 1 0 464 498 393 873
4956 4 3 1 1 0 685 754 908 907
4957 4 3 1 1 0 908 907 754 755
4958 4 3 1 1 0 908 869 754 910
4959 4 3 1 1 0 754 869 908 755
4960 4 3 1 1 0 795 527 867 467
4961 4 3 1 1 0 867 527 795 896
4962 4 3 1 1 0 908 75 349 435
4963 4 3 1 1 0 919 625 959 746
4964 4 3 1 1 0 775 560 552 550
4965 4 3 1 1 0 775 560 550 867
4966 4 3 1 1 0 818 612 607 878
4967 4 3 1 1 0 607 612 818 610
4968 4 3 1 1 0 795 553 94 558
4969 4 3 1 1 0 642 637 793 648
4970 4 3 1 1 0 316 926 40 141
4971 4 3 1 1 0 926 923 754 316
4972 4 3 1 1 0 923 542 100 18
4973 4 3 1 1 0 315 906 813 959
4974 4 3 1 1 0 846 873 385 847
4975 4 3 1 1 0 459 878 512 771
4976 4 3 1 1 0 919 625 32 959
4977 4 3 1 1 0 846 629 626 622
4978 4 3 1 1 0 626 629 846 747
4979 4 3 1 1 0 353 975 77 336
4980 4 3 1 1 0 353 975 336 900
4981 4 3 1 1 0 898 529 408 501
4982 4 3 1 1 0 888 408 529 496
4983 4 3 1 1 0 408 409 898 501
4984 4 3 1 1 0 898 409 408 844
4985 4 3 1 1 0 785 577 583 589
4986 4 3 1 1 0 785 583 577 786
4987 4 3 1 1 0 729 313 260 148
4988 4 3 1 1 0 927 45 586 576
4989 4 3 1 1 0 927 586 8 114
4990 4 3 1 1 0 936 439 493 516
4991 4 3 1 1 0 898 423 501 409
4992 4 3 1 1 0 898 842 409 844
4993 4 3 1 1 0 882 823 809 915
4994 4 3 1 1 0 809 823 882 831
4995 4 3 1 1 0 94 553 930 95
4996 4 3 1 1 0 87 642 793 648
4997 4 3 1 1 0 498 846 873 385
4998 4 3 1 1 0 621 959 746 813
4999 4 3 1 1 0 479 750 894 391
5000 4 3 1 1 0 906 959 315 33
5001 4 3 1 1 0 530 894 750 391
5002 4 3 1 1 0 625 959 33 32
5003 4 3 1 1 0 754 685 101 907
5004 4 3 1 1 0 925 981 86 341
5005 4 3 1 1 0 510 921 338 779
5006 4 3 1 1 0 510 921 779 961
5007 4 3 1 1 0 752 720 815 800
5008 4 3 1 1 0 752 720 800 796
5009 4 3 1 1 0 12 148 947 49
5010 4 3 1 1 0 553 795 930 896
5011 4 3 1 1 0 88 672 678 793
5012 4 3 1 1 0 323 967 729 235
5013 4 3 1 1 0 323 967 235 140
5014 4 3 1 1 0 906 34 659 13
5015 4 3 1 1 0 682 938 38 687
5016 4 3 1 1 0 979 261 34 906
5017 4 3 1 1 0 927 581 768 576
5018 4 3 1 1 0 826 273 736 827
5019 4 3 1 1 0 39 938 38 682
5020 4 3 1 1 0 736 914 826 827
5021 4 3 1 1 0 826 914 736 828
5022 4 3 1 1 0 938 688 682 910
5023 4 3 1 1 0 753 719 863 869
5024 4 3 1 1 0 553 896 930 95
5025 4 3 1 1 0 799 753 863 869
5026 4 3 1 1 0 765 759 764 818
5027 4 3 1 1 0 788 111 593 110
5028 4 3 1 1 0 765 864 759 818
5029 4 3 1 1 0 2 103 957 571
5030 4 3 1 1 0 938 39 910 682
5031 4 3 1 1 0 924 231 248 135
5032 4 3 1 1 0 734 597 592 595
5033 4 3 1 1 0 924 592 734 597
5034 4 3 1 1 0 845 431 415 505
5035 4 3 1 1 0 845 426 431 794
5036 4 3 1 1 0 571 973 566 744
5037 4 3 1 1 0 817 800 752 815
5038 4 3 1 1 0 662 752 800 796
5039 4 3 1 1 0 752 720 796 751
5040 4 3 1 1 0 797 866 720 799
5041 4 3 1 1 0 498 492 393 735
5042 4 3 1 1 0 61 957 571 2
5043 4 3 1 1 0 490 393 492 735
5044 4 3 1 1 0 571 973 744 957
5045 4 3 1 1 0 732 592 116 735
5046 4 3 1 1 0 116 592 732 903
5047 4 3 1 1 0 116 629 732 735
5048 4 3 1 1 0 732 629 116 903
5049 4 3 1 1 0 116 735 622 629
5050 4 3 1 1 0 571 957 744 103
5051 4 3 1 1 0 919 959 138 746
5052 4 3 1 1 0 31 919 624 32
5053 4 3 1 1 0 624 966 633 629
5054 4 3 1 1 0 624 966 629 747
5055 4 3 1 1 0 919 746 747 624
5056 4 3 1 1 0 924 597 29 599
5057 4 3 1 1 0 919 625 746 624
5058 4 3 1 1 0 67 920 631 10
5059 4 3 1 1 0 67 460 342 879
5060 4 3 1 1 0 920 622 631 117
5061 4 3 1 1 0 920 622 117 735
5062 4 3 1 1 0 10 920 631 117
5063 4 3 1 1 0 67 460 879 920
5064 4 3 1 1 0 921 693 93 92
5065 4 3 1 1 0 693 960 699 92
5066 4 3 1 1 0 921 693 703 93
5067 4 3 1 1 0 693 960 92 921
5068 4 3 1 1 0 779 881 693 921
5069 4 3 1 1 0 703 921 779 693
5070 4 3 1 1 0 922 78 77 539
5071 4 3 1 1 0 727 922 539 786
5072 4 3 1 1 0 922 727 539 900
5073 4 3 1 1 0 922 944 513 78
5074 4 3 1 1 0 922 544 78 539
5075 4 3 1 1 0 539 975 900 536
5076 4 3 1 1 0 539 975 536 77
5077 4 3 1 1 0 901 982 6 519
5078 4 3 1 1 0 632 906 13 33
5079 4 3 1 1 0 632 959 621 906
5080 4 3 1 1 0 960 705 91 956
5081 4 3 1 1 0 705 91 956 21
5082 4 3 1 1 0 7 878 82 620
5083 4 3 1 1 0 968 112 590 771
5084 4 3 1 1 0 7 112 878 620
5085 4 3 1 1 0 573 788 5 27
5086 4 3 1 1 0 573 111 5 788
5087 4 3 1 1 0 130 705 956 21
5088 4 3 1 1 0 788 977 247 27
5089 4 3 1 1 0 788 562 27 573
5090 4 3 1 1 0 39 691 18 923
5091 4 3 1 1 0 691 100 18 923
5092 4 3 1 1 0 39 691 923 910
5093 4 3 1 1 0 691 100 923 910
$EndElements
$Periodicity
377
3 2 0 0 0
4 1 0 0 0
5 2 0 0 0
7 6 0 0 0
8 2 0 0 0
9 6 0 0 0
11 10 0 0 0
12 6 0 0 0
13 10 0 0 0
15 14 0 0 0
16 10 0 0 0
17 14 0 0 0
19 1 0 0 0
20 18 0 0 0
21 18 0 0 0
22 1 0 0 0
23 18 0 0 0
24 14 0 0 0
61 28 0 0 0
62 29 0 0 0
63 30 0 0 0
64 31 0 0 0
65 32 0 0 0
66 33 0 0 0
67 34 0 0 0
68 35 0 0 0
69 36 0 0 0
70 37 0 0 0
71 38 0 0 0
72 39 0 0 0
73 40 0 0 0
74 41 0 0 0
75 42 0 0 0
76 43 0 0 0
77 44 0 0 0
78 45 0 0 0
79 46 0 0 0
80 47 0 0 0
81 48 0 0 0
82 49 0 0 0
83 50 0 0 0
84 51 0 0 0
85 52 0 0 0
86 53 0 0 0
87 54 0 0 0
88 55 0 0 0
89 56 0 0 0
90 57 0 0 0
91 58 0 0 0
92 59 0 0 0
93 60 0 0 0
94 25 0 0 0
95 26 0 0 0
96 27 0 0 0
97 25 0 0 0
98 26 0 0 0
99 27 0 0 0
100 58 0 0 0
101 59 0 0 0
102 60 0 0 0
103 43 0 0 0
104 44 0 0 0
105 45 0 0 0
106 40 0 0 0
107 41 0 0 0
108 42 0 0 0
109 46 0 0 0
110 47 0 0 0
111 48 0 0 0
112 28 0 0 0
113 29 0 0 0
114 30 0 0 0
115 49 0 0 0
116 50 0 0 0
117 51 0 0 0
118 31 0 0 0
119 32 0 0 0
120 33 0 0 0
121 52 0 0 0
122 53 0 0 0
123 54 0 0 0
124 34 0 0 0
125 35 0 0 0
126 36 0 0 0
127 55 0 0 0
128 56 0 0 0
129 57 0 0 0
130 37 0 0 0
131 38 0 0 0
132 39 0 0 0
332 133 0 0 0
333 134 0 0 0
334 135 0 0 0
335 136 0 0 0
336 137 0 0 0
337 138 0 0 0
338 139 0 0 0
339 140 0 0 0
340 141 0 0 0
341 142 0 0 0
342 143 0 0 0
343 144 0 0 0
344 145 0 0 0
345 146 0 0 0
346 147 0 0 0
347 148 0 0 0
348 149 0 0 0
349 150 0 0 0
350 151 0 0 0
351 152 0 0 0
352 153 0 0 0
353 154 0 0 0
354 155 0 0 0
355 156 0 0 0
356 157 0 0 0
357 158 0 0 0
358 159 0 0 0
359 160 0 0 0
360 161 0 0 0
361 162 0 0 0
362 163 0 0 0
363 164 0 0 0
364 165 0 0 0
365 166 0 0 0
366 167 0 0 0
367 168 0 0 0
368 169 0 0 0
369 170 0 0 0
370 171 0 0 0
371 172 0 0 0
372 173 0 0 0
373 174 0 0 0
374 175 0 0 0
375 176 0 0 0
376 177 0 0 0
377 178 0 0 0
378 179 0 0 0
379 180 0 0 0
380 181 0 0 0
381 182 0 0 0
382 183 0 0 0
383 184 0 0 0
384 185 0 0 0
385 186 0 0 0
386 187 0 0 0
387 188 0 0 0
388 189 0 0 0
389 190 0 0 0
390 191 0 0 0
391 192 0 0 0
392 193 0 0 0
393 194 0 0 0
394 195 0 0 0
395 196 0 0 0
396 197 0 0 0
397 198 0 0 0
398 199 0 0 0
399 200 0 0 0
400 201 0 0 0
401 202 0 0 0
402 203 0 0 0
403 204 0 0 0
404 205 0 0 0
405 206 0 0 0
406 207 0 0 0
407 208 0 0 0
408 209 0 0 0
409 210 0 0 0
410 211 0 0 0
411 212 0 0 0
412 213 0 0 0
413 214 0 0 0
414 215 0 0 0
415 216 0 0 0
416 217 0 0 0
417 218 0 0 0
418 219 0 0 0
419 220 0 0 0
420 221 0 0 0
421 222 0 0 0
422 223 0 0 0
423 224 0 0 0
424 225 0 0 0
425 226 0 0 0
426 227 0 0 0
427 228 0 0 0
428 229 0 0 0
429 230 0 0 0
430 231 0 0 0
431 232 0 0 0
432 233 0 0 0
433 234 0 0 0
434 235 0 0 0
435 236 0 0 0
436 237 0 0 0
437 238 0 0 0
438 239 0 0 0
439 240 0 0 0
440 241 0 0 0
441 242 0 0 0
442 243 0 0 0
443 244 0 0 0
444 245 0 0 0
445 246 0 0 0
446 247 0 0 0
447 248 0 0 0
448 249 0 0 0
449 250 0 0 0
450 251 0 0 0
451 252 0 0 0
452 253 0 0 0
453 254 0 0 0
454 255 0 0 0
455 256 0 0 0
456 257 0 0 0
457 258 0 0 0
458 259 0 0 0
459 260 0 0 0
460 261 0 0 0
461 262 0 0 0
462 263 0 0 0
463 264 0 0 0
464 265 0 0 0
465 266 0 0 0
466 267 0 0 0
467 268 0 0 0
468 269 0 0 0
469 270 0 0 0
470 271 0 0 0
471 272 0 0 0
472 273 0 0 0
473 274 0 0 0
474 275 0 0 0
475 276 0 0 0
476 277 0 0 0
477 278 0 0 0
478 279 0 0 0
479 280 0 0 0
480 281 0 0 0
481 282 0 0 0
482 283 0 0 0
483 284 0 0 0
484 285 0 0 0
485 286 0 0 0
486 287 0 0 0
487 288 0 0 0
488 289 0 0 0
489 290 0 0 0
490 291 0 0 0
491 292 0 0 0
492 293 0 0 0
493 294 0 0 0
494 295 0 0 0
495 296 0 0 0
496 297 0 0 0
497 298 0 0 0
498 299 0 0 0
499 300 0 0 0
500 301 0 0 0
501 302 0 0 0
502 303 0 0 0
503 304 0 0 0
504 305 0 0 0
505 306 0 0 0
506 307 0 0 0
507 308 0 0 0
508 309 0 0 0
509 310 0 0 0
510 311 0 0 0
511 312 0 0 0
512 313 0 0 0
513 314 0 0 0
514 315 0 0 0
515 316 0 0 0
516 317 0 0 0
517 318 0 0 0
518 319 0 0 0
519 320 0 0 0
520 321 0 0 0
521 322 0 0 0
522 323 0 0 0
523 324 0 0 0
524 325 0 0 0
525 326 0 0 0
526 327 0 0 0
527 328 0 0 0
528 329 0 0 0
529 330 0 0 0
530 331 0 0 0
546 531 0 0 0
547 532 0 0 0
548 533 0 0 0
549 534 0 0 0
550 535 0 0 0
551 536 0 0 0
552 537 0 0 0
553 538 0 0 0
554 539 0 0 0
555 540 0 0 0
556 541 0 0 0
557 542 0 0 0
558 543 0 0 0
559 544 0 0 0
560 545 0 0 0
576 561 0 0 0
577 562 0 0 0
578 563 0 0 0
579 564 0 0 0
580 565 0 0 0
581 566 0 0 0
582 567 0 0 0
583 568 0 0 0
584 569 0 0 0
585 570 0 0 0
586 571 0 0 0
587 572 0 0 0
588 573 0 0 0
589 574 0 0 0
590 575 0 0 0
606 591 0 0 0
607 592 0 0 0
608 593 0 0 0
609 594 0 0 0
610 595 0 0 0
611 596 0 0 0
612 597 0 0 0
613 598 0 0 0
614 599 0 0 0
615 600 0 0 0
616 601 0 0 0
617 602 0 0 0
618 603 0 0 0
619 604 0 0 0
620 605 0 0 0
635 621 0 0 0
636 622 0 0 0
637 623 0 0 0
638 624 0 0 0
639 625 0 0 0
640 626 0 0 0
641 627 0 0 0
642 628 0 0 0
643 629 0 0 0
644 630 0 0 0
645 631 0 0 0
646 632 0 0 0
647 633 0 0 0
648 634 0 0 0
664 649 0 0 0
665 650 0 0 0
666 651 0 0 0
667 652 0 0 0
668 653 0 0 0
669 654 0 0 0
670 655 0 0 0
671 656 0 0 0
672 657 0 0 0
673 658 0 0 0
674 659 0 0 0
675 660 0 0 0
676 661 0 0 0
677 662 0 0 0
678 663 0 0 0
693 679 0 0 0
694 680 0 0 0
695 681 0 0 0
696 682 0 0 0
697 683 0 0 0
698 684 0 0 0
699 685 0 0 0
700 686 0 0 0
701 687 0 0 0
702 688 0 0 0
703 689 0 0 0
704 690 0 0 0
705 691 0 0 0
706 692 0 0 0
$EndPeriodicity
$NSets
0
$EndNSets
$PhysicalNames
75
0 1 "ver1"
0 2 "ver2"
0 3 "ver3"
0 4 "ver4"
0 5 "ver5"
0 6 "ver6"
0 7 "ver7"
0 8 "ver8"
0 9 "ver9"
0 10 "ver10"
0 11 "ver11"
0 12 "ver12"
0 13 "ver13"
0 14 "ver14"
0 15 "ver15"
0 16 "ver16"
0 17 "ver17"
0 18 "ver18"
0 19 "ver19"
0 20 "ver20"
0 21 "ver21"
0 22 "ver22"
0 23 "ver23"
0 24 "ver24"
1 1 "edge1"
1 2 "edge2"
1 3 "edge3"
1 4 "edge4"
1 5 "edge5"
1 6 "edge6"
1 7 "edge7"
1 8 "edge8"
1 9 "edge9"
1 10 "edge10"
1 11 "edge11"
1 12 "edge12"
1 13 "edge13"
1 14 "edge14"
1 15 "edge15"
1 16 "edge16"
1 17 "edge17"
1 18 "edge18"
1 19 "edge19"
1 20 "edge20"
1 21 "edge21"
1 22 "edge22"
1 23 "edge23"
1 24 "edge24"
1 25 "edge25"
1 26 "edge26"
1 27 "edge27"
1 28 "edge28"
1 29 "edge29"
1 30 "edge30"
1 31 "edge31"
1 32 "edge32"
1 33 "edge33"
1 34 "edge34"
1 35 "edge35"
1 36 "edge36"
2 1 "face1"
2 2 "face2"
2 3 "face3"
2 4 "face4"
2 5 "face5"
2 6 "face6"
2 7 "face7"
2 8 "face8"
2 9 "face9"
2 10 "face10"
2 11 "face11"
2 12 "face12"
2 13 "face13"
2 14 "face14"
3 1 "poly1"
$EndPhysicalNames
$ElsetOrientations
1 rodrigues:passive
1    0.919953402851    1.412193625247   -0.358468593221
$EndElsetOrientations
