$MeshFormat
2.2 0 8
$EndMeshFormat
$MeshVersion
2.3
$EndMeshVersion
$Domain
rodrigues(cubic)
$EndDomain
$Nodes
2289
1 0.414213562373 0.171572875254 0.414213562373
2 0.414213562373 0.414213562373 0.171572875254
3 0.171572875254 0.414213562373 0.414213562373
4 -0.414213562373 -0.171572875254 -0.414213562373
5 -0.414213562373 -0.414213562373 -0.171572875254
6 -0.171572875254 -0.414213562373 -0.414213562373
7 -0.414213562373 0.171572875254 0.414213562373
8 -0.414213562373 0.414213562373 0.171572875254
9 -0.171572875254 0.414213562373 0.414213562373
10 0.414213562373 -0.414213562373 -0.171572875254
11 0.414213562373 -0.171572875254 -0.414213562373
12 0.171572875254 -0.414213562373 -0.414213562373
13 0.414213562373 -0.414213562373 0.171572875254
14 0.414213562373 -0.171572875254 0.414213562373
15 0.171572875254 -0.414213562373 0.414213562373
16 -0.414213562373 0.414213562373 -0.171572875254
17 -0.414213562373 0.171572875254 -0.414213562373
18 -0.171572875254 0.414213562373 -0.414213562373
19 0.414213562373 0.414213562373 -0.171572875254
20 0.414213562373 0.171572875254 -0.414213562373
21 0.171572875254 0.414213562373 -0.414213562373
22 -0.414213562373 -0.414213562373 0.171572875254
23 -0.414213562373 -0.171572875254 0.414213562373
24 -0.171572875254 -0.414213562373 0.414213562373
25 0.414213562373 -0.220101012678 -0.365685424949
26 0.414213562373 -0.268629150102 -0.317157287525
27 0.414213562373 -0.317157287525 -0.268629150102
28 0.414213562373 -0.365685424949 -0.220101012678
29 0.414213562373 -0.414213562373 -0.102943725152
30 0.414213562373 -0.414213562373 -0.034314575051
31 0.414213562373 -0.414213562373 0.034314575051
32 0.414213562373 -0.414213562373 0.102943725152
33 0.414213562373 -0.365685424949 0.220101012678
34 0.414213562373 -0.317157287525 0.268629150102
35 0.414213562373 -0.268629150102 0.317157287525
36 0.414213562373 -0.220101012678 0.365685424949
37 0.414213562373 -0.102943725152 0.414213562373
38 0.414213562373 -0.034314575051 0.414213562373
39 0.414213562373 0.034314575051 0.414213562373
40 0.414213562373 0.102943725152 0.414213562373
41 0.414213562373 0.220101012678 0.365685424949
42 0.414213562373 0.268629150102 0.317157287525
43 0.414213562373 0.317157287525 0.268629150102
44 0.414213562373 0.365685424949 0.220101012678
45 0.414213562373 0.414213562373 0.102943725152
46 0.414213562373 0.414213562373 0.034314575051
47 0.414213562373 0.414213562373 -0.034314575051
48 0.414213562373 0.414213562373 -0.102943725152
49 0.414213562373 0.365685424949 -0.220101012678
50 0.414213562373 0.317157287525 -0.268629150102
51 0.414213562373 0.268629150102 -0.317157287525
52 0.414213562373 0.220101012678 -0.365685424949
53 0.414213562373 0.102943725152 -0.414213562373
54 0.414213562373 0.034314575051 -0.414213562373
55 0.414213562373 -0.034314575051 -0.414213562373
56 0.414213562373 -0.102943725152 -0.414213562373
57 -0.414213562373 0.220101012678 0.365685424949
58 -0.414213562373 0.268629150102 0.317157287525
59 -0.414213562373 0.317157287525 0.268629150102
60 -0.414213562373 0.365685424949 0.220101012678
61 -0.414213562373 0.414213562373 0.102943725152
62 -0.414213562373 0.414213562373 0.034314575051
63 -0.414213562373 0.414213562373 -0.034314575051
64 -0.414213562373 0.414213562373 -0.102943725152
65 -0.414213562373 0.365685424949 -0.220101012678
66 -0.414213562373 0.317157287525 -0.268629150102
67 -0.414213562373 0.268629150102 -0.317157287525
68 -0.414213562373 0.220101012678 -0.365685424949
69 -0.414213562373 0.102943725152 -0.414213562373
70 -0.414213562373 0.034314575051 -0.414213562373
71 -0.414213562373 -0.034314575051 -0.414213562373
72 -0.414213562373 -0.102943725152 -0.414213562373
73 -0.414213562373 -0.220101012678 -0.365685424949
74 -0.414213562373 -0.268629150102 -0.317157287525
75 -0.414213562373 -0.317157287525 -0.268629150102
76 -0.414213562373 -0.365685424949 -0.220101012678
77 -0.414213562373 -0.414213562373 -0.102943725152
78 -0.414213562373 -0.414213562373 -0.034314575051
79 -0.414213562373 -0.414213562373 0.034314575051
80 -0.414213562373 -0.414213562373 0.102943725152
81 -0.414213562373 -0.365685424949 0.220101012678
82 -0.414213562373 -0.317157287525 0.268629150102
83 -0.414213562373 -0.268629150102 0.317157287525
84 -0.414213562373 -0.220101012678 0.365685424949
85 -0.414213562373 -0.102943725152 0.414213562373
86 -0.414213562373 -0.034314575051 0.414213562373
87 -0.414213562373 0.034314575051 0.414213562373
88 -0.414213562373 0.102943725152 0.414213562373
89 0.365685424949 0.414213562373 0.220101012678
90 0.317157287525 0.414213562373 0.268629150102
91 0.268629150102 0.414213562373 0.317157287525
92 0.220101012678 0.414213562373 0.365685424949
93 0.102943725152 0.414213562373 0.414213562373
94 0.034314575051 0.414213562373 0.414213562373
95 -0.034314575051 0.414213562373 0.414213562373
96 -0.102943725152 0.414213562373 0.414213562373
97 -0.220101012678 0.414213562373 0.365685424949
98 -0.268629150102 0.414213562373 0.317157287525
99 -0.317157287525 0.414213562373 0.268629150102
100 -0.365685424949 0.414213562373 0.220101012678
101 -0.365685424949 0.414213562373 -0.220101012678
102 -0.317157287525 0.414213562373 -0.268629150102
103 -0.268629150102 0.414213562373 -0.317157287525
104 -0.220101012678 0.414213562373 -0.365685424949
105 -0.102943725152 0.414213562373 -0.414213562373
106 -0.034314575051 0.414213562373 -0.414213562373
107 0.034314575051 0.414213562373 -0.414213562373
108 0.102943725152 0.414213562373 -0.414213562373
109 0.220101012678 0.414213562373 -0.365685424949
110 0.268629150102 0.414213562373 -0.317157287525
111 0.317157287525 0.414213562373 -0.268629150102
112 0.365685424949 0.414213562373 -0.220101012678
113 0.220101012678 -0.414213562373 0.365685424949
114 0.268629150102 -0.414213562373 0.317157287525
115 0.317157287525 -0.414213562373 0.268629150102
116 0.365685424949 -0.414213562373 0.220101012678
117 0.365685424949 -0.414213562373 -0.220101012678
118 0.317157287525 -0.414213562373 -0.268629150102
119 0.268629150102 -0.414213562373 -0.317157287525
120 0.220101012678 -0.414213562373 -0.365685424949
121 0.102943725152 -0.414213562373 -0.414213562373
122 0.034314575051 -0.414213562373 -0.414213562373
123 -0.034314575051 -0.414213562373 -0.414213562373
124 -0.102943725152 -0.414213562373 -0.414213562373
125 -0.220101012678 -0.414213562373 -0.365685424949
126 -0.268629150102 -0.414213562373 -0.317157287525
127 -0.317157287525 -0.414213562373 -0.268629150102
128 -0.365685424949 -0.414213562373 -0.220101012678
129 -0.365685424949 -0.414213562373 0.220101012678
130 -0.317157287525 -0.414213562373 0.268629150102
131 -0.268629150102 -0.414213562373 0.317157287525
132 -0.220101012678 -0.414213562373 0.365685424949
133 -0.102943725152 -0.414213562373 0.414213562373
134 -0.034314575051 -0.414213562373 0.414213562373
135 0.034314575051 -0.414213562373 0.414213562373
136 0.102943725152 -0.414213562373 0.414213562373
137 -0.365685424949 0.220101012678 0.414213562373
138 -0.317157287525 0.268629150102 0.414213562373
139 -0.268629150102 0.317157287525 0.414213562373
140 -0.220101012678 0.365685424949 0.414213562373
141 0.220101012678 0.365685424949 0.414213562373
142 0.268629150102 0.317157287525 0.414213562373
143 0.317157287525 0.268629150102 0.414213562373
144 0.365685424949 0.220101012678 0.414213562373
145 0.365685424949 -0.220101012678 0.414213562373
146 0.317157287525 -0.268629150102 0.414213562373
147 0.268629150102 -0.317157287525 0.414213562373
148 0.220101012678 -0.365685424949 0.414213562373
149 -0.220101012678 -0.365685424949 0.414213562373
150 -0.268629150102 -0.317157287525 0.414213562373
151 -0.317157287525 -0.268629150102 0.414213562373
152 -0.365685424949 -0.220101012678 0.414213562373
153 -0.220101012678 0.365685424949 -0.414213562373
154 -0.268629150102 0.317157287525 -0.414213562373
155 -0.317157287525 0.268629150102 -0.414213562373
156 -0.365685424949 0.220101012678 -0.414213562373
157 -0.365685424949 -0.220101012678 -0.414213562373
158 -0.317157287525 -0.268629150102 -0.414213562373
159 -0.268629150102 -0.317157287525 -0.414213562373
160 -0.220101012678 -0.365685424949 -0.414213562373
161 0.220101012678 -0.365685424949 -0.414213562373
162 0.268629150102 -0.317157287525 -0.414213562373
163 0.317157287525 -0.268629150102 -0.414213562373
164 0.365685424949 -0.220101012678 -0.414213562373
165 0.365685424949 0.220101012678 -0.414213562373
166 0.317157287525 0.268629150102 -0.414213562373
167 0.268629150102 0.317157287525 -0.414213562373
168 0.220101012678 0.365685424949 -0.414213562373
169 0.414213562373 -0.251945309089 -0.255057512935
170 0.414213562373 0.250866619007 0.250866619007
171 0.414213562373 0.249557566079 -0.251491401784
172 0.414213562373 -0.242859869167 0.253148052755
173 0.414213562373 0.356242764886 0.000324155300
174 0.414213562373 0.001677239227 0.352437766989
175 0.414213562373 0.000000000000 -0.354778974945
176 0.414213562373 -0.351655450989 0.001520487159
177 0.414213562373 0.357687934059 -0.150106562523
178 0.414213562373 0.149268809869 0.351150120131
179 0.414213562373 -0.153262188175 -0.354228515054
180 0.414213562373 0.137258300203 -0.354778974945
181 0.414213562373 0.351224846616 0.137613060536
182 0.414213562373 -0.139177465909 0.355202400691
183 0.414213562373 -0.351189685551 0.149258819286
184 0.414213562373 -0.344805830513 -0.151717428970
185 0.414213562373 0.078447802007 0.347349748933
186 0.414213562373 0.037095690729 0.290814667112
187 0.414213562373 -0.037602044520 0.292959283580
188 0.414213562373 -0.004632002286 0.233242084416
189 0.414213562373 0.063466445012 0.229065801711
190 0.414213562373 0.025233726111 0.172019597731
191 0.414213562373 -0.043077562188 0.176556981705
192 0.414213562373 -0.013055588486 0.115086194914
193 0.414213562373 0.055384810549 0.110456056384
194 0.414213562373 0.017110489497 0.053497715984
195 0.414213562373 -0.051362244925 0.058152843129
196 0.414213562373 -0.021163238564 -0.003465056133
197 0.414213562373 0.047306840762 -0.008117124899
198 0.414213562373 0.009039903209 -0.065086771594
199 0.414213562373 -0.089636549715 0.001190158643
200 0.414213562373 0.077510672092 -0.069739467184
201 0.414213562373 0.115775946868 -0.012768155232
202 0.414213562373 -0.119842101207 0.062814052273
203 0.414213562373 0.039244980592 -0.126710374136
204 0.414213562373 -0.029226300134 -0.122057175865
205 0.414213562373 0.145981271926 -0.074391985698
206 0.414213562373 -0.158109499765 0.005844952244
207 0.414213562373 -0.185393075424 0.068901212145
208 0.414213562373 0.184246714558 -0.017420830784
209 0.414213562373 0.001092023610 -0.182024613650
210 0.414213562373 -0.067360467990 -0.177095303445
211 0.414213562373 0.068607843594 -0.187479736979
212 0.414213562373 0.214452511097 -0.079045143505
213 0.414213562373 0.179655627742 -0.148720087619
214 0.414213562373 -0.097675810318 -0.117081697903
215 0.414213562373 0.154040871139 0.044203540603
216 0.414213562373 0.222512009961 0.039550476508
217 0.414213562373 0.192306142731 0.101174884049
218 0.414213562373 -0.149562894383 0.124678591846
219 0.414213562373 -0.135937543902 -0.173999221960
220 0.414213562373 -0.166161055943 -0.112634344510
221 0.414213562373 -0.223518809773 0.138188507442
222 0.414213562373 -0.228507182506 0.009077199776
223 0.414213562373 -0.107170120570 -0.231885875864
224 0.414213562373 0.024746372410 -0.250781018465
225 0.414213562373 0.099850439114 -0.243728144986
226 0.414213562373 0.244658368472 -0.140669518452
227 0.414213562373 0.278822890183 -0.079737376479
228 0.414213562373 -0.176229153625 0.177455107627
229 0.414213562373 0.257458187139 0.091229352070
230 0.414213562373 -0.204156076636 -0.165627532555
231 0.414213562373 -0.231296737386 -0.109819039613
232 0.414213562373 0.238209186903 0.153683658194
233 0.414213562373 0.160486531753 0.165138002929
234 0.414213562373 -0.350250061559 0.076555680303
235 0.414213562373 -0.081224406191 -0.344886743738
236 0.414213562373 -0.349634755609 -0.074492059630
237 0.414213562373 -0.191826871696 0.303971299862
238 0.414213562373 0.194595322003 -0.302370248393
239 0.414213562373 0.176087422083 -0.231935995072
240 0.414213562373 -0.113734048110 0.295316010497
241 0.414213562373 0.111814509065 0.278634207494
242 0.414213562373 -0.033426822540 -0.290834211146
243 0.414213562373 -0.292143727767 -0.030195926949
244 0.414213562373 0.296915213919 0.194987558954
245 0.414213562373 0.061391090970 -0.306930121005
246 0.414213562373 -0.271683183789 -0.161708364621
247 0.414213562373 0.193641986905 0.284788923021
248 0.414213562373 0.294221269724 0.032263143633
249 0.414213562373 -0.289296192724 0.114137523753
250 0.414213562373 -0.288657396454 0.188798513108
251 0.414213562373 -0.291851238997 0.041968472482
252 0.414213562373 0.346787193313 -0.076397807289
253 0.414213562373 0.356244465635 0.064765641262
254 0.414213562373 0.294657462873 -0.194688533562
255 0.414213562373 -0.201593123656 -0.301742014219
256 0.414213562373 -0.183322636956 -0.231129746718
257 0.414213562373 0.250457285259 -0.022890361230
258 0.414213562373 0.107292145379 -0.132759541426
259 0.414213562373 -0.059427601880 -0.060379994298
260 0.414213562373 -0.127897559608 -0.055697868762
261 0.414213562373 -0.193108247230 -0.053650896652
262 0.414213562373 0.085575654173 0.048850019930
263 0.414213562373 0.123570323783 0.106209715424
264 0.414213562373 -0.081447750177 0.119783303429
265 0.414213562373 -0.114167326822 0.180174643110
266 0.414213562373 0.089651912443 0.166070018944
267 0.414213562373 -0.071015769919 0.354057097750
268 0.414213562373 -0.072594481297 0.237748254795
269 0.414213562373 0.155783274765 0.229903561610
270 0.414213562373 0.128142632938 -0.189093528566
271 0.414213562373 -0.135677276204 -0.292509759920
272 0.414213562373 -0.163656797936 0.235140718789
273 0.414213562373 -0.042556579984 -0.235418430583
274 0.414213562373 0.067181538275 -0.368983039128
275 0.414213562373 -0.289373613873 -0.097768183139
276 0.414213562373 -0.304781291371 -0.210751586914
277 0.414213562373 0.229730327439 -0.195917570716
278 0.414213562373 0.132623322445 -0.290927703695
279 0.414213562373 0.307660006121 -0.031998462486
280 0.414213562373 -0.223327670947 0.198439175069
281 0.414213562373 -0.083674783422 -0.285023082459
282 0.414213562373 0.290231644483 0.131729763531
283 0.414213562373 0.302613785068 -0.130244008435
284 0.414213562373 -0.243713299885 0.074454583120
285 0.414213562373 0.208870866930 0.214321355180
286 0.414213562373 -0.246677448173 -0.058676279049
287 0.414213562373 0.250293223278 0.202916960259
288 0.414213562373 -0.241063656644 -0.202619029028
289 0.414213562373 0.309154569896 0.088553048119
290 0.414213562373 0.013177660210 -0.300831081390
291 0.414213562373 0.109769637449 0.213530939487
292 -0.414213562373 0.002200660444 -0.358505133534
293 -0.414213562373 0.000000000000 0.354778974946
294 -0.414213562373 0.354295122882 -0.001367428341
295 -0.414213562373 -0.350730565113 0.007274844381
296 -0.414213562373 0.251672462388 0.252130887210
297 -0.414213562373 -0.248025147753 0.250397122215
298 -0.414213562373 0.250866619006 -0.250866619006
299 -0.414213562373 -0.249733100816 -0.247582807255
300 -0.414213562373 0.359064931983 0.146782195462
301 -0.414213562373 -0.142751643481 0.353849618837
302 -0.414213562373 0.142104652527 -0.358850117643
303 -0.414213562373 0.347922893854 -0.153810344158
304 -0.414213562373 0.151046342479 0.345660599048
305 -0.414213562373 -0.349579356155 0.152752696290
306 -0.414213562373 -0.353870531405 -0.142786684867
307 -0.414213562373 -0.136534118099 -0.351094963798
308 -0.414213562373 -0.190142390146 0.301084335682
309 -0.414213562373 -0.179406408716 0.231867637651
310 -0.414213562373 -0.233742156697 0.180564835364
311 -0.414213562373 -0.168202379776 0.161651739321
312 -0.414213562373 -0.117096428082 0.206851535374
313 -0.414213562373 -0.103793285205 0.139479162901
314 -0.414213562373 -0.155305075370 0.094384202690
315 -0.414213562373 -0.090609923995 0.072146533694
316 -0.414213562373 -0.038941251379 0.117267201606
317 -0.414213562373 -0.025729654598 0.049927540903
318 -0.414213562373 -0.077438861405 0.004801678038
319 -0.414213562373 -0.012514504812 -0.017414834190
320 -0.414213562373 0.039190661959 0.027711313839
321 -0.414213562373 0.052415474420 -0.039631120700
322 -0.414213562373 -0.064224181393 -0.062541042899
323 -0.414213562373 0.104121572012 0.005495071689
324 -0.414213562373 0.090894406276 0.072837507981
325 -0.414213562373 -0.129157404751 -0.040324920119
326 -0.414213562373 0.117348156703 -0.061847372894
327 -0.414213562373 0.065641341733 -0.106973571761
328 -0.414213562373 0.155827424858 0.050621269752
329 -0.414213562373 -0.115933304821 -0.107667294086
330 -0.414213562373 -0.179813215157 -0.082372186478
331 -0.414213562373 0.142600488857 0.117963713694
332 -0.414213562373 0.129483015955 -0.127938661355
333 -0.414213562373 0.077594246282 -0.172856333682
334 -0.414213562373 0.181081264801 -0.084055121905
335 -0.414213562373 0.207534181831 0.095747467847
336 -0.414213562373 0.232196695109 0.021874730201
337 -0.414213562373 0.013722034706 -0.151856490374
338 -0.414213562373 0.077666721249 0.140179967875
339 -0.414213562373 0.129373341001 0.185306161277
340 -0.414213562373 0.064439530992 0.207522424186
341 -0.414213562373 -0.193918014595 -0.017595859069
342 -0.414213562373 0.026913670658 -0.219158388880
343 -0.414213562373 -0.037849100629 -0.197138118224
344 -0.414213562373 -0.255765696808 -0.060337635418
345 -0.414213562373 -0.167997527815 -0.155160428784
346 -0.414213562373 0.088187356289 -0.239748794280
347 -0.414213562373 0.194827286490 -0.159830631008
348 -0.414213562373 0.242946746688 -0.101736901484
349 -0.414213562373 0.272467961824 0.073531221017
350 -0.414213562373 0.253540396021 0.140774716776
351 -0.414213562373 -0.250092539530 0.000866880388
352 -0.414213562373 0.117541536506 0.246559323490
353 -0.414213562373 -0.027243794789 -0.261476497631
354 -0.414213562373 -0.085897703858 -0.241205279086
355 -0.414213562373 0.059768574534 0.277110088267
356 -0.414213562373 -0.003289086811 0.230251316594
357 -0.414213562373 -0.301797234320 -0.193531152959
358 -0.414213562373 0.186437426823 -0.301306083654
359 -0.414213562373 -0.194555266121 -0.299902947139
360 -0.414213562373 -0.350582249208 0.079298085629
361 -0.414213562373 0.351407724843 -0.076208381292
362 -0.414213562373 0.288516125153 -0.039490904680
363 -0.414213562373 -0.289242070286 0.128397836945
364 -0.414213562373 -0.117959339995 0.276088935185
365 -0.414213562373 0.182014510011 -0.229287175794
366 -0.414213562373 -0.185225066275 -0.227928555695
367 -0.414213562373 0.072073736016 0.347827786383
368 -0.414213562373 0.260442426642 -0.173622313184
369 -0.414213562373 -0.077763940394 -0.306454102789
370 -0.414213562373 -0.064450616612 0.338301740738
371 -0.414213562373 0.185232367346 0.230859342636
372 -0.414213562373 -0.285270716680 -0.123855882613
373 -0.414213562373 -0.337612311369 -0.070610893575
374 -0.414213562373 -0.236046181680 -0.176693798704
375 -0.414213562373 0.299236983623 0.191194168419
376 -0.414213562373 0.206106653286 0.297699101535
377 -0.414213562373 0.346019872426 0.070688707824
378 -0.414213562373 0.070815959645 -0.355911689201
379 -0.414213562373 0.033804731502 -0.293062090975
380 -0.414213562373 0.193285974454 0.160914115155
381 -0.414213562373 0.169742175575 -0.018008168444
382 -0.414213562373 0.000673443137 -0.084716763695
383 -0.414213562373 -0.051052890997 -0.129821572395
384 -0.414213562373 -0.098611238280 -0.174485063959
385 -0.414213562373 0.025968945016 0.095053305724
386 -0.414213562373 0.012275803897 0.162479023905
387 -0.414213562373 -0.142291842590 0.027107329665
388 -0.414213562373 -0.208131202927 0.046674220956
389 -0.414213562373 -0.054035761313 0.180822711782
390 -0.414213562373 -0.300571907228 0.200140442266
391 -0.414213562373 -0.219445453182 0.116781353179
392 -0.414213562373 -0.052410957452 0.272721777415
393 -0.414213562373 0.224319841038 -0.043098791618
394 -0.414213562373 0.110897312746 -0.302773956859
395 -0.414213562373 -0.281992428397 0.050546765181
396 -0.414213562373 0.136373922391 -0.196558014972
397 -0.414213562373 0.308414930395 -0.213405887826
398 -0.414213562373 -0.135485499384 -0.273750589948
399 -0.414213562373 -0.066489041654 -0.364536794160
400 -0.414213562373 0.300978515183 0.023909229570
401 -0.414213562373 0.299495802762 -0.111938101474
402 -0.414213562373 0.240174806439 0.194922146817
403 -0.414213562373 -0.298234196897 -0.017598824209
404 -0.414213562373 0.142374747629 -0.260708761173
405 -0.414213562373 0.112077754852 0.298371773005
406 -0.414213562373 0.306076681075 0.121883837929
407 -0.414213562373 -0.224978667628 -0.119683986399
408 -0.414213562373 -0.003854077202 0.299242090000
409 -0.414213562373 -0.132936901559 -0.215917691179
410 -0.414213562373 0.033500076848 0.320467994082
411 -0.414213562373 -0.027184456887 -0.313731035734
412 -0.414213562373 0.155988831989 0.281221753628
413 -0.414213562373 0.222037710537 -0.203401684748
414 -0.414213562373 -0.073370320296 0.228608030313
415 0.255057512935 0.414213562373 0.251945309089
416 -0.250866619007 0.414213562373 -0.250866619007
417 0.251491401784 0.414213562373 -0.249557566079
418 -0.253148052755 0.414213562373 0.242859869167
419 -0.000324155300 0.414213562373 -0.356242764886
420 -0.352437766989 0.414213562373 -0.001677239227
421 0.354778974945 0.414213562373 0.000000000000
422 -0.001520487159 0.414213562373 0.351655450989
423 0.150106562523 0.414213562373 -0.357687934059
424 -0.351150120131 0.414213562373 -0.149268809869
425 0.354228515054 0.414213562373 0.153262188175
426 0.354778974945 0.414213562373 -0.137258300203
427 -0.137613060536 0.414213562373 -0.351224846616
428 -0.355202400691 0.414213562373 0.139177465909
429 -0.149258819286 0.414213562373 0.351189685551
430 0.151717428970 0.414213562373 0.344805830513
431 -0.347349748933 0.414213562373 -0.078447802007
432 -0.290814667112 0.414213562373 -0.037095690729
433 -0.292959283580 0.414213562373 0.037602044520
434 -0.233242084416 0.414213562373 0.004632002286
435 -0.229065801711 0.414213562373 -0.063466445012
436 -0.172019597731 0.414213562373 -0.025233726111
437 -0.176556981705 0.414213562373 0.043077562188
438 -0.115086194914 0.414213562373 0.013055588486
439 -0.110456056384 0.414213562373 -0.055384810549
440 -0.053497715984 0.414213562373 -0.017110489497
441 -0.058152843129 0.414213562373 0.051362244925
442 0.003465056133 0.414213562373 0.021163238564
443 0.008117124899 0.414213562373 -0.047306840762
444 0.065086771594 0.414213562373 -0.009039903209
445 -0.001190158643 0.414213562373 0.089636549715
446 0.069739467184 0.414213562373 -0.077510672092
447 0.012768155232 0.414213562373 -0.115775946868
448 -0.062814052273 0.414213562373 0.119842101207
449 0.126710374136 0.414213562373 -0.039244980592
450 0.122057175865 0.414213562373 0.029226300134
451 0.074391985698 0.414213562373 -0.145981271926
452 -0.005844952244 0.414213562373 0.158109499765
453 -0.068901212145 0.414213562373 0.185393075424
454 0.017420830784 0.414213562373 -0.184246714558
455 0.182024613650 0.414213562373 -0.001092023610
456 0.177095303445 0.414213562373 0.067360467990
457 0.187479736979 0.414213562373 -0.068607843594
458 0.079045143505 0.414213562373 -0.214452511097
459 0.148720087619 0.414213562373 -0.179655627742
460 0.117081697903 0.414213562373 0.097675810318
461 -0.044203540603 0.414213562373 -0.154040871139
462 -0.039550476508 0.414213562373 -0.222512009961
463 -0.101174884049 0.414213562373 -0.192306142731
464 -0.124678591846 0.414213562373 0.149562894383
465 0.173999221960 0.414213562373 0.135937543902
466 0.112634344510 0.414213562373 0.166161055943
467 -0.138188507442 0.414213562373 0.223518809773
468 -0.009077199776 0.414213562373 0.228507182506
469 0.231885875864 0.414213562373 0.107170120570
470 0.250781018465 0.414213562373 -0.024746372410
471 0.243728144986 0.414213562373 -0.099850439114
472 0.140669518452 0.414213562373 -0.244658368472
473 0.079737376479 0.414213562373 -0.278822890183
474 -0.177455107627 0.414213562373 0.176229153625
475 -0.091229352070 0.414213562373 -0.257458187139
476 0.165627532555 0.414213562373 0.204156076636
477 0.109819039613 0.414213562373 0.231296737386
478 -0.153683658194 0.414213562373 -0.238209186903
479 -0.165138002929 0.414213562373 -0.160486531753
480 -0.076555680303 0.414213562373 0.350250061559
481 0.344886743738 0.414213562373 0.081224406191
482 0.074492059630 0.414213562373 0.349634755609
483 -0.303971299862 0.414213562373 0.191826871696
484 0.302370248393 0.414213562373 -0.194595322003
485 0.231935995072 0.414213562373 -0.176087422083
486 -0.295316010497 0.414213562373 0.113734048110
487 -0.278634207494 0.414213562373 -0.111814509065
488 0.290834211146 0.414213562373 0.033426822540
489 0.030195926949 0.414213562373 0.292143727767
490 -0.194987558954 0.414213562373 -0.296915213919
491 0.306930121005 0.414213562373 -0.061391090970
492 0.161708364621 0.414213562373 0.271683183789
493 -0.284788923021 0.414213562373 -0.193641986905
494 -0.032263143633 0.414213562373 -0.294221269724
495 -0.114137523753 0.414213562373 0.289296192724
496 -0.188798513108 0.414213562373 0.288657396454
497 -0.041968472482 0.414213562373 0.291851238997
498 0.076397807289 0.414213562373 -0.346787193313
499 -0.064765641262 0.414213562373 -0.356244465635
500 0.194688533562 0.414213562373 -0.294657462873
501 0.301742014219 0.414213562373 0.201593123656
502 0.231129746718 0.414213562373 0.183322636956
503 0.022890361230 0.414213562373 -0.250457285259
504 0.132759541426 0.414213562373 -0.107292145379
505 0.060379994298 0.414213562373 0.059427601880
506 0.055697868762 0.414213562373 0.127897559608
507 0.053650896652 0.414213562373 0.193108247230
508 -0.048850019930 0.414213562373 -0.085575654173
509 -0.106209715424 0.414213562373 -0.123570323783
510 -0.119783303429 0.414213562373 0.081447750177
511 -0.180174643110 0.414213562373 0.114167326822
512 -0.166070018944 0.414213562373 -0.089651912443
513 -0.354057097750 0.414213562373 0.071015769919
514 -0.237748254795 0.414213562373 0.072594481297
515 -0.229903561610 0.414213562373 -0.155783274765
516 0.189093528566 0.414213562373 -0.128142632938
517 0.292509759920 0.414213562373 0.135677276204
518 -0.235140718789 0.414213562373 0.163656797936
519 0.235418430583 0.414213562373 0.042556579984
520 0.368983039128 0.414213562373 -0.067181538275
521 0.097768183139 0.414213562373 0.289373613873
522 0.210751586914 0.414213562373 0.304781291371
523 0.195917570716 0.414213562373 -0.229730327439
524 0.290927703695 0.414213562373 -0.132623322445
525 0.031998462486 0.414213562373 -0.307660006121
526 -0.198439175069 0.414213562373 0.223327670947
527 0.285023082459 0.414213562373 0.083674783422
528 -0.131729763531 0.414213562373 -0.290231644483
529 0.130244008435 0.414213562373 -0.302613785068
530 -0.074454583120 0.414213562373 0.243713299885
531 -0.214321355180 0.414213562373 -0.208870866930
532 0.058676279049 0.414213562373 0.246677448173
533 -0.202916960259 0.414213562373 -0.250293223278
534 0.202619029028 0.414213562373 0.241063656644
535 -0.088553048119 0.414213562373 -0.309154569896
536 0.300831081390 0.414213562373 -0.013177660210
537 -0.213530939487 0.414213562373 -0.109769637449
538 0.358505133534 -0.414213562373 -0.002200660444
539 -0.354778974946 -0.414213562373 0.000000000000
540 0.001367428341 -0.414213562373 -0.354295122882
541 -0.007274844381 -0.414213562373 0.350730565113
542 -0.252130887210 -0.414213562373 -0.251672462388
543 -0.250397122215 -0.414213562373 0.248025147753
544 0.250866619006 -0.414213562373 -0.250866619006
545 0.247582807255 -0.414213562373 0.249733100816
546 -0.146782195462 -0.414213562373 -0.359064931983
547 -0.353849618837 -0.414213562373 0.142751643481
548 0.358850117643 -0.414213562373 -0.142104652527
549 0.153810344158 -0.414213562373 -0.347922893854
550 -0.345660599048 -0.414213562373 -0.151046342479
551 -0.152752696290 -0.414213562373 0.349579356155
552 0.142786684867 -0.414213562373 0.353870531405
553 0.351094963798 -0.414213562373 0.136534118099
554 -0.301084335682 -0.414213562373 0.190142390146
555 -0.231867637651 -0.414213562373 0.179406408716
556 -0.180564835364 -0.414213562373 0.233742156697
557 -0.161651739321 -0.414213562373 0.168202379776
558 -0.206851535374 -0.414213562373 0.117096428082
559 -0.139479162901 -0.414213562373 0.103793285205
560 -0.094384202690 -0.414213562373 0.155305075370
561 -0.072146533694 -0.414213562373 0.090609923995
562 -0.117267201606 -0.414213562373 0.038941251379
563 -0.049927540903 -0.414213562373 0.025729654598
564 -0.004801678038 -0.414213562373 0.077438861405
565 0.017414834190 -0.414213562373 0.012514504812
566 -0.027711313839 -0.414213562373 -0.039190661959
567 0.039631120700 -0.414213562373 -0.052415474420
568 0.062541042899 -0.414213562373 0.064224181393
569 -0.005495071689 -0.414213562373 -0.104121572012
570 -0.072837507981 -0.414213562373 -0.090894406276
571 0.040324920119 -0.414213562373 0.129157404751
572 0.061847372894 -0.414213562373 -0.117348156703
573 0.106973571761 -0.414213562373 -0.065641341733
574 -0.050621269752 -0.414213562373 -0.155827424858
575 0.107667294086 -0.414213562373 0.115933304821
576 0.082372186478 -0.414213562373 0.179813215157
577 -0.117963713694 -0.414213562373 -0.142600488857
578 0.127938661355 -0.414213562373 -0.129483015955
579 0.172856333682 -0.414213562373 -0.077594246282
580 0.084055121905 -0.414213562373 -0.181081264801
581 -0.095747467847 -0.414213562373 -0.207534181831
582 -0.021874730201 -0.414213562373 -0.232196695109
583 0.151856490374 -0.414213562373 -0.013722034706
584 -0.140179967875 -0.414213562373 -0.077666721249
585 -0.185306161277 -0.414213562373 -0.129373341001
586 -0.207522424186 -0.414213562373 -0.064439530992
587 0.017595859069 -0.414213562373 0.193918014595
588 0.219158388880 -0.414213562373 -0.026913670658
589 0.197138118224 -0.414213562373 0.037849100629
590 0.060337635418 -0.414213562373 0.255765696808
591 0.155160428784 -0.414213562373 0.167997527815
592 0.239748794280 -0.414213562373 -0.088187356289
593 0.159830631008 -0.414213562373 -0.194827286490
594 0.101736901484 -0.414213562373 -0.242946746688
595 -0.073531221017 -0.414213562373 -0.272467961824
596 -0.140774716776 -0.414213562373 -0.253540396021
597 -0.000866880388 -0.414213562373 0.250092539530
598 -0.246559323490 -0.414213562373 -0.117541536506
599 0.261476497631 -0.414213562373 0.027243794789
600 0.241205279086 -0.414213562373 0.085897703858
601 -0.277110088267 -0.414213562373 -0.059768574534
602 -0.230251316594 -0.414213562373 0.003289086811
603 0.193531152959 -0.414213562373 0.301797234320
604 0.301306083654 -0.414213562373 -0.186437426823
605 0.299902947139 -0.414213562373 0.194555266121
606 -0.079298085629 -0.414213562373 0.350582249208
607 0.076208381292 -0.414213562373 -0.351407724843
608 0.039490904680 -0.414213562373 -0.288516125153
609 -0.128397836945 -0.414213562373 0.289242070286
610 -0.276088935185 -0.414213562373 0.117959339995
611 0.229287175794 -0.414213562373 -0.182014510011
612 0.227928555695 -0.414213562373 0.185225066275
613 -0.347827786383 -0.414213562373 -0.072073736016
614 0.173622313184 -0.414213562373 -0.260442426642
615 0.306454102789 -0.414213562373 0.077763940394
616 -0.338301740738 -0.414213562373 0.064450616612
617 -0.230859342636 -0.414213562373 -0.185232367346
618 0.123855882613 -0.414213562373 0.285270716680
619 0.070610893575 -0.414213562373 0.337612311369
620 0.176693798704 -0.414213562373 0.236046181680
621 -0.191194168419 -0.414213562373 -0.299236983623
622 -0.297699101535 -0.414213562373 -0.206106653286
623 -0.070688707824 -0.414213562373 -0.346019872426
624 0.355911689201 -0.414213562373 -0.070815959645
625 0.293062090975 -0.414213562373 -0.033804731502
626 -0.160914115155 -0.414213562373 -0.193285974454
627 0.018008168444 -0.414213562373 -0.169742175575
628 0.084716763695 -0.414213562373 -0.000673443137
629 0.129821572395 -0.414213562373 0.051052890997
630 0.174485063959 -0.414213562373 0.098611238280
631 -0.095053305724 -0.414213562373 -0.025968945016
632 -0.162479023905 -0.414213562373 -0.012275803897
633 -0.027107329665 -0.414213562373 0.142291842590
634 -0.046674220956 -0.414213562373 0.208131202927
635 -0.180822711782 -0.414213562373 0.054035761313
636 -0.200140442266 -0.414213562373 0.300571907228
637 -0.116781353179 -0.414213562373 0.219445453182
638 -0.272721777415 -0.414213562373 0.052410957452
639 0.043098791618 -0.414213562373 -0.224319841038
640 0.302773956859 -0.414213562373 -0.110897312746
641 -0.050546765181 -0.414213562373 0.281992428397
642 0.196558014972 -0.414213562373 -0.136373922391
643 0.213405887826 -0.414213562373 -0.308414930395
644 0.273750589948 -0.414213562373 0.135485499384
645 0.364536794160 -0.414213562373 0.066489041654
646 -0.023909229570 -0.414213562373 -0.300978515183
647 0.111938101474 -0.414213562373 -0.299495802762
648 -0.194922146817 -0.414213562373 -0.240174806439
649 0.017598824209 -0.414213562373 0.298234196897
650 0.260708761173 -0.414213562373 -0.142374747629
651 -0.298371773005 -0.414213562373 -0.112077754852
652 -0.121883837929 -0.414213562373 -0.306076681075
653 0.119683986399 -0.414213562373 0.224978667628
654 -0.299242090000 -0.414213562373 0.003854077202
655 0.215917691179 -0.414213562373 0.132936901559
656 -0.320467994082 -0.414213562373 -0.033500076848
657 0.313731035734 -0.414213562373 0.027184456887
658 -0.281221753628 -0.414213562373 -0.155988831989
659 0.203401684748 -0.414213562373 -0.222037710537
660 -0.228608030313 -0.414213562373 0.073370320296
661 -0.255057512935 0.251945309089 0.414213562373
662 0.250866619007 -0.250866619007 0.414213562373
663 -0.251491401784 -0.249557566079 0.414213562373
664 0.253148052755 0.242859869167 0.414213562373
665 0.000324155300 -0.356242764886 0.414213562373
666 0.352437766989 -0.001677239227 0.414213562373
667 -0.354778974945 0.000000000000 0.414213562373
668 0.001520487159 0.351655450989 0.414213562373
669 -0.150106562523 -0.357687934059 0.414213562373
670 0.351150120131 -0.149268809869 0.414213562373
671 -0.354228515054 0.153262188175 0.414213562373
672 -0.354778974945 -0.137258300203 0.414213562373
673 0.137613060536 -0.351224846616 0.414213562373
674 0.355202400691 0.139177465909 0.414213562373
675 0.149258819286 0.351189685551 0.414213562373
676 -0.151717428970 0.344805830513 0.414213562373
677 0.347349748933 -0.078447802007 0.414213562373
678 0.290814667112 -0.037095690729 0.414213562373
679 0.292959283580 0.037602044520 0.414213562373
680 0.233242084416 0.004632002286 0.414213562373
681 0.229065801711 -0.063466445012 0.414213562373
682 0.172019597731 -0.025233726111 0.414213562373
683 0.176556981705 0.043077562188 0.414213562373
684 0.115086194914 0.013055588486 0.414213562373
685 0.110456056384 -0.055384810549 0.414213562373
686 0.053497715984 -0.017110489497 0.414213562373
687 0.058152843129 0.051362244925 0.414213562373
688 -0.003465056133 0.021163238564 0.414213562373
689 -0.008117124899 -0.047306840762 0.414213562373
690 -0.065086771594 -0.009039903209 0.414213562373
691 0.001190158643 0.089636549715 0.414213562373
692 -0.069739467184 -0.077510672092 0.414213562373
693 -0.012768155232 -0.115775946868 0.414213562373
694 0.062814052273 0.119842101207 0.414213562373
695 -0.126710374136 -0.039244980592 0.414213562373
696 -0.122057175865 0.029226300134 0.414213562373
697 -0.074391985698 -0.145981271926 0.414213562373
698 0.005844952244 0.158109499765 0.414213562373
699 0.068901212145 0.185393075424 0.414213562373
700 -0.017420830784 -0.184246714558 0.414213562373
701 -0.182024613650 -0.001092023610 0.414213562373
702 -0.177095303445 0.067360467990 0.414213562373
703 -0.187479736979 -0.068607843594 0.414213562373
704 -0.079045143505 -0.214452511097 0.414213562373
705 -0.148720087619 -0.179655627742 0.414213562373
706 -0.117081697903 0.097675810318 0.414213562373
707 0.044203540603 -0.154040871139 0.414213562373
708 0.039550476508 -0.222512009961 0.414213562373
709 0.101174884049 -0.192306142731 0.414213562373
710 0.124678591846 0.149562894383 0.414213562373
711 -0.173999221960 0.135937543902 0.414213562373
712 -0.112634344510 0.166161055943 0.414213562373
713 0.138188507442 0.223518809773 0.414213562373
714 0.009077199776 0.228507182506 0.414213562373
715 -0.231885875864 0.107170120570 0.414213562373
716 -0.250781018465 -0.024746372410 0.414213562373
717 -0.243728144986 -0.099850439114 0.414213562373
718 -0.140669518452 -0.244658368472 0.414213562373
719 -0.079737376479 -0.278822890183 0.414213562373
720 0.177455107627 0.176229153625 0.414213562373
721 0.091229352070 -0.257458187139 0.414213562373
722 -0.165627532555 0.204156076636 0.414213562373
723 -0.109819039613 0.231296737386 0.414213562373
724 0.153683658194 -0.238209186903 0.414213562373
725 0.165138002929 -0.160486531753 0.414213562373
726 0.076555680303 0.350250061559 0.414213562373
727 -0.344886743738 0.081224406191 0.414213562373
728 -0.074492059630 0.349634755609 0.414213562373
729 0.303971299862 0.191826871696 0.414213562373
730 -0.302370248393 -0.194595322003 0.414213562373
731 -0.231935995072 -0.176087422083 0.414213562373
732 0.295316010497 0.113734048110 0.414213562373
733 0.278634207494 -0.111814509065 0.414213562373
734 -0.290834211146 0.033426822540 0.414213562373
735 -0.030195926949 0.292143727767 0.414213562373
736 0.194987558954 -0.296915213919 0.414213562373
737 -0.306930121005 -0.061391090970 0.414213562373
738 -0.161708364621 0.271683183789 0.414213562373
739 0.284788923021 -0.193641986905 0.414213562373
740 0.032263143633 -0.294221269724 0.414213562373
741 0.114137523753 0.289296192724 0.414213562373
742 0.188798513108 0.288657396454 0.414213562373
743 0.041968472482 0.291851238997 0.414213562373
744 -0.076397807289 -0.346787193313 0.414213562373
745 0.064765641262 -0.356244465635 0.414213562373
746 -0.194688533562 -0.294657462873 0.414213562373
747 -0.301742014219 0.201593123656 0.414213562373
748 -0.231129746718 0.183322636956 0.414213562373
749 -0.022890361230 -0.250457285259 0.414213562373
750 -0.132759541426 -0.107292145379 0.414213562373
751 -0.060379994298 0.059427601880 0.414213562373
752 -0.055697868762 0.127897559608 0.414213562373
753 -0.053650896652 0.193108247230 0.414213562373
754 0.048850019930 -0.085575654173 0.414213562373
755 0.106209715424 -0.123570323783 0.414213562373
756 0.119783303429 0.081447750177 0.414213562373
757 0.180174643110 0.114167326822 0.414213562373
758 0.166070018944 -0.089651912443 0.414213562373
759 0.354057097750 0.071015769919 0.414213562373
760 0.237748254795 0.072594481297 0.414213562373
761 0.229903561610 -0.155783274765 0.414213562373
762 -0.189093528566 -0.128142632938 0.414213562373
763 -0.292509759920 0.135677276204 0.414213562373
764 0.235140718789 0.163656797936 0.414213562373
765 -0.235418430583 0.042556579984 0.414213562373
766 -0.368983039128 -0.067181538275 0.414213562373
767 -0.097768183139 0.289373613873 0.414213562373
768 -0.210751586914 0.304781291371 0.414213562373
769 -0.195917570716 -0.229730327439 0.414213562373
770 -0.290927703695 -0.132623322445 0.414213562373
771 -0.031998462486 -0.307660006121 0.414213562373
772 0.198439175069 0.223327670947 0.414213562373
773 -0.285023082459 0.083674783422 0.414213562373
774 0.131729763531 -0.290231644483 0.414213562373
775 -0.130244008435 -0.302613785068 0.414213562373
776 0.074454583120 0.243713299885 0.414213562373
777 0.214321355180 -0.208870866930 0.414213562373
778 -0.058676279049 0.246677448173 0.414213562373
779 0.202916960259 -0.250293223278 0.414213562373
780 -0.202619029028 0.241063656644 0.414213562373
781 0.088553048119 -0.309154569896 0.414213562373
782 -0.300831081390 -0.013177660210 0.414213562373
783 0.213530939487 -0.109769637449 0.414213562373
784 -0.358505133534 -0.002200660444 -0.414213562373
785 0.354778974946 0.000000000000 -0.414213562373
786 -0.001367428341 -0.354295122882 -0.414213562373
787 0.007274844381 0.350730565113 -0.414213562373
788 0.252130887210 -0.251672462388 -0.414213562373
789 0.250397122215 0.248025147753 -0.414213562373
790 -0.250866619006 -0.250866619006 -0.414213562373
791 -0.247582807255 0.249733100816 -0.414213562373
792 0.146782195462 -0.359064931983 -0.414213562373
793 0.353849618837 0.142751643481 -0.414213562373
794 -0.358850117643 -0.142104652527 -0.414213562373
795 -0.153810344158 -0.347922893854 -0.414213562373
796 0.345660599048 -0.151046342479 -0.414213562373
797 0.152752696290 0.349579356155 -0.414213562373
798 -0.142786684867 0.353870531405 -0.414213562373
799 -0.351094963798 0.136534118099 -0.414213562373
800 0.301084335682 0.190142390146 -0.414213562373
801 0.231867637651 0.179406408716 -0.414213562373
802 0.180564835364 0.233742156697 -0.414213562373
803 0.161651739321 0.168202379776 -0.414213562373
804 0.206851535374 0.117096428082 -0.414213562373
805 0.139479162901 0.103793285205 -0.414213562373
806 0.094384202690 0.155305075370 -0.414213562373
807 0.072146533694 0.090609923995 -0.414213562373
808 0.117267201606 0.038941251379 -0.414213562373
809 0.049927540903 0.025729654598 -0.414213562373
810 0.004801678038 0.077438861405 -0.414213562373
811 -0.017414834190 0.012514504812 -0.414213562373
812 0.027711313839 -0.039190661959 -0.414213562373
813 -0.039631120700 -0.052415474420 -0.414213562373
814 -0.062541042899 0.064224181393 -0.414213562373
815 0.005495071689 -0.104121572012 -0.414213562373
816 0.072837507981 -0.090894406276 -0.414213562373
817 -0.040324920119 0.129157404751 -0.414213562373
818 -0.061847372894 -0.117348156703 -0.414213562373
819 -0.106973571761 -0.065641341733 -0.414213562373
820 0.050621269752 -0.155827424858 -0.414213562373
821 -0.107667294086 0.115933304821 -0.414213562373
822 -0.082372186478 0.179813215157 -0.414213562373
823 0.117963713694 -0.142600488857 -0.414213562373
824 -0.127938661355 -0.129483015955 -0.414213562373
825 -0.172856333682 -0.077594246282 -0.414213562373
826 -0.084055121905 -0.181081264801 -0.414213562373
827 0.095747467847 -0.207534181831 -0.414213562373
828 0.021874730201 -0.232196695109 -0.414213562373
829 -0.151856490374 -0.013722034706 -0.414213562373
830 0.140179967875 -0.077666721249 -0.414213562373
831 0.185306161277 -0.129373341001 -0.414213562373
832 0.207522424186 -0.064439530992 -0.414213562373
833 -0.017595859069 0.193918014595 -0.414213562373
834 -0.219158388880 -0.026913670658 -0.414213562373
835 -0.197138118224 0.037849100629 -0.414213562373
836 -0.060337635418 0.255765696808 -0.414213562373
837 -0.155160428784 0.167997527815 -0.414213562373
838 -0.239748794280 -0.088187356289 -0.414213562373
839 -0.159830631008 -0.194827286490 -0.414213562373
840 -0.101736901484 -0.242946746688 -0.414213562373
841 0.073531221017 -0.272467961824 -0.414213562373
842 0.140774716776 -0.253540396021 -0.414213562373
843 0.000866880388 0.250092539530 -0.414213562373
844 0.246559323490 -0.117541536506 -0.414213562373
845 -0.261476497631 0.027243794789 -0.414213562373
846 -0.241205279086 0.085897703858 -0.414213562373
847 0.277110088267 -0.059768574534 -0.414213562373
848 0.230251316594 0.003289086811 -0.414213562373
849 -0.193531152959 0.301797234320 -0.414213562373
850 -0.301306083654 -0.186437426823 -0.414213562373
851 -0.299902947139 0.194555266121 -0.414213562373
852 0.079298085629 0.350582249208 -0.414213562373
853 -0.076208381292 -0.351407724843 -0.414213562373
854 -0.039490904680 -0.288516125153 -0.414213562373
855 0.128397836945 0.289242070286 -0.414213562373
856 0.276088935185 0.117959339995 -0.414213562373
857 -0.229287175794 -0.182014510011 -0.414213562373
858 -0.227928555695 0.185225066275 -0.414213562373
859 0.347827786383 -0.072073736016 -0.414213562373
860 -0.173622313184 -0.260442426642 -0.414213562373
861 -0.306454102789 0.077763940394 -0.414213562373
862 0.338301740738 0.064450616612 -0.414213562373
863 0.230859342636 -0.185232367346 -0.414213562373
864 -0.123855882613 0.285270716680 -0.414213562373
865 -0.070610893575 0.337612311369 -0.414213562373
866 -0.176693798704 0.236046181680 -0.414213562373
867 0.191194168419 -0.299236983623 -0.414213562373
868 0.297699101535 -0.206106653286 -0.414213562373
869 0.070688707824 -0.346019872426 -0.414213562373
870 -0.355911689201 -0.070815959645 -0.414213562373
871 -0.293062090975 -0.033804731502 -0.414213562373
872 0.160914115155 -0.193285974454 -0.414213562373
873 -0.018008168444 -0.169742175575 -0.414213562373
874 -0.084716763695 -0.000673443137 -0.414213562373
875 -0.129821572395 0.051052890997 -0.414213562373
876 -0.174485063959 0.098611238280 -0.414213562373
877 0.095053305724 -0.025968945016 -0.414213562373
878 0.162479023905 -0.012275803897 -0.414213562373
879 0.027107329665 0.142291842590 -0.414213562373
880 0.046674220956 0.208131202927 -0.414213562373
881 0.180822711782 0.054035761313 -0.414213562373
882 0.200140442266 0.300571907228 -0.414213562373
883 0.116781353179 0.219445453182 -0.414213562373
884 0.272721777415 0.052410957452 -0.414213562373
885 -0.043098791618 -0.224319841038 -0.414213562373
886 -0.302773956859 -0.110897312746 -0.414213562373
887 0.050546765181 0.281992428397 -0.414213562373
888 -0.196558014972 -0.136373922391 -0.414213562373
889 -0.213405887826 -0.308414930395 -0.414213562373
890 -0.273750589948 0.135485499384 -0.414213562373
891 -0.364536794160 0.066489041654 -0.414213562373
892 0.023909229570 -0.300978515183 -0.414213562373
893 -0.111938101474 -0.299495802762 -0.414213562373
894 0.194922146817 -0.240174806439 -0.414213562373
895 -0.017598824209 0.298234196897 -0.414213562373
896 -0.260708761173 -0.142374747629 -0.414213562373
897 0.298371773005 -0.112077754852 -0.414213562373
898 0.121883837929 -0.306076681075 -0.414213562373
899 -0.119683986399 0.224978667628 -0.414213562373
900 0.299242090000 0.003854077202 -0.414213562373
901 -0.215917691179 0.132936901559 -0.414213562373
902 0.320467994082 -0.033500076848 -0.414213562373
903 -0.313731035734 0.027184456887 -0.414213562373
904 0.281221753628 -0.155988831989 -0.414213562373
905 -0.203401684748 -0.222037710537 -0.414213562373
906 0.228608030313 0.073370320296 -0.414213562373
907 0.365685424949 0.317157287525 0.317157287525
908 0.268629150102 0.365685424949 0.365685424949
909 0.317157287525 0.317157287526 0.365685424949
910 0.317157287525 0.365685424949 0.317157287526
911 0.365685424949 0.365685424949 0.268629150102
912 0.365685424949 0.268629150102 0.365685424949
913 -0.317157287527 -0.317157287527 -0.365685424950
914 -0.365685424950 -0.365685424950 -0.268629150103
915 -0.317157287527 -0.365685424950 -0.317157287526
916 -0.365685424950 -0.317157287527 -0.317157287526
917 -0.365685424950 -0.268629150103 -0.365685424950
918 -0.268629150103 -0.365685424950 -0.365685424950
919 -0.365685424949 0.317157287525 0.317157287526
920 -0.268629150102 0.365685424949 0.365685424949
921 -0.317157287525 0.317157287525 0.365685424950
922 -0.317157287525 0.365685424949 0.317157287526
923 -0.365685424949 0.365685424949 0.268629150102
924 -0.365685424949 0.268629150102 0.365685424949
925 0.317157287527 -0.365685424950 -0.317157287526
926 0.365685424950 -0.268629150103 -0.365685424950
927 0.365685424951 -0.317157287526 -0.317157287526
928 0.317157287527 -0.317157287526 -0.365685424950
929 0.268629150103 -0.365685424950 -0.365685424950
930 0.365685424950 -0.365685424950 -0.268629150103
931 0.365685424949 -0.317157287525 0.317157287526
932 0.268629150102 -0.365685424949 0.365685424949
933 0.317157287525 -0.317157287525 0.365685424950
934 0.317157287525 -0.365685424949 0.317157287526
935 0.365685424949 -0.365685424949 0.268629150102
936 0.365685424949 -0.268629150102 0.365685424949
937 -0.317157287527 0.365685424950 -0.317157287526
938 -0.365685424950 0.268629150103 -0.365685424950
939 -0.365685424951 0.317157287526 -0.317157287526
940 -0.317157287527 0.317157287526 -0.365685424950
941 -0.268629150103 0.365685424950 -0.365685424950
942 -0.365685424950 0.365685424950 -0.268629150103
943 0.365685424949 0.317157287525 -0.317157287526
944 0.268629150102 0.365685424949 -0.365685424949
945 0.317157287525 0.317157287525 -0.365685424950
946 0.317157287525 0.365685424949 -0.317157287526
947 0.365685424949 0.365685424949 -0.268629150102
948 0.365685424949 0.268629150102 -0.365685424949
949 -0.317157287527 -0.365685424950 0.317157287526
950 -0.365685424950 -0.268629150103 0.365685424950
951 -0.365685424951 -0.317157287526 0.317157287526
952 -0.317157287527 -0.317157287526 0.365685424950
953 -0.268629150103 -0.365685424950 0.365685424950
954 -0.365685424950 -0.365685424950 0.268629150103
955 0.272504829398 -0.120961636397 0.100080190747
956 0.304283481300 -0.217042572522 -0.010392093036
957 -0.044262191526 -0.116529462338 -0.212135969522
958 -0.032713221304 0.171241312188 -0.188601977628
959 0.304419194521 -0.209644347556 -0.133417244249
960 -0.067859478421 -0.123225863001 0.065701308248
961 0.262163812057 0.143700789951 0.119086769441
962 -0.067571666930 0.185826939411 0.072247172951
963 0.309048184821 -0.216929217022 0.151568539140
964 0.362117266015 -0.320945205682 0.028921567881
965 0.250894929726 -0.321261928639 0.063289977671
966 0.180630739832 -0.347560897416 0.033548725819
967 0.156157038075 -0.223157034014 0.006724107079
968 0.014190370907 -0.208586792899 0.003970673843
969 -0.111126560806 -0.176382810926 0.040807082105
970 0.148452517673 -0.089569093446 -0.017396303816
971 0.161954235396 -0.216308707065 0.144432837394
972 0.103803890325 -0.186577811862 -0.112007088422
973 0.275790436448 -0.241434364245 0.045424300361
974 0.313719806002 -0.067679005566 0.013622701217
975 0.299951364027 -0.075127806219 0.143330891660
976 0.359570913064 -0.248503071285 0.029672407461
977 0.353455808014 -0.340134479078 0.115701862660
978 0.359038792191 -0.335086288217 -0.040832540720
979 0.348502898112 -0.334091861049 -0.115697610077
980 0.357139014995 -0.097183405227 -0.117345048317
981 0.320055499304 0.075426234825 -0.109710545314
982 0.319565476429 0.082383067158 0.003403054044
983 0.145145158144 0.106194571232 -0.135167316257
984 0.049188070511 0.111835313153 -0.118184490174
985 0.288667613725 0.162680618563 -0.157166449281
986 0.276713182046 0.046206927369 -0.237277776439
987 0.165539961983 0.073965365853 -0.297780390075
988 -0.007211751211 0.070005699161 -0.306494141479
989 0.286891272927 -0.059151023960 -0.302353983833
990 0.152050231142 0.212944795582 -0.300535357064
991 0.024709803498 0.200317444001 -0.314746904955
992 0.352848354190 0.190638608427 -0.188033754813
993 0.271497469071 0.225327295213 -0.243943926587
994 0.144791314150 0.183706765245 -0.096096362717
995 0.008392541891 0.216997922966 -0.152044399916
996 -0.141369787767 0.220004650712 -0.134289357508
997 -0.300321020953 0.198847403554 -0.168514482489
998 -0.137158597763 0.112008889498 -0.101478667191
999 -0.133350595592 0.242979702022 0.003264534735
1000 -0.165941733904 0.181916966482 -0.254547255079
1001 0.042553405558 0.237899453805 0.039775109304
1002 -0.026754034979 0.099466663753 0.014127571957
1003 0.010735881520 0.236866578620 0.165501576609
1004 0.142381383307 -0.044897724864 -0.120216357978
1005 0.162598035575 0.064237463849 -0.006110289468
1006 0.144332114651 0.192656667202 -0.000235896508
1007 0.326221635969 0.209829632927 -0.014050331101
1008 0.148781841137 0.232077281091 0.188121094772
1009 0.304392545954 0.228550113657 0.127191265700
1010 0.292255632993 0.092902465485 0.173653229011
1011 0.291993498926 -0.059530577632 0.299848838141
1012 0.282472251492 0.064289827266 0.290155370359
1013 0.344152972862 -0.092819773926 0.272919734504
1014 0.260026827868 -0.101412997484 0.258568075052
1015 0.169886128327 -0.041219854481 0.351192920583
1016 0.006792342784 -0.088445140203 0.291141667741
1017 0.001788117312 0.104888292167 0.305373209711
1018 -0.147823354892 0.122505215592 0.340905714360
1019 0.023238839377 0.189779721494 0.255109618018
1020 0.010266423035 0.090303803620 0.164306520024
1021 0.152588794176 0.113231307085 0.284968520862
1022 0.136286230170 -0.204596265017 0.301122637086
1023 0.148734913122 -0.073491333613 0.151360569782
1024 0.354191067235 -0.276385206636 0.197087011298
1025 0.267812671492 -0.264815029896 0.198194277907
1026 0.013729408860 -0.207170390052 0.149524590924
1027 -0.127331808735 -0.183192347977 0.123246686500
1028 0.025048785993 -0.047628807362 0.142660073038
1029 0.003653257273 -0.220898404789 0.290237714197
1030 0.359926452614 -0.170747396381 0.181224325404
1031 0.347879798726 -0.233545193041 0.098476188375
1032 0.351617471495 0.339482117686 -0.060662849247
1033 0.263862058208 -0.245867102099 0.276994141669
1034 -0.145467506996 -0.192589453136 0.284141316042
1035 0.357589785195 -0.167638265088 0.270087876441
1036 0.338067790878 0.056930172330 0.255775744757
1037 0.264756818125 0.039257875264 0.220569730326
1038 0.207759396824 0.056673904189 0.268964355884
1039 0.162280432660 0.201072142043 0.283237220913
1040 0.137248605776 0.051528723072 0.133675975047
1041 -0.087510606604 0.073933642641 0.177415536930
1042 0.284336352358 0.117071546671 0.240461969644
1043 0.364989795547 0.118143108719 0.263951859932
1044 0.354131376765 -0.015958991871 0.264911980946
1045 0.339249238091 0.030807380200 0.344806894160
1046 0.355616643714 0.041983032462 0.179131226390
1047 0.248464001463 -0.184299557027 0.247308804998
1048 0.341609127112 -0.211886069592 0.331155682881
1049 0.293795340798 0.266426019743 0.333483954010
1050 -0.149728712792 0.212169948106 0.330032812546
1051 0.267870705665 0.260665751549 0.216894490542
1052 0.364579214623 0.213263727441 0.274647216005
1053 0.364730074820 0.256436945330 0.193372682830
1054 0.338460495849 -0.105909179003 0.344582053581
1055 0.261785934895 -0.098225889134 0.362835806619
1056 0.347859827818 -0.033534571003 0.339721452624
1057 0.349522421709 0.110993530813 -0.235521673835
1058 0.258786613295 0.122433505702 -0.213121920136
1059 0.190357427730 0.098837000615 -0.233117475756
1060 -0.147608415751 0.045040783205 -0.299398689123
1061 0.152761956657 -0.095537869008 -0.285026304019
1062 0.277581523390 0.103538930233 -0.289019733844
1063 0.367702264619 0.202484195950 -0.248824499027
1064 0.355035644328 0.035254581893 -0.238112241071
1065 0.345947202281 0.042283834698 -0.330881290864
1066 0.356853913196 0.126686211004 -0.156706037577
1067 0.343205333076 0.135167927356 -0.330054687016
1068 0.241624323187 0.351824820749 -0.106099203307
1069 0.154572397156 0.342468017114 -0.096992577413
1070 0.276460019148 0.357188369750 -0.053941096148
1071 0.337695255451 0.221260123296 -0.099381740559
1072 0.261869651194 -0.259834005842 0.354468170575
1073 0.254912237141 0.283050360812 -0.331299899513
1074 0.169640140380 0.256904701638 -0.347272769914
1075 -0.002998057337 -0.076466723139 -0.274262273901
1076 0.149212223374 -0.243303154966 -0.294527543785
1077 0.340716698538 -0.035199505510 -0.342274708243
1078 0.342090475488 0.098467955953 0.340181676727
1079 0.258876972807 0.124669653975 0.330848736472
1080 0.286109279419 0.193382010933 0.270312342106
1081 0.332928334816 0.183683099445 0.192534182228
1082 0.352555298261 -0.106237090651 -0.315851479876
1083 0.011163794152 -0.212256279205 -0.290077549317
1084 0.272127846924 -0.169083326345 0.360361021053
1085 0.266165801052 0.352087283961 0.203979632235
1086 0.337991506185 0.347904465992 0.100129140257
1087 0.168803431446 0.177401394158 -0.243792577281
1088 0.259375038872 0.051069096990 0.349041365583
1089 0.262625946779 0.009967017276 -0.343892361447
1090 -0.142785376296 -0.061976014820 -0.283084410550
1091 -0.282704482153 -0.057165216716 -0.294603898400
1092 -0.015205293865 -0.020309768023 -0.116216117818
1093 0.367595541449 -0.020754313038 -0.260527577447
1094 0.283730938540 -0.183214100933 0.193206456783
1095 0.352704744157 -0.090643179565 0.183463230996
1096 0.347078554336 -0.171796808229 0.113882926660
1097 0.273096712062 -0.137643280590 -0.312358310825
1098 0.347242514441 -0.170575906961 -0.335832698763
1099 0.363365681862 -0.091590071133 -0.239549885744
1100 0.283439006866 -0.261113277515 -0.242128366027
1101 0.203238523603 -0.268606562623 -0.252122296767
1102 0.032691585264 -0.230712709749 -0.144972993163
1103 0.358555442502 -0.179730914385 -0.241422073332
1104 0.338569617174 -0.237754546699 -0.188633087694
1105 0.362849128259 0.260883716545 -0.210737755603
1106 0.216041158749 0.229673534310 -0.157696468881
1107 0.359359825656 0.111610047366 0.201565271099
1108 0.347649818466 0.097957945109 0.121872633507
1109 0.346026785301 0.338171881070 0.026942530852
1110 0.258020796356 -0.024520510774 -0.248669397083
1111 0.291288990763 -0.097882821361 -0.257976354217
1112 0.357739972561 -0.030667953431 -0.176326601658
1113 0.267026760706 -0.340918166618 0.116041127331
1114 0.323024037560 -0.112659077564 -0.197158195392
1115 0.266492661123 -0.021373796940 0.355257065606
1116 0.186973801342 0.293214200002 0.186888827427
1117 0.363978492757 0.267312025065 0.096697450597
1118 0.358156062557 -0.261724079846 -0.041292992845
1119 0.228985762246 -0.253417186516 -0.027653082685
1120 0.356347124099 -0.189793174798 -0.033555414453
1121 0.358776952896 -0.243404888864 -0.108117041172
1122 0.259019895445 -0.357428571809 -0.125120865882
1123 0.355733667165 -0.352466196397 -0.180494278506
1124 0.241448388115 -0.034946991381 0.246353463314
1125 0.349277425685 -0.025833996029 0.182159849241
1126 0.241978654261 -0.325785857084 -0.189008774671
1127 0.353604305872 0.026545107556 0.093578125438
1128 0.271359719379 0.037101793870 0.096825553778
1129 0.348040327308 -0.046214503652 0.114697617565
1130 0.254707875988 -0.051127397872 0.103762493894
1131 -0.127346521809 -0.059825502377 0.135170291405
1132 0.007988470035 -0.042947623307 0.017681736427
1133 0.353452653593 -0.110145217377 0.105574379547
1134 0.358947932291 -0.038294172733 0.044063424148
1135 0.361031969835 0.108957105000 0.038634442857
1136 0.358188014957 0.170843843248 0.024854699754
1137 0.287959141466 0.186023312311 0.045770969442
1138 0.337260700928 0.244892096508 0.045605706487
1139 0.355114212750 0.177530430167 0.097117411264
1140 0.349321925213 0.136632543013 -0.061088884512
1141 0.284965556755 -0.023541544723 0.053647933198
1142 -0.141817856373 -0.055782494446 -0.016398620037
1143 0.346126122883 -0.111447040631 0.040521397663
1144 0.349345841334 -0.026474954636 -0.037483170077
1145 0.337290716771 0.021276289636 0.022925982767
1146 0.280462605276 -0.043406072707 -0.023542198931
1147 0.350833557964 -0.102281828179 -0.034880741621
1148 0.265603717601 -0.101900921116 0.029445808886
1149 0.354697480303 -0.181417574390 0.040849101871
1150 0.357429561886 0.051943214914 -0.067710503517
1151 0.252531341599 0.039161662922 -0.105493745900
1152 0.358857629992 0.050280345499 -0.160976662123
1153 0.269889217120 0.107949905806 -0.092426856812
1154 0.293310776415 -0.174232311287 0.061917766573
1155 0.246127514346 -0.174637894778 0.128846820238
1156 0.270746115138 0.164316293679 -0.029818946754
1157 0.363422682144 0.262755326698 -0.023508538575
1158 0.243198875429 0.178406937574 -0.090726501043
1159 0.339179901005 -0.007643166505 -0.106667922982
1160 0.357530505492 -0.176140108778 -0.177331482765
1161 0.276241955115 -0.174740309264 -0.173663739699
1162 0.360066769318 -0.177577714272 -0.100009992852
1163 0.248510708767 -0.184940368122 -0.115408638923
1164 0.236084152260 -0.282860336074 -0.112684465981
1165 0.267612149492 0.245821277272 0.035197846671
1166 0.283484831345 -0.107231772482 -0.030726404447
1167 0.243130257574 -0.121987378278 0.175280628967
1168 0.250750974498 0.355979982812 0.101346526862
1169 0.270262918783 -0.252761052442 0.112517033947
1170 0.266933334575 0.239662089771 -0.115900062236
1171 0.237813437591 0.231134599869 0.093033632542
1172 0.188364262567 0.247655279300 0.125273365332
1173 -0.321678290729 -0.225384721228 -0.232228800489
1174 -0.261874749085 -0.234599172081 -0.223147672269
1175 -0.152985637782 -0.216257965702 -0.293124288485
1176 -0.170394003061 -0.264335420187 -0.202727471411
1177 -0.131578327697 -0.166967924475 -0.139778408863
1178 -0.287603822997 -0.217584538259 -0.142531893318
1179 -0.139091452185 -0.052177808772 -0.135069042342
1180 -0.255719784476 -0.319812078898 -0.205507030000
1181 -0.281118979311 -0.081806356651 -0.128013768943
1182 -0.285737872504 0.076910437831 -0.145575619012
1183 -0.287176975449 -0.218431301178 0.037084759726
1184 -0.294789564224 -0.185165306755 -0.276948044017
1185 -0.299314598618 -0.076630436387 -0.231564382826
1186 -0.293886409251 0.069677190340 -0.291281139632
1187 -0.280744620061 -0.050136600777 0.007737077798
1188 -0.331471816802 -0.263445399866 -0.174499192431
1189 -0.289718455832 -0.206512891501 0.149503690319
1190 -0.273645264998 0.219424235619 0.005480445859
1191 -0.325784802398 0.244327901402 -0.025115889765
1192 -0.315443136981 0.328068018470 -0.030058277826
1193 -0.342698484740 0.245332163853 -0.121146908707
1194 -0.278174302988 0.061546685240 0.018136865135
1195 -0.148404748187 0.078543904892 0.011086146616
1196 -0.289276710191 0.065134258899 0.138569841629
1197 -0.288189533875 0.240250654542 0.158678166280
1198 -0.288759830552 -0.057235936000 0.141942694015
1199 -0.265762163403 0.088102134741 0.282097749791
1200 -0.089546797378 0.179080034048 0.146122368792
1201 -0.355597010521 -0.246548298462 0.034516012229
1202 -0.335680004274 -0.346338361424 0.025093882569
1203 -0.327910286230 -0.250358190397 0.105883050465
1204 -0.335093714735 -0.340559748088 -0.050998557467
1205 -0.244192230801 -0.330483918815 -0.047758706806
1206 -0.355408872222 -0.254279519175 -0.107254707731
1207 -0.339387073413 -0.350365463961 -0.191504291487
1208 -0.265314390078 0.357951920949 0.230387071984
1209 -0.180420007612 0.351773533115 0.170671742374
1210 -0.252419156187 0.356903907931 0.132236163287
1211 -0.356208507071 0.255380998147 0.187017583612
1212 -0.336446881237 0.285168277158 0.272301568431
1213 -0.318185664752 0.348853380252 0.143121518359
1214 -0.273003659749 -0.297270382837 0.027582264424
1215 -0.327144458647 -0.329913507356 0.099770495845
1216 -0.340983875668 -0.251402849240 -0.031220666637
1217 -0.299205424984 -0.181801402952 0.288998441487
1218 -0.259774917369 -0.131239269800 0.242857109532
1219 -0.217434167807 -0.193672850071 0.270540936820
1220 -0.140891310376 -0.071843537323 0.283129696489
1221 -0.298694456844 -0.056370284553 0.309778023574
1222 -0.247185918404 -0.272231812340 0.265406339101
1223 -0.341369227431 -0.090312393886 0.260137430475
1224 -0.331477763408 -0.270192054581 0.289482802438
1225 -0.339315426325 -0.188319457142 0.347614062076
1226 -0.319035826399 -0.159933916604 0.183436720165
1227 -0.334250644477 -0.095319455766 0.356049108778
1228 -0.325576896873 -0.038342941012 0.366996795799
1229 -0.248692578913 -0.019267660007 0.361459149556
1230 -0.241180992899 0.047233095333 0.359756358232
1231 -0.330010021491 0.023227846402 0.340629122952
1232 -0.350802652371 -0.028612477389 0.265897380442
1233 -0.330445314700 -0.231912950179 0.185236692784
1234 -0.251265502952 -0.229696249786 0.197634348004
1235 -0.305693992050 -0.278051718533 0.217931215079
1236 -0.272089622603 0.233667787872 -0.099022618759
1237 -0.173447317394 0.261415926614 -0.070032011366
1238 -0.313846060382 0.314799151204 -0.132837564681
1239 -0.352216089207 0.173560335000 -0.123041887630
1240 -0.327641824999 0.102006837273 -0.082785666410
1241 -0.359141602634 0.239369554660 -0.197827293238
1242 -0.332549758414 0.293766041460 -0.246957068511
1243 -0.259312083812 -0.244341923213 0.351578459730
1244 -0.261788871137 0.277950405161 -0.302030667257
1245 -0.335546282176 -0.184628013803 -0.152705776185
1246 -0.260603370598 -0.169806196574 -0.161630670930
1247 -0.327617744204 -0.128077596780 -0.148262960578
1248 -0.352705204802 -0.173575138175 -0.098173122112
1249 -0.348267326539 0.351112299679 -0.194728207911
1250 -0.340077347665 -0.181948349357 -0.338384096436
1251 -0.360095905886 -0.103602451262 -0.355435295661
1252 -0.299451227057 0.235701088770 -0.356703045869
1253 -0.238195862559 0.184779685416 -0.336943985027
1254 -0.293078871580 0.155205171369 -0.299799679589
1255 -0.306225222479 0.215360825631 -0.238371662010
1256 -0.340038118525 0.119001745891 0.328142995416
1257 -0.339417294713 0.025304032252 0.249133003062
1258 -0.345835095388 0.259927195025 0.123583165419
1259 -0.248965631900 0.341583888963 -0.116493505710
1260 -0.177969150223 0.358028014194 -0.097692019837
1261 -0.241196443633 -0.311615783145 0.190362718757
1262 -0.177625091458 -0.358957925623 0.175537941932
1263 -0.236994040713 -0.202771836710 -0.027729896104
1264 -0.339245415847 -0.178078785862 -0.029153500854
1265 -0.240406154467 0.036727699038 -0.340755915710
1266 -0.178619255045 0.048138308665 -0.360960335062
1267 -0.294794875961 0.003172934720 -0.308938364446
1268 -0.357666027936 0.028622545545 -0.270391603338
1269 -0.305514713313 0.315554459751 0.050181312190
1270 -0.251309893938 0.348666527002 0.052277986329
1271 -0.352320259433 0.280649032105 0.048850198409
1272 -0.352128992004 -0.088697579885 0.170631889846
1273 -0.286428931885 -0.093147600514 0.188355657277
1274 -0.334282183028 -0.027970291187 0.196020728263
1275 -0.318592181744 -0.097439245819 0.121962505582
1276 -0.351024434541 0.212254910558 0.256380788967
1277 -0.272100591527 0.173829497421 0.202230551361
1278 -0.341237976345 0.146599723165 0.244236275648
1279 -0.341304096519 0.198472910012 0.339225894348
1280 -0.236468317218 0.290575817333 0.266180413471
1281 -0.240402235954 0.190031163539 0.361602635915
1282 -0.356137749233 0.163258350724 -0.188245944208
1283 -0.241109073677 0.179044077121 -0.234798297468
1284 -0.172747629992 0.170270042288 -0.180428888387
1285 -0.232602386746 0.114754880515 -0.188991189156
1286 -0.349854802131 0.098505963411 -0.160154612901
1287 -0.358927237879 0.019515797620 -0.193885346689
1288 -0.242986401827 -0.345513794931 0.135208331757
1289 -0.304768335926 0.134733468805 -0.228948778337
1290 -0.243946068748 0.100708680457 -0.252925166221
1291 -0.236321777962 -0.158811196738 -0.220576049057
1292 -0.219420819062 0.252953810720 -0.230479319881
1293 -0.234159844680 0.112761261298 0.340610422296
1294 -0.236247648072 -0.012430873309 -0.293844202298
1295 -0.304289340042 -0.006481770609 -0.244375489872
1296 -0.271407768729 -0.086344874665 -0.357210709168
1297 -0.266054933738 -0.152313357581 0.172567980253
1298 -0.339096855016 -0.185548185473 0.091049392208
1299 -0.253343916597 -0.107846691344 0.116531811257
1300 -0.346027664726 -0.026203812184 0.124689314238
1301 -0.319530686772 -0.098821923771 0.035272885320
1302 -0.260622936774 -0.037759710446 0.093643624524
1303 -0.344947888217 0.055784884137 0.106902186848
1304 -0.324976263301 -0.017526918973 0.061461219404
1305 -0.202502888321 -0.018679557825 0.019063110559
1306 -0.348723211218 0.040527440715 0.045905841120
1307 -0.361941641785 -0.041581557768 0.005955350364
1308 -0.228735332469 0.039394559454 0.115129774277
1309 -0.357945097568 0.130708822498 0.085410731677
1310 -0.345023073540 0.040959377946 0.179069536940
1311 -0.243688039246 0.043062334520 0.194396264696
1312 -0.344462517856 0.111380587922 0.167792995395
1313 -0.215752480546 -0.046819125425 -0.039566995851
1314 -0.336666960251 0.027595546824 -0.025652912873
1315 -0.342209850321 -0.098611735721 -0.040056054670
1316 -0.355688547578 -0.021791050858 -0.094733235228
1317 -0.251717088763 -0.112843132441 -0.039130789581
1318 -0.356810699665 -0.097571402999 -0.108317109871
1319 -0.256168340179 0.029176180023 -0.039764272483
1320 -0.364728123421 0.126297525434 -0.022260347046
1321 -0.355460967273 0.041982125290 -0.116943148343
1322 -0.281220214339 0.018693702517 -0.109577038602
1323 -0.232146369098 -0.091900253098 -0.091800331058
1324 -0.266124274532 0.019328963543 0.056536875769
1325 -0.360413719570 0.099436705087 0.032023807495
1326 -0.250177941099 0.109464212091 -0.024272720327
1327 -0.350140638385 -0.168405999188 0.037191199430
1328 -0.227468930264 0.106413136879 -0.105420443652
1329 -0.278419670728 0.097355973631 0.071702304057
1330 -0.324228324251 0.181777758200 0.122388121257
1331 -0.245395350161 0.185862512785 0.117835767792
1332 -0.353844392138 0.182154938943 0.192975818001
1333 -0.272048508671 0.275727699976 0.347399514419
1334 -0.278385431481 0.162597743408 -0.095673591822
1335 -0.229159064029 0.041871657685 -0.180091492143
1336 -0.331618355969 -0.050328562737 -0.162280712325
1337 -0.251224538939 0.115481460199 0.152459203378
1338 -0.346546166980 0.189542738403 0.025595038612
1339 -0.252592122600 -0.027683004355 -0.183091298304
1340 -0.222389355645 -0.084891995389 -0.269035524182
1341 -0.243463786587 0.120650284416 0.245586278416
1342 -0.250871603977 0.030271630336 -0.247793534165
1343 -0.279774917691 0.261956022286 -0.179810937297
1344 -0.356410105559 0.190886357792 -0.062158492896
1345 -0.247630209945 -0.035296606654 -0.106667025305
1346 -0.240377958954 -0.105601959656 0.040297457388
1347 -0.278153877077 -0.160373265426 0.044383001777
1348 -0.244031120912 -0.021561914287 0.168887388039
1349 -0.254601783385 -0.084310329042 0.365135083180
1350 -0.229895680452 0.109312913062 -0.346727388840
1351 -0.273606702838 -0.238478069348 -0.087143204483
1352 0.044902465150 0.354209374314 0.341643043565
1353 -0.033662037755 0.360715119654 0.343429675842
1354 -0.124486791128 0.343981458082 0.344633971584
1355 -0.035873762412 0.238597558882 0.345081886713
1356 -0.047263080206 0.332914774943 0.243715902351
1357 0.116611328300 0.353931002925 -0.163708448016
1358 0.181693338953 0.359032624833 -0.163328494968
1359 0.169554545593 0.349785052183 -0.231688099209
1360 -0.175588975325 0.346235616792 0.256791252343
1361 -0.093547540040 0.351367756091 0.287113577155
1362 -0.206919404352 0.341702484343 0.342675979764
1363 0.106791754614 0.362950888954 -0.340113697228
1364 -0.107668033696 0.336710546547 -0.109840746312
1365 -0.184264281841 0.355979253404 -0.169741142961
1366 -0.265375825776 0.346192216131 -0.210919609219
1367 -0.174921635338 0.324879907961 -0.237966519918
1368 0.036246835825 0.356250878745 -0.328688710374
1369 0.045911572533 0.274189663588 -0.312159723322
1370 0.116861962187 0.278400749020 -0.323174748178
1371 0.100531829610 0.366243292650 -0.242160753599
1372 -0.099199492389 0.359952316644 -0.193962246202
1373 -0.175948374831 0.334156870201 -0.340957138728
1374 0.251843549808 0.359893669007 -0.174447426177
1375 -0.085638732763 0.334113775226 0.171228015063
1376 -0.117622698878 0.319600636590 0.112183677560
1377 0.171608706386 0.359200483212 0.193462183076
1378 0.168872393507 0.257550815558 -0.250199834975
1379 -0.029684376291 0.354148469034 -0.327436713039
1380 -0.013283766681 0.239251578982 -0.345368092370
1381 -0.096593709008 0.357889728656 -0.359618815625
1382 0.180255777580 0.345030738246 0.046206302715
1383 0.261425758714 0.355774460358 0.026339645590
1384 -0.097858932075 0.253872521981 0.358111617243
1385 0.184749893943 0.352598249747 0.125303165780
1386 0.100225940910 0.336610202411 0.147728540775
1387 -0.075732342997 0.335924113597 -0.262155752602
1388 -0.129190587827 0.236967091879 -0.251006859581
1389 0.235445382440 0.344047167513 0.282731302284
1390 0.034504800688 0.355611030018 0.261293067018
1391 0.144016644395 0.345443878157 0.262941315760
1392 0.048935783008 0.270101027171 0.274423890582
1393 0.042479104627 0.266579719569 0.207696813729
1394 0.013110063604 0.339575838923 0.176333096246
1395 0.138376695708 0.351277996487 0.351312301986
1396 0.099142816415 0.253780098045 0.335894782060
1397 -0.176646533877 0.359643274862 -0.028570607744
1398 -0.266077965124 0.360024191606 -0.037318389197
1399 -0.247185996893 0.240683317627 -0.040525927557
1400 0.170466353058 0.264487490875 0.337866785695
1401 -0.086202282627 0.360229251053 0.054533791137
1402 -0.159961033378 0.315846075987 0.025848411263
1403 -0.035439400120 0.338378001631 -0.039314092825
1404 -0.093598256094 0.355276572721 -0.021389853727
1405 -0.090724900716 0.274439825051 -0.048640890471
1406 -0.031169236589 0.349540259204 0.037625715476
1407 -0.076646356488 0.250154739200 0.066380479553
1408 0.075458153844 0.355481031395 -0.098871219574
1409 -0.007685494092 0.362150675942 -0.103365797156
1410 -0.016819930079 0.357021051651 -0.184410636034
1411 -0.098805013699 0.274965756279 -0.188126940798
1412 0.031605233205 0.331063432384 0.021862870006
1413 -0.032398435043 0.364277531034 0.116516646985
1414 0.096463211658 0.333642051782 0.055062994201
1415 0.099617700460 0.355555247494 -0.021592936987
1416 0.032208132291 0.359003908871 0.094800563767
1417 -0.034160335797 0.235070083876 0.118827526690
1418 0.050024355655 0.343391554467 -0.185247957337
1419 0.192615497576 0.339126583525 -0.038824911510
1420 0.100610744084 0.281201764381 -0.128921195266
1421 -0.043007544799 0.266564850584 0.183008742695
1422 0.186445194874 0.251041311210 -0.064759919742
1423 0.082195686835 0.225223481304 0.164960845110
1424 0.117459687336 0.260665619296 0.254150208645
1425 0.045505638455 0.272436731074 0.107933490520
1426 -0.094308933681 0.257689979934 0.280274509249
1427 -0.135779604685 0.373543057665 -0.286411033027
1428 -0.081907630683 0.274794438652 -0.306647712620
1429 -0.170034037469 0.277993610709 -0.293033827766
1430 -0.116481046014 0.181868649282 -0.333189450077
1431 0.279124237377 -0.325580101404 0.273676472914
1432 0.205479915706 -0.275984674990 0.245849516950
1433 0.129292384407 -0.309721362654 0.245231198590
1434 0.190312056795 -0.333813294887 0.336855337000
1435 0.174931235637 -0.276466935152 0.184094239710
1436 0.045957492679 -0.291031339851 -0.288382627569
1437 -0.070683605172 -0.296958801147 -0.261095424786
1438 0.005354487354 -0.348457413560 -0.251391891641
1439 -0.116961455480 -0.310748823446 0.229204832480
1440 -0.108073982994 -0.248358186519 0.263409349901
1441 0.118461774657 -0.308757038743 -0.234721822719
1442 0.044240501642 -0.357527804185 0.352280095093
1443 0.113971240391 -0.355726109056 0.305566911687
1444 -0.108562745371 -0.333994797753 -0.300378173056
1445 -0.154271207967 -0.293025492421 -0.312081066992
1446 -0.174383948717 -0.248992045412 -0.357693645387
1447 -0.161487458798 -0.326745858455 -0.241432966196
1448 -0.033918626947 -0.332170729426 0.345756563696
1449 -0.106499269481 -0.333401739992 0.332560142986
1450 -0.023472669321 -0.242638871376 0.363265216937
1451 -0.029794613058 -0.297617351996 0.260621168543
1452 0.054845849365 -0.236905145120 0.348459902094
1453 0.048239615351 -0.344752926058 0.276990674480
1454 -0.166493482254 -0.299285053995 0.136185354278
1455 -0.240415775570 -0.264792406875 0.112853613327
1456 -0.162098044383 -0.349540857777 0.274823977527
1457 -0.182793236466 -0.263518776248 0.213733713996
1458 -0.172952090093 -0.332427322383 0.355252820663
1459 0.195313869782 -0.334509243477 -0.227733894503
1460 0.107313269205 -0.242453986960 -0.244264280315
1461 0.126546907478 -0.327020846502 -0.120461520863
1462 0.108576422240 -0.344161164347 -0.309491885211
1463 0.176745033043 -0.331436305877 -0.347893607680
1464 -0.017851194937 -0.310818354404 -0.307450038253
1465 0.036862857914 -0.237349574080 -0.338275087834
1466 0.234523516520 -0.341671740916 0.176880799972
1467 -0.178522481788 -0.264810343186 0.317116180799
1468 0.038634130327 -0.258374150830 0.252146856003
1469 0.042377731181 -0.354699889439 0.165265752198
1470 -0.031772373152 -0.236927128731 0.212559918101
1471 -0.046660076240 -0.327949558459 0.165572836393
1472 0.244742028434 -0.352839640827 -0.000048884621
1473 -0.022324125309 -0.252646373293 -0.334290585618
1474 -0.098564810258 -0.244306582956 -0.334525554769
1475 0.181905862448 -0.286286604463 -0.174238167777
1476 -0.107765045206 -0.248557242842 0.353866451247
1477 0.180892710585 -0.251170965420 0.355610806136
1478 0.271014363466 -0.348102642020 -0.251668839798
1479 -0.111592284715 -0.357870709553 0.175432847451
1480 -0.106788506918 -0.346417852563 0.109571490067
1481 -0.115330981431 -0.260781732811 0.068478378545
1482 0.003317126185 -0.297479763700 0.016672114220
1483 -0.032208160080 -0.245572528838 0.048395089667
1484 -0.094781657996 -0.336792603474 0.019490047950
1485 -0.073260553285 -0.316376879864 -0.055086891451
1486 -0.148780940565 -0.338877073291 -0.028501792070
1487 -0.042758596675 -0.354386151880 -0.117645311070
1488 -0.125485030642 -0.355083656471 -0.104681053673
1489 -0.112546198252 -0.224572919254 -0.101211207121
1490 0.073085085555 -0.349570363416 -0.035355440564
1491 0.041252806926 -0.323740583050 -0.127177107942
1492 0.055047210465 -0.345636860379 0.041321832353
1493 0.023071236908 -0.344523421638 0.103512080998
1494 0.127239834480 -0.338875579721 0.164561029898
1495 -0.022464623554 -0.321697699941 -0.185289036025
1496 0.069228584490 -0.348049044772 -0.190025428198
1497 0.112602915787 -0.260008131071 0.178085090777
1498 -0.107964076187 -0.342120424353 -0.179958418221
1499 -0.191456544320 -0.318061322553 -0.139829646756
1500 -0.099884854061 -0.272702123137 -0.192365501141
1501 0.164453282926 -0.323965864870 -0.043088699690
1502 0.129934105613 -0.222771697514 -0.048088258855
1503 -0.184333969685 -0.238251584264 -0.108866432119
1504 0.197914922729 -0.279464524957 0.030929162442
1505 0.171514759874 -0.362315066959 0.101225922508
1506 0.115340328230 -0.253840957843 0.111160749586
1507 0.112813202899 -0.360929113208 0.031881649762
1508 0.138323223397 -0.242044572178 0.057424719623
1509 0.195468914967 -0.275754179058 0.110313217579
1510 -0.144997086895 -0.327251231192 0.063900588895
1511 -0.189889863698 -0.278847143014 0.034083062326
1512 0.106048006549 -0.273380558555 -0.335287813824
1513 0.122371249772 -0.235200438575 0.239811028888
1514 -0.093313079000 -0.179686412748 0.331590427062
1515 -0.178216757171 -0.092846066244 0.353825653200
1516 -0.178055416222 -0.177812674676 0.348233432989
1517 -0.249250022221 -0.153756222645 0.353224314797
1518 0.110199535153 0.100957553700 0.357482776273
1519 0.175983605172 0.035026516805 0.348753295044
1520 0.183445036439 0.117508104206 0.355961706202
1521 0.028235966330 0.251771236430 0.356010503597
1522 0.267455697708 0.190204352964 0.343979159116
1523 0.197754487400 0.192824374799 0.352824803318
1524 0.188865864668 -0.097228428447 0.357766342921
1525 0.181913664091 -0.174039999035 0.351123870740
1526 0.118569402182 -0.229018057167 0.357572119636
1527 0.117343470430 0.174722170103 0.352430077133
1528 -0.167184889343 0.045719458975 0.348427386358
1529 -0.254479300061 0.034819179832 0.257862367470
1530 -0.194199081040 0.253229370037 0.354958897228
1531 0.095686525736 0.024197527767 0.337412696761
1532 0.032473313506 -0.028854031808 0.346867068867
1533 0.126633308926 -0.102357359594 0.366533553098
1534 0.151096444062 -0.033998532194 0.266570036851
1535 0.026319294727 0.047620590663 0.358509910204
1536 0.130785984652 0.048123411149 0.227068842280
1537 0.039086497441 -0.110039705129 0.356850525665
1538 0.124689170472 -0.144894341725 0.255585684456
1539 -0.037413406348 -0.074419908661 0.349897883432
1540 0.027468884641 -0.174087338104 0.345704658556
1541 0.054642918500 -0.122830751886 0.261228843548
1542 -0.034418019143 -0.153051808344 0.345130074745
1543 0.067181230799 -0.195521528888 0.287742255534
1544 -0.030482390069 0.017514908318 0.351440814361
1545 0.048190273218 0.116637934914 0.337574937176
1546 0.062706369343 0.000172626753 0.244547944315
1547 -0.030435730831 0.112539616350 0.365158649539
1548 -0.098639192117 0.005787767498 0.348938544836
1549 -0.067281934186 0.027722457055 0.262345783483
1550 -0.088965252212 0.163093067595 0.352335464191
1551 -0.015535957346 -0.023728861126 0.281428270526
1552 0.050728780998 0.187633566467 0.351508921058
1553 0.043141854311 0.111032212722 0.240251136673
1554 -0.016934940690 0.167787803371 0.332645361770
1555 -0.039411698958 0.095956294686 0.255353185889
1556 -0.110910299117 -0.100244113119 0.340728659594
1557 -0.024819598050 -0.144559991222 0.251084674460
1558 -0.111106538518 -0.080281934267 0.216217606700
1559 -0.162505831110 -0.026006811523 0.335009840281
1560 -0.122715319584 -0.017303222000 0.255568178984
1561 0.093769361980 0.189225499421 0.261449262607
1562 -0.104493628196 -0.138259686972 0.259945103522
1563 -0.200046168783 -0.038931071911 0.236749278552
1564 0.098700106000 -0.156236083660 0.343742969773
1565 -0.174077285709 -0.126221967310 0.257000212897
1566 -0.099972293845 0.120266451794 0.247822193974
1567 -0.022197354612 0.158350132906 0.240583051772
1568 0.118083947661 0.122061046680 0.222782105558
1569 0.191686749797 -0.103136721563 0.228068549617
1570 0.098870207833 -0.303620411530 0.362136978515
1571 0.188207261558 -0.250240798886 -0.355819848623
1572 0.201189016710 0.120953646680 -0.318616627552
1573 0.261950187741 0.150508895913 -0.342725388320
1574 0.212268912624 0.203850705196 -0.316510850642
1575 -0.151774926650 0.104043809989 -0.347888298365
1576 -0.185447402737 0.170669752482 -0.358721339180
1577 -0.260452644146 -0.176725324372 -0.350872844860
1578 0.116836321555 0.206982866361 -0.341154077707
1579 0.070309938893 0.255154290700 -0.249976415546
1580 0.261841144878 -0.279375552206 -0.334391554659
1581 -0.146858837316 -0.075550176682 -0.353154582496
1582 -0.190112861841 -0.185049881599 -0.357087191294
1583 -0.119428145903 -0.181443736249 -0.341206481769
1584 -0.181855471865 -0.194825418184 -0.231409642619
1585 -0.256001018227 -0.247630212599 -0.337274874649
1586 0.034595190449 0.126189217292 -0.315416447783
1587 0.099935169304 0.031919678651 -0.340695975994
1588 0.104187888211 0.100793051573 -0.343330123614
1589 0.124005593353 0.118357847042 -0.263612568819
1590 0.037778974182 0.050945956492 -0.334963895874
1591 0.172265918718 0.014382777617 -0.308028470269
1592 0.123167107217 0.052657565419 -0.250851687837
1593 -0.035536717733 0.033701868205 -0.350633643774
1594 0.023762165053 -0.008632450597 -0.317065941349
1595 0.010300851875 0.041421960392 -0.238371808770
1596 0.184346042567 -0.044710324567 -0.335035177512
1597 0.120920733662 -0.027759560462 -0.336136785295
1598 0.049018048957 -0.099180354563 -0.333202153345
1599 0.111030435722 -0.129005311155 -0.309476485513
1600 0.134947519396 -0.193677707361 -0.340980713834
1601 -0.052629403469 -0.046303144828 -0.353421481206
1602 0.028830634187 -0.030165158900 -0.233717089615
1603 -0.092716838635 -0.033119882866 -0.307506327574
1604 -0.013476695301 -0.115935500601 -0.350313621464
1605 -0.039710212678 -0.023740331244 -0.274832516884
1606 -0.110050159240 0.016313586180 -0.351523966624
1607 -0.025385986318 0.101706405648 -0.352349417105
1608 -0.050114494691 0.041290150464 -0.281250339776
1609 -0.082485009941 0.100908105837 -0.328013895032
1610 -0.012322576172 0.122893305808 -0.270950713496
1611 -0.111234381498 0.147965384004 -0.268096324466
1612 -0.109255428715 0.015071315067 -0.250105488166
1613 0.055086680318 -0.165284051744 -0.321229376451
1614 0.057474252280 -0.081598872934 -0.248755042726
1615 -0.087802600493 -0.120610778831 -0.331986987853
1616 -0.022524715914 -0.185268608749 -0.350294376339
1617 -0.018139736374 0.163764277109 -0.354358374396
1618 -0.089958546868 -0.087828178493 -0.254701645795
1619 -0.169603722782 -0.010275238414 -0.314430063129
1620 -0.035010771153 -0.167082460342 -0.251094212607
1621 0.180935770478 -0.126784402518 -0.345370394645
1622 0.106308936524 -0.165098450567 -0.252013536885
1623 0.036858450790 -0.175731435455 -0.251754321356
1624 -0.189636725710 -0.017772899447 -0.237070341243
1625 -0.181765369467 0.061291534607 -0.230111116989
1626 -0.253629104459 -0.031361178343 -0.247834439274
1627 0.175273935976 -0.179468026359 -0.253207283212
1628 0.062085577673 0.097845911958 -0.264600814572
1629 0.188267673826 0.018957020596 -0.234497205050
1630 0.105297861860 0.180710236631 -0.248150496123
1631 0.262846705541 -0.128506631033 -0.370450754793
1632 0.168905034085 -0.110480039659 -0.226878071392
1633 0.200182108255 -0.083360994410 -0.174686993669
1634 0.272611693781 -0.180328436174 -0.235088701222
1635 0.242772185889 -0.120227925152 -0.207289233610
1636 0.202761540607 -0.172063686927 0.062461897635
1637 0.208243943779 -0.083720691835 0.049834176803
1638 0.165611728359 -0.151244431789 0.158945134984
1639 0.251431722733 -0.170141242091 -0.029027879854
1640 0.189561727427 -0.156747315247 -0.020958381631
1641 0.199861165255 -0.093079708850 0.127870886186
1642 0.201384921313 -0.003895886923 0.121124184422
1643 0.176615747115 0.032539514556 0.076410107361
1644 0.215840862043 -0.018260710537 0.060582062582
1645 0.178362583999 -0.097533655639 -0.072891362008
1646 0.174088987249 -0.106401762101 -0.126666392357
1647 0.180182204156 -0.182795918112 0.241680750796
1648 0.300081442557 -0.300720667373 0.011766858840
1649 -0.113563651317 -0.160724102908 -0.230817026609
1650 -0.006228379015 -0.171983859895 -0.172699897545
1651 -0.015700945775 -0.081757356981 -0.165668899787
1652 -0.038448085502 -0.092027405844 -0.035178115883
1653 0.066274514737 -0.189051168613 -0.196156590056
1654 0.123389376959 -0.140393163418 -0.172978677837
1655 -0.192240093552 -0.167891748346 -0.170655715022
1656 -0.077039076270 -0.120665155040 -0.111845628955
1657 -0.023321867477 -0.139956237623 -0.097403370280
1658 -0.101502647319 -0.096050611384 -0.180204270438
1659 -0.104362646200 -0.012246418207 -0.172896355517
1660 -0.098888393298 0.062883983223 -0.166511914685
1661 -0.104819361438 -0.084354758729 -0.064516681754
1662 -0.064331828213 -0.149655510117 -0.166743621125
1663 -0.100548745011 -0.157267136518 -0.059973253260
1664 -0.065301262553 0.099938906259 -0.231529041820
1665 -0.052106157506 0.184769551685 -0.283842168345
1666 -0.033088999190 0.085275036691 -0.162033530894
1667 -0.098445651863 0.140336072853 -0.158866773603
1668 -0.013698040420 0.120296658548 -0.052086996991
1669 0.034696416321 0.179474415144 -0.261816820380
1670 -0.103457943443 0.178628901829 -0.210719147318
1671 -0.017700490354 0.238446418573 -0.245727978288
1672 0.022960786446 0.101853042226 -0.199081373784
1673 -0.170562997300 0.083373273406 -0.158601217240
1674 -0.042665148086 0.008406428527 -0.192626080405
1675 -0.060020577902 0.122654404878 -0.102905725202
1676 -0.118555982835 0.187062639580 -0.064976508925
1677 -0.065821140261 0.030881743161 -0.115387149334
1678 0.249060217186 -0.239709809748 -0.175208321138
1679 0.297527851361 -0.136552377325 -0.132741369936
1680 0.288191503300 -0.080408767502 -0.085802155073
1681 0.292765378585 -0.226577813638 -0.073344753072
1682 -0.038744236824 -0.168893891118 0.047242760014
1683 -0.032523822325 -0.096579791502 0.036745113749
1684 0.039556005249 -0.099788204713 0.082669418632
1685 -0.097179987523 -0.107158939519 0.017196033267
1686 -0.052490387770 0.014488742348 0.023505093967
1687 -0.028970062685 -0.116534072399 0.100578960345
1688 -0.025821050825 -0.165848244860 0.130439970324
1689 0.049116493193 -0.153536577077 0.129302188333
1690 -0.194644632311 -0.189682631965 0.054645761288
1691 -0.139621644859 -0.183491270436 0.203527964423
1692 -0.027638782627 -0.169527072512 0.187397213001
1693 -0.068253299333 -0.054185827224 0.070432881512
1694 -0.103909557895 -0.111544877811 0.100477297518
1695 -0.112763282353 0.009233017266 0.104558612006
1696 -0.130735789699 -0.045974177745 0.054265231762
1697 -0.073228781765 -0.162981946425 0.105143474431
1698 0.178198388236 0.112573926346 0.030390822683
1699 0.252197908283 0.113811682723 0.034547550414
1700 0.312878247938 0.133227006374 0.058564644279
1701 0.147097519015 0.170430815099 0.104868640091
1702 0.189603091528 0.105423016177 0.100508313498
1703 0.062148690809 0.164423355887 0.102846521068
1704 0.212195500987 0.103335894605 0.204529685112
1705 0.216643455026 0.176391703821 0.043580700211
1706 0.189200445511 0.249861354628 0.046402707003
1707 0.179265649170 0.164289581979 0.197836545652
1708 0.191631675245 0.149023443202 -0.035239924543
1709 0.257883985290 0.173189298379 0.201094713725
1710 0.195466641784 0.039054577645 0.184719407368
1711 -0.097862047678 0.121718796857 0.042713667724
1712 -0.000064036532 0.182566627091 0.038493693014
1713 -0.121187942881 0.182624302438 0.020202904787
1714 -0.181457895393 0.189802458365 0.027408511441
1715 -0.017852134858 0.255051374239 0.057010823384
1716 -0.023452487396 0.187142087080 0.176520893973
1717 -0.055253875492 0.185718158254 -0.027162022211
1718 -0.028126897122 0.121879504661 0.102936704623
1719 -0.112775105828 0.111639261907 0.114483541079
1720 -0.050740679290 0.042944809756 0.104896549763
1721 -0.039449308689 0.130495872080 0.198156900784
1722 -0.086591127673 0.255118116591 0.128506262289
1723 -0.089511679494 0.190159247836 0.218468906401
1724 0.314544215034 -0.288870271412 0.140000477975
1725 0.322528983554 -0.365664621685 -0.009269065510
1726 0.316928697955 -0.361602717494 0.068609314487
1727 0.284103861780 -0.374319994408 0.033272775824
1728 0.125351074568 -0.159986348003 -0.030826219905
1729 0.131120190883 -0.177406765860 0.061867098410
1730 0.087260154310 -0.210209485865 0.012208615773
1731 0.037234156529 -0.262506404475 -0.037494986153
1732 -0.055183379049 -0.235197871493 -0.029927252412
1733 0.060948733563 -0.179052787030 -0.042494533446
1734 0.058813580970 -0.252139886134 0.046148783765
1735 0.100544022349 -0.100540973212 -0.084516520161
1736 -0.032963652877 -0.160206705484 -0.024121564705
1737 -0.051616740889 -0.236409002738 0.115496786885
1738 -0.142710210659 -0.237195743878 -0.029047521241
1739 -0.171698377187 -0.123740586371 -0.032221801214
1740 -0.173055435706 -0.094158391412 0.027919443999
1741 -0.260121281684 -0.174114838360 0.099505469212
1742 -0.205217262279 -0.174848195231 0.160907078716
1743 0.224502437712 -0.075657439023 -0.032786525647
1744 0.202899257961 0.000054206293 -0.027610105748
1745 0.121337331807 -0.028376644146 -0.035801063085
1746 0.175887351470 -0.158762277616 -0.095206717147
1747 0.076846198206 -0.073865352884 0.004651525390
1748 0.025922908829 -0.113636943990 -0.045564782601
1749 0.042108300036 -0.037869408236 -0.054531444426
1750 0.118479656500 0.028729072788 -0.029005356047
1751 0.093447978329 -0.014154138565 0.027161418590
1752 0.121955423394 -0.085658463761 0.050816309509
1753 0.118456150378 -0.116992983506 0.113195581293
1754 0.093890445108 -0.206724068205 0.132600329021
1755 0.028431062045 -0.265096645195 0.100729355688
1756 0.057889272461 -0.238751092393 0.188881931621
1757 0.103122730811 -0.180897248782 0.183660689347
1758 0.118446104469 -0.238906445249 -0.176275623622
1759 0.195495372904 -0.177932325889 -0.172543180847
1760 0.185509822506 -0.231379696279 -0.096829557271
1761 0.086804578570 -0.261261307495 -0.090813548669
1762 0.105472253218 -0.099597971307 -0.235709378899
1763 0.038915028309 -0.120663974262 -0.120416909966
1764 0.278890992073 0.034924039803 -0.035434793270
1765 0.234602339478 0.041633551881 0.038483427397
1766 0.251289560411 -0.020943145093 0.164719494008
1767 0.277088119067 -0.071673136877 0.202632876432
1768 0.308881906895 -0.076265376284 0.074573129717
1769 0.332458892032 -0.289330288873 0.075592483847
1770 0.303759578590 -0.366437409174 -0.070618002239
1771 0.293664492174 -0.301892179316 -0.061702387597
1772 0.307926258069 -0.288772880010 -0.148197920924
1773 0.296858391431 -0.362893446362 -0.163288593571
1774 0.284691209509 -0.067441428294 -0.154731968063
1775 0.229098038185 -0.021340612111 -0.192487342270
1776 0.266308091402 -0.021912797161 -0.081163522570
1777 0.260644345190 -0.064300524543 -0.213663417696
1778 0.289447161659 0.078745052448 -0.170119033437
1779 0.289180302801 0.001850530705 -0.170763349948
1780 0.293634153934 0.101148886822 -0.038712532165
1781 0.134480584293 0.041440316024 -0.164415137398
1782 0.217096393824 0.041099609006 -0.168328056257
1783 0.110657051999 0.119284383906 -0.201717166408
1784 0.199601395693 0.168042390006 -0.181878480415
1785 0.179221586782 0.009530678682 -0.089006409608
1786 0.097587918920 0.000478489538 -0.104833768133
1787 0.119377576397 0.205839736902 -0.178388798891
1788 0.113578591513 0.112774376086 -0.040564900539
1789 0.113376730487 0.061676006207 -0.086008987158
1790 0.032760398915 0.024181905377 -0.096235044678
1791 0.040215806801 0.045513024187 -0.027845301413
1792 0.118762611593 0.038150763448 0.062125687915
1793 0.005158708450 0.037141864175 -0.150928135734
1794 0.065084020455 0.040549101015 -0.184905058042
1795 0.049411645672 0.173503475021 -0.199590791988
1796 0.051017193336 0.110559732370 -0.022295670104
1797 -0.017298327824 0.055934636451 -0.075450365681
1798 0.043536186100 -0.025903264109 -0.130243195053
1799 -0.090745674890 0.055456575993 -0.040203212767
1800 -0.179124120716 0.055477471292 -0.050253867201
1801 0.297072468334 0.252785462330 -0.171530704206
1802 0.274402589995 0.266668757446 -0.057140186443
1803 0.277410248785 0.051489888118 -0.312809545563
1804 0.299564503673 -0.002935083064 -0.286921434964
1805 0.232189116076 0.044433535414 -0.284650570849
1806 0.194784797648 -0.050551885538 -0.240357364087
1807 0.128607642692 -0.036750788991 -0.253298620764
1808 0.089155862380 0.215942243901 -0.298945520921
1809 0.149874744960 0.154775869144 -0.297145684348
1810 0.164635938702 0.284063493300 -0.159300619962
1811 0.110504565912 0.299776670546 -0.207827919450
1812 0.049629151558 0.180096375688 -0.025410314591
1813 0.046835975636 0.258832074364 -0.183752416720
1814 0.087432139546 0.274163367045 -0.042243322446
1815 0.061867189600 0.216097833116 -0.112701858141
1816 -0.025970923167 0.280494979083 -0.181056133781
1817 -0.009048858964 0.264302463788 -0.010041512680
1818 -0.008621545876 0.178181734692 -0.093874027271
1819 -0.230416647051 0.199115118014 -0.148845798137
1820 -0.234080443960 0.177462191828 -0.031866242599
1821 -0.176742183670 0.204841400648 -0.028926606068
1822 -0.194873140129 0.279516253300 -0.157671228112
1823 -0.152692922650 0.028355978324 -0.187278660852
1824 -0.195438593477 0.183058804488 -0.086533864151
1825 -0.289700813841 0.137121880209 -0.158070439556
1826 -0.176862613219 0.134632375400 -0.017895964385
1827 -0.171854886531 -0.020552184581 -0.169576502724
1828 -0.200446770338 0.007438343163 -0.115278496392
1829 -0.103518832365 0.124411256870 -0.033631614679
1830 -0.258272634768 0.165538793077 0.041600021210
1831 -0.154411547608 0.180865313919 0.090207007824
1832 -0.189639154162 0.210952963709 -0.302776249452
1833 -0.152148025112 0.144982790909 -0.301533833227
1834 0.079007841683 0.173644613659 0.041696008106
1835 0.042187537397 0.158060174429 0.191959505023
1836 0.025663054763 0.033223597917 0.076026726870
1837 0.037597611321 0.113049630333 0.043684041400
1838 -0.089910167348 -0.024483400916 -0.063893950176
1839 -0.111951230731 0.058169563606 0.053382245911
1840 -0.024807468630 -0.010805123864 -0.048308284780
1841 0.004620909157 0.192652317783 0.115211404363
1842 0.138545440790 0.280147149653 0.103354039443
1843 0.111114439631 0.165036126617 0.177457661359
1844 -0.027408925203 0.244938615388 0.251256426380
1845 0.137436312552 -0.074838790352 -0.181216388438
1846 0.173328944013 -0.021306169145 -0.177327639246
1847 0.097805145937 -0.018014205626 -0.193120775988
1848 0.071444823030 -0.073191444125 -0.169227423848
1849 0.035634781475 -0.123005253297 -0.214675661767
1850 0.019958078438 -0.013195005089 -0.178488864689
1851 0.232914740908 0.216261193160 -0.010694538196
1852 0.106687766366 0.236373610269 0.052836234576
1853 0.311604457769 0.142951142949 0.003942718641
1854 0.303629984234 0.012535270858 0.144841906364
1855 0.312348163093 0.123673475835 0.291964603503
1856 0.295579950915 0.001579220370 0.287539881628
1857 0.372745998007 -0.125256285337 0.230958662021
1858 0.315310044701 -0.056242179475 0.238529307987
1859 0.308068213297 -0.137550287313 0.228655441664
1860 0.198114051602 -0.072115639760 0.290920221401
1861 0.185282102942 -0.028971269008 0.195556226716
1862 0.091380525059 -0.068876872102 0.317004335866
1863 0.023829553568 -0.059468511101 0.207207563856
1864 0.099657206840 -0.026869597078 0.176887839223
1865 0.109474112235 -0.095385395219 0.208732099751
1866 -0.063240074521 -0.097433240511 0.290390429385
1867 -0.015983433484 0.012491797721 0.185054848463
1868 -0.030942944083 -0.101310479696 0.177174188087
1869 0.013958796964 0.045134805912 0.282084145132
1870 0.065786257240 0.022707736577 0.147941276582
1871 0.084443736258 0.098805345471 0.168860369350
1872 -0.090341783534 -0.001552864067 0.187128868115
1873 -0.151024367102 0.043151344688 0.259577979139
1874 -0.173782168553 0.127131874325 0.273726264516
1875 -0.131425324164 0.182079644585 0.274413124413
1876 -0.061380763572 0.190209834961 0.291526389009
1877 0.064318147261 -0.035358140100 0.089802034367
1878 -0.010346200403 -0.039290500339 0.087836414960
1879 0.190950061786 -0.231644742914 0.287571371473
1880 0.073731808433 -0.081301278435 0.147157033075
1881 0.124243719734 -0.022536479821 0.114035658373
1882 -0.106816068438 -0.257565319714 0.168819664777
1883 -0.168953768357 -0.234477287598 0.128633641505
1884 -0.170513127215 -0.117547894910 0.094568549656
1885 -0.004812060255 -0.082547772196 0.125643882358
1886 -0.055295661574 -0.051277383509 0.146226138415
1887 -0.052006221134 -0.239791672448 0.298674784387
1888 0.330752105447 0.300202078742 -0.132185552133
1889 0.334982527555 0.368166215939 -0.140835742094
1890 0.324951425723 -0.222177191524 0.238594113734
1891 0.302738610588 -0.003930280253 0.218597332570
1892 0.187960511721 0.268246442672 0.257406437616
1893 0.224901762619 0.060611037863 0.136786554296
1894 0.070215392658 0.087944002181 0.098627700445
1895 -0.174341858004 0.026321033084 0.070289212603
1896 -0.167284852274 0.065939661450 0.130967062972
1897 -0.183833135667 0.115370923462 0.075990768768
1898 -0.168747319002 0.119371695791 0.199076806679
1899 -0.177107688330 0.185875322220 0.160651352562
1900 -0.166581877789 0.002346298529 0.171345420474
1901 0.231482930472 0.239408109613 0.299824471291
1902 0.242925263531 0.243461488145 0.367571118814
1903 -0.192747491407 0.197032127092 0.238276173607
1904 -0.163798852985 0.256546244942 0.268783281600
1905 -0.113501119667 0.253867769761 0.203505467903
1906 0.214195106983 0.216511672127 0.229595050220
1907 0.333876912501 0.159823919101 0.248718374333
1908 0.338334286973 0.280208420520 0.262586736731
1909 0.342360505685 0.172421016107 0.334815710429
1910 0.338256907703 0.324317919072 0.170945682145
1911 0.223159056213 -0.133051256501 0.319220362300
1912 0.286987878526 -0.133032271911 0.303896786749
1913 0.237353683873 -0.068866203011 0.321876721473
1914 0.316904322810 0.164106077097 -0.271257954683
1915 -0.203042733225 0.062805743299 -0.292315509622
1916 -0.177088271950 0.126816645114 -0.237923365611
1917 0.229107828170 -0.082071020860 -0.281021046228
1918 0.082059851337 -0.060980217781 -0.297207691565
1919 0.235055060145 0.075706851968 -0.350155161426
1920 0.303787511844 0.088870622065 -0.363576099280
1921 0.227708156329 0.295277184130 -0.126318872529
1922 0.323867426442 0.226249527203 -0.338990274662
1923 -0.053321571859 -0.087053712671 -0.301749104568
1924 0.228229659876 -0.205068552046 -0.302303954865
1925 0.075919526032 -0.217456980580 -0.289553060275
1926 0.035767855726 -0.251983996401 -0.218430127801
1927 0.318295414460 -0.099558128565 -0.362059108784
1928 0.221289541423 0.157263798024 0.275998775822
1929 -0.063765020915 -0.207512202450 -0.294917875848
1930 -0.099060792122 -0.229287309622 -0.237095993581
1931 -0.018912005142 -0.259314654474 -0.256977174121
1932 -0.035531902509 -0.244375565782 -0.187685846314
1933 0.232247792076 -0.200225830391 0.318174147888
1934 0.288814483252 -0.192873694704 0.293894002787
1935 0.249677449910 0.289126219355 0.140327224692
1936 0.296315300074 0.294062581988 0.082398406726
1937 0.229728400759 0.152573157981 -0.267004651703
1938 0.251382514151 -0.055749903321 -0.356704576542
1939 0.231973385726 -0.021226633412 -0.294342705845
1940 -0.161763418459 -0.110727548165 -0.245769962667
1941 -0.173750388692 -0.106879089609 -0.187202785618
1942 -0.259711475779 -0.113597858254 -0.176462684079
1943 -0.322468783676 -0.101373241062 -0.301734265807
1944 -0.075646724324 -0.049876158021 -0.132517689326
1945 -0.029828348407 -0.073525486319 -0.091249521443
1946 0.338176037873 -0.059654532982 -0.280899110910
1947 0.314104820334 -0.038027258325 -0.230544982606
1948 0.226072156096 -0.212494078980 0.179732552189
1949 0.305922746927 -0.136516569884 0.159688047721
1950 0.291945991395 -0.202169164659 -0.363218419820
1951 0.345017322537 -0.242015326089 -0.335421277747
1952 0.317204897386 -0.209759061260 -0.296585190123
1953 0.326825065953 -0.142650471078 -0.272243583673
1954 0.336222648983 -0.285974122497 -0.274784169767
1955 -0.009582125619 -0.272069861279 -0.103799290629
1956 -0.081467041285 -0.206835002256 -0.174637071839
1957 0.297905868420 0.293143713376 0.005184425937
1958 0.222856974375 -0.137935889855 -0.272693613782
1959 0.233493854916 -0.001582238462 0.301740305726
1960 0.222933999914 0.217369460857 0.162050101444
1961 0.194915465581 -0.354647449435 -0.127532762182
1962 0.233150569060 -0.353851782481 -0.066078875607
1963 0.304533170248 -0.372417794273 -0.217144409927
1964 0.345531073564 -0.306317878654 -0.217354405513
1965 -0.209841410296 -0.083455610149 0.166560218438
1966 -0.276386189838 -0.034782026011 0.245201322471
1967 -0.191890618577 -0.037820393169 0.096240224091
1968 0.308456114367 0.076234125150 0.061411712447
1969 -0.153220120577 -0.005902381702 -0.051340499123
1970 0.317551820987 -0.144615662104 -0.000977727597
1971 0.236127757497 -0.121734524033 -0.079869651941
1972 0.302696509888 -0.153789510353 -0.069217226506
1973 0.241526930094 0.296958060925 0.059943649869
1974 0.201625980231 0.296126763132 0.099285775379
1975 -0.358321124871 -0.281347653053 -0.287551225069
1976 -0.313407317929 -0.252447956656 -0.290790949471
1977 -0.360356623218 -0.206237399928 -0.263832399920
1978 -0.351097240333 -0.284280176803 -0.231842804969
1979 -0.158474513303 -0.136220066724 -0.311426639922
1980 -0.193872156807 -0.146936708906 -0.099123588999
1981 -0.149039863371 -0.217113024777 -0.171227068119
1982 -0.222684125080 -0.232971321738 -0.168190077468
1983 -0.284652243783 -0.147047860471 -0.095101409917
1984 -0.209795909461 -0.068239933833 -0.150593104122
1985 -0.170123820025 -0.058752270220 -0.083760700443
1986 -0.297565171102 -0.339904312391 -0.279254833964
1987 -0.232434623511 -0.355012179456 -0.262055549929
1988 -0.296181499426 -0.052304980822 -0.069002594856
1989 -0.304145732794 0.022588950495 -0.170848867611
1990 -0.298915934700 -0.141616790460 -0.006756851528
1991 -0.356974338688 -0.134865801573 -0.258965669900
1992 -0.281747690690 -0.127399173341 -0.252524354693
1993 -0.357362633018 -0.056754053712 -0.240605737269
1994 -0.349980265994 -0.123960616631 -0.201530865377
1995 -0.298659647758 0.070430298797 -0.212582543806
1996 -0.309796077968 -0.145006891066 0.135825034939
1997 -0.291603058627 -0.280090272949 0.155424256829
1998 -0.298309786808 0.175259413506 -0.031976641598
1999 -0.279861206701 0.251731897090 0.066625780274
2000 -0.367386938566 0.281487792619 -0.076401474881
2001 -0.300146218366 0.294807790623 -0.065941685817
2002 -0.344039973658 0.357076298356 -0.064663000735
2003 -0.360989586763 0.296871693438 -0.019781360356
2004 -0.213818050616 0.067053007244 0.024508774023
2005 -0.307567302314 0.102324535803 -0.006443911266
2006 -0.313390431044 0.108825115858 0.120517335076
2007 -0.292570188004 0.007591127300 0.132953884196
2008 -0.238761878730 0.280022724034 0.135741739698
2009 -0.164728158922 0.254955747402 0.132621891251
2010 -0.237133622765 0.300869532207 0.196258046579
2011 -0.298093803631 -0.072470429743 0.082029993074
2012 -0.310460098625 0.060690584219 0.283043829639
2013 -0.208043320921 0.075247313247 0.284477838131
2014 -0.306006043139 0.109140216978 0.272956419008
2015 -0.276903930933 -0.364624074920 -0.002331694574
2016 -0.351140423784 -0.339298764201 -0.119565721701
2017 -0.291281384824 -0.355844026393 -0.126127671641
2018 -0.238631179042 -0.368229267286 -0.122718023627
2019 -0.273047345591 -0.290317863753 -0.131346824207
2020 -0.300739877296 0.313657430910 0.190454902098
2021 -0.172155262590 0.280494302844 0.199958133650
2022 -0.292333098047 0.246349200645 0.219832437034
2023 -0.366673350077 0.312551129378 0.106214234769
2024 -0.294440461849 0.304960920202 0.105834801520
2025 -0.345073172192 0.360334854600 0.087433124634
2026 -0.364873170563 0.344472839135 0.175664060517
2027 -0.202290416631 -0.361127050646 0.021887366266
2028 -0.264389287616 -0.359450691145 0.076831225344
2029 -0.358624322230 -0.210991130968 0.248503148456
2030 -0.298904392063 -0.200932617461 0.228390288131
2031 -0.349303300695 -0.143109379868 0.230029222586
2032 -0.368640073227 -0.181716676123 0.195625660461
2033 -0.226732484311 -0.082185025744 0.301751229940
2034 -0.367701650452 -0.271862306208 0.223905034693
2035 -0.344179206213 -0.336663578100 0.231077665246
2036 -0.359934337523 -0.197771826681 0.145406966711
2037 -0.367398070975 -0.137690932889 0.146139792226
2038 -0.365911463501 -0.138102776993 0.305331047978
2039 -0.295846583998 -0.122642038016 0.321381284329
2040 -0.365582719992 -0.047429858532 0.318249539452
2041 -0.279761789420 -0.000580862843 0.300259061703
2042 -0.217786029622 0.005745370207 0.300168578188
2043 -0.260407746682 0.051432265916 0.306147958086
2044 -0.369080336237 0.064182093292 0.299656051907
2045 -0.368421150328 -0.356282692587 0.159840286953
2046 -0.299265353553 -0.348850305388 0.166046931281
2047 -0.357420421372 -0.281785922249 0.164047504208
2048 -0.371073456310 0.305093059455 -0.137656509464
2049 -0.362640390035 0.368074610084 -0.126540852418
2050 -0.354134687431 0.236629661162 -0.289096959200
2051 -0.215302657920 0.251931439519 -0.359509704414
2052 -0.367914081591 -0.201576002697 -0.195781374851
2053 -0.306086626737 -0.176970165016 -0.207293372593
2054 -0.356774096271 0.167808844202 -0.349100149034
2055 -0.282002368684 0.159076052430 -0.366277439325
2056 -0.347928352711 0.087666665870 -0.348463836088
2057 -0.282741708674 0.090916575987 -0.365380095293
2058 -0.361135688533 0.111432448854 -0.285003627695
2059 -0.359413147912 0.166540181254 -0.253066680471
2060 -0.289315535992 0.082955681149 0.323807413907
2061 -0.350449799423 0.018246298514 -0.349291240352
2062 -0.293215032041 0.029908577915 -0.361890740298
2063 -0.365347165387 -0.039990598441 -0.354176969922
2064 -0.317868073961 -0.046317923733 -0.356186164307
2065 -0.349753136474 -0.037913258341 -0.302192842536
2066 -0.276306248672 0.298570411192 -0.002457473935
2067 -0.342381742520 0.357274735701 0.014508069076
2068 -0.362578887386 -0.129672659992 0.082451469572
2069 -0.304692847760 -0.126180027229 0.080529129153
2070 -0.359663928191 -0.075644552042 0.087813918217
2071 -0.357150948631 0.086298922184 0.240249447354
2072 -0.297429550022 0.086689891074 0.219726387935
2073 -0.276141868363 0.156072673162 0.290302612643
2074 -0.199000888890 0.162547644039 0.318850557389
2075 -0.251831217529 0.222518922278 0.288534306749
2076 -0.189666232035 -0.353200347763 0.088115828805
2077 -0.362172764980 0.095577626990 -0.223329902977
2078 -0.224370236248 -0.172343333992 -0.287126850288
2079 -0.259522956525 -0.018754010692 -0.364042910721
2080 -0.207737665532 -0.039577434814 -0.355618236455
2081 -0.299543067916 -0.138568518333 -0.365195749036
2082 -0.224694031186 -0.121772935624 -0.355970992926
2083 -0.271685804920 -0.132136011969 -0.311371120116
2084 -0.368108551657 -0.118797005473 0.013135783714
2085 -0.282048976834 -0.350298361173 0.246145037970
2086 -0.217119084889 -0.354259714832 0.240244085290
2087 0.000757874856 0.300992729811 0.322026771802
2088 0.074952428180 0.314388404439 0.307924889073
2089 -0.065325366456 0.303249201035 0.331925328086
2090 -0.144900888121 0.294790119457 0.313336514824
2091 0.009560663035 0.302467407980 0.237518429789
2092 0.028140916207 0.295600088422 -0.126011075696
2093 0.250935464939 0.348319157312 -0.258942820307
2094 0.128166880719 0.320480540515 -0.273327017645
2095 0.179628662679 0.327904682742 -0.296662221958
2096 -0.124017522457 0.311254737319 0.238612220725
2097 -0.111600929884 0.367484559447 0.221997923350
2098 0.079532028256 0.315037380927 -0.365757085102
2099 0.182755936611 0.341911353858 -0.355043283439
2100 0.066600182504 0.330103894430 -0.279002815053
2101 -0.223346758129 0.363123661586 -0.275079325382
2102 0.063707274604 0.248264244883 -0.362426904993
2103 0.227664096420 0.294960497124 -0.199492980845
2104 0.330961902089 0.324014477039 -0.226164053100
2105 -0.206120311854 0.303981680706 0.090965610919
2106 -0.178130107012 0.362445041922 0.093505319556
2107 -0.049401552140 0.294423757825 -0.364065605071
2108 0.015504663103 0.297735817654 -0.361687713990
2109 0.147679030468 0.288706644101 0.010405122956
2110 0.228812709115 0.293116317138 0.000144431214
2111 0.093554224710 0.309349983426 0.219528705940
2112 0.094175346741 0.368415260258 0.216993695176
2113 -0.227806072127 0.298966944371 -0.059337838578
2114 -0.081229037878 0.297260701465 0.029353378171
2115 -0.218361671347 0.249437743074 0.016988521181
2116 -0.201316012259 0.234378922528 0.081009239111
2117 0.023816880804 0.322139266529 -0.058606497391
2118 -0.043747245481 0.310502473386 -0.124244867264
2119 -0.068260150425 0.221601459750 -0.123413676799
2120 -0.008311770783 0.251994727811 -0.082350889943
2121 -0.032059322142 0.302009336058 0.106959062337
2122 0.000258758481 0.308561073947 -0.273704694513
2123 -0.143215664294 0.250216056993 -0.354061424093
2124 -0.073783980980 0.226901088653 -0.364005283161
2125 0.175237908664 -0.359290422839 0.237291024429
2126 0.087409279052 -0.364266075874 0.226747622969
2127 0.071825052281 -0.300689743128 0.212675890406
2128 0.070934797902 -0.363138810018 -0.271407865350
2129 0.016208392029 -0.356146929362 -0.313025999796
2130 -0.113688829058 -0.365736048212 -0.242094155305
2131 -0.058072919862 -0.364567285785 -0.240928963070
2132 -0.095855244780 -0.362175361413 -0.364897082090
2133 -0.147207628671 -0.346224834015 -0.350215442852
2134 -0.125514077568 -0.289685674249 -0.358087084766
2135 -0.197742248985 -0.367454399485 -0.367069605756
2136 -0.199797104765 -0.304537053741 -0.357396828633
2137 -0.177665191114 -0.357627131155 -0.301946611133
2138 -0.199789556728 -0.272578888268 -0.274128487751
2139 -0.005776936028 -0.360600417473 0.292420308711
2140 -0.065489365703 -0.360167543610 0.251314881905
2141 0.007312615698 -0.352594979424 0.219391128493
2142 0.017479160024 -0.289913442247 0.323036128430
2143 0.087441356939 -0.279376923289 0.295314841872
2144 -0.239618026750 -0.335344588822 0.324219493972
2145 0.157843277042 -0.355131930885 -0.272016975904
2146 0.229330432349 -0.358371721508 -0.292192702546
2147 0.159289016886 -0.361656607670 -0.185407306103
2148 0.073921956014 -0.352993801511 -0.357801728135
2149 -0.023275429561 -0.359032383232 -0.362504394345
2150 0.017121125569 -0.297989543908 -0.358580444662
2151 -0.066651038686 -0.299016632045 -0.356560258326
2152 -0.054450886733 -0.359884259661 -0.310568333828
2153 0.335879599243 -0.352323225577 0.182470943930
2154 0.148119356383 -0.274996993910 0.304568135203
2155 0.218728519096 -0.270055603466 0.309450734587
2156 -0.041231774781 -0.334131764160 0.079663881022
2157 -0.011216387429 -0.359963476836 0.016635935567
2158 -0.184348719329 -0.366866036455 -0.065083700540
2159 -0.185033476300 -0.290593552550 -0.070285605677
2160 -0.136202986929 -0.282918852848 -0.122660752928
2161 -0.068058406076 -0.280534442230 -0.129385136545
2162 0.008062259446 -0.352969684566 -0.059704934701
2163 0.086642966556 -0.364184106237 0.106474985136
2164 0.110961227847 -0.307648975316 0.078883285685
2165 -0.181995298242 -0.366869753861 -0.189040130391
2166 0.106234935598 -0.288706838899 0.004285744254
2167 0.089218653346 0.095506965583 0.287286570426
2168 0.019271535392 0.226566513196 0.304370832346
2169 0.156312534663 -0.115863648872 0.306527945669
2170 0.028403345015 -0.181674648026 0.211810515810
2171 0.079751456768 -0.179228570017 0.232237318412
2172 -0.072905262115 0.086184516224 0.320048385706
2173 -0.082253490088 -0.041964329381 0.295880196247
2174 -0.048719350858 -0.050356222297 0.230479390539
2175 -0.080485610827 -0.191464953567 0.234151227190
2176 0.157714621727 0.165664990489 -0.362061728180
2177 -0.204224918883 0.137406656914 -0.295758546064
2178 0.069103727213 0.172600698653 -0.360163984935
2179 0.087954084205 0.155567063128 -0.307315647223
2180 0.218985092194 -0.193720173733 -0.365737366302
2181 0.032129478009 0.105641160737 -0.367603374189
2182 0.149663411242 0.016977107382 -0.369201881335
2183 0.206580387727 0.017447602962 -0.371485170789
2184 0.169226696398 0.074038667870 -0.365376556207
2185 0.009885823188 -0.050714591910 -0.366737768312
2186 0.066619256634 -0.038643322427 -0.366058564516
2187 0.077523643939 0.011377402554 -0.272163570217
2188 0.099179710876 -0.133102673008 -0.364451816151
2189 0.111589505571 -0.082587052032 -0.351824864985
2190 -0.141102895604 0.093539984706 -0.275156929423
2191 -0.128732595155 0.099763052330 -0.210890878910
2192 0.069601547012 -0.201800801806 -0.366962689102
2193 0.018751121670 -0.136896603806 -0.286384817558
2194 0.070702738156 -0.126647438324 -0.275697060597
2195 0.166568819509 -0.040467855667 0.077731310857
2196 0.166107215694 -0.045737369350 0.018956578185
2197 0.232157964046 -0.026610653687 0.014002687672
2198 -0.051911596449 -0.199378194269 -0.113549061934
2199 -0.133207074506 -0.047139585634 -0.212292085540
2200 -0.060625174435 -0.049783775756 -0.212976783833
2201 -0.136874422578 -0.107917395290 -0.114977651914
2202 -0.131349560686 0.016140076802 -0.114852562136
2203 0.235398305443 -0.123054868030 -0.139045681973
2204 0.012955527257 -0.131750388571 0.019137951177
2205 0.076788541420 -0.141425625534 0.019654965951
2206 0.016647807023 -0.186155334995 0.069598968915
2207 -0.074608007426 -0.050213018440 0.000414881602
2208 0.073762297084 -0.195106378689 0.079050803774
2209 -0.068915615354 -0.196699735741 0.163504697610
2210 -0.149262018908 -0.125651256580 0.161130624547
2211 -0.082096851345 -0.135265821808 0.168412705164
2212 0.154156394985 0.099635645250 0.170647802090
2213 -0.061246041706 0.233033053824 0.017235921073
2214 -0.133625062214 0.243308780460 0.077383900628
2215 0.011764003154 -0.196738671809 -0.082280047550
2216 0.013521923084 -0.286080395364 0.178019264771
2217 0.071136578757 -0.294481632364 0.145306650300
2218 0.166409665245 0.090389901782 -0.069014793631
2219 0.226043622388 0.086969875241 -0.041394096191
2220 0.109204706660 0.117228094410 0.041864833140
2221 0.216413479787 0.109882597709 -0.125941510108
2222 0.221879739112 -0.047415418004 -0.122516086933
2223 0.167217324279 0.006042593074 0.023914660706
2224 0.083222278881 0.066660244210 0.019427164017
2225 -0.133457644570 0.010190904535 0.008842577310
2226 0.015679376218 -0.124023476523 0.167365093239
2227 0.067649705650 -0.129409244002 0.186093274959
2228 -0.131126911498 -0.273930782308 -0.265201783697
2229 -0.222168830795 -0.195961735701 -0.124497768402
2230 -0.227360800097 0.233264596575 0.185149129226
2231 -0.371143941079 0.223334828810 -0.343723647993
2232 0.236876594360 0.361137962859 -0.319117917350
2233 -0.239415434510 0.370818181016 0.280250499324
2234 0.381993867416 -0.380870830191 0.138910977565
2235 0.021660147241 0.382938619763 0.380552012736
2236 0.378961778525 -0.078713717593 0.381357734719
2237 -0.379278430389 -0.382273436676 -0.147179230415
2238 -0.386024781170 0.048505007312 -0.382641612657
2239 0.380832477154 -0.016125453715 -0.380412224112
2240 -0.139449691843 -0.380864406686 0.379225262177
2241 0.052537461744 0.378039166108 -0.376696269528
2242 -0.385493042241 -0.057582603828 -0.388840113050
2243 -0.380855131580 0.142473933729 0.375937269514
2244 -0.373985946497 -0.005053870728 0.374995160462
2245 0.381151706775 0.077469366284 0.378922047339
2246 0.381661603554 -0.380603517282 -0.025703920349
2247 0.371556441226 0.177243794668 -0.368477370939
2248 0.385460140369 -0.380403816470 -0.156463350120
2249 -0.379663775198 -0.380174813014 -0.000026750537
2250 0.159742568301 -0.382122115631 -0.381292896322
2251 0.380916464011 -0.158827021188 0.380827456187
2252 0.133925911917 -0.372169074227 0.373570802183
2253 -0.383013128412 -0.160608573026 -0.380311803686
2254 -0.158902443905 0.380785151313 -0.381171539917
2255 0.359531827428 -0.280176805051 0.270577471475
2256 -0.163216021099 0.379428958077 0.381344271977
2257 -0.060668534429 -0.377327447546 0.381206456376
2258 0.378825105869 0.382694389522 0.070614903788
2259 0.375301558917 -0.137928785504 -0.377118876540
2260 -0.146030423309 -0.381589149548 -0.385107986740
2261 0.162030900156 0.381294303827 -0.385138798789
2262 -0.378039752833 -0.133793919173 0.376804844078
2263 0.389424453009 0.378872200837 -0.057805071475
2264 0.354563736741 0.262780719803 -0.276704372045
2265 0.380749761477 -0.000352333991 0.380367307906
2266 -0.380236666011 -0.376171181536 -0.067963925833
2267 -0.381709706993 0.113692300065 -0.384067484775
2268 -0.016237486581 0.382491137428 -0.378328208615
2269 -0.387891094113 -0.009650548055 -0.383709453864
2270 -0.379670511363 -0.053916734709 0.374978715361
2271 0.381436793124 0.153493657729 0.379731331657
2272 0.363287772746 -0.373619413184 0.022371579634
2273 0.383145758508 0.383328556427 -0.109328555091
2274 -0.374148972460 0.055000970661 0.368993677492
2275 0.373267713282 -0.079071436489 -0.373771786294
2276 0.338743864989 0.378109155025 0.201575628492
2277 -0.328245535024 0.379422888120 0.220870662292
2278 -0.374893048666 -0.233106836413 -0.311857730501
2279 0.382352924181 0.378578477497 0.151495131241
2280 0.375559541112 -0.376364195072 -0.092455978980
2281 0.372505827067 0.106168794327 -0.370606527769
2282 0.223231555125 0.315734452982 0.356916302579
2283 0.381792980306 0.381291249785 -0.001380437652
2284 -0.097659494553 0.379730028600 0.380281743545
2285 -0.373906648252 -0.380048237623 0.064636472349
2286 0.379058273967 0.046937994043 -0.383536174057
2287 0.381372636681 -0.370614574997 0.063003889062
2288 0.074032227619 0.382909725672 0.381187395767
2289 -0.005306315445 -0.381727832601 0.381033763467
$EndNodes
$Elements
12669
1 15 3 1 1 0 1
2 15 3 2 2 0 2
3 15 3 3 3 0 3
4 15 3 4 4 0 4
5 15 3 5 5 0 5
6 15 3 6 6 0 6
7 15 3 7 7 0 7
8 15 3 8 8 0 8
9 15 3 9 9 0 9
10 15 3 10 10 0 10
11 15 3 11 11 0 11
12 15 3 12 12 0 12
13 15 3 13 13 0 13
14 15 3 14 14 0 14
15 15 3 15 15 0 15
16 15 3 16 16 0 16
17 15 3 17 17 0 17
18 15 3 18 18 0 18
19 15 3 19 19 0 19
20 15 3 20 20 0 20
21 15 3 21 21 0 21
22 15 3 22 22 0 22
23 15 3 23 23 0 23
24 15 3 24 24 0 24
25 1 3 1 1 0 11 25
26 1 3 1 1 0 25 26
27 1 3 1 1 0 26 27
28 1 3 1 1 0 27 28
29 1 3 1 1 0 28 10
30 1 3 2 2 0 10 29
31 1 3 2 2 0 29 30
32 1 3 2 2 0 30 31
33 1 3 2 2 0 31 32
34 1 3 2 2 0 32 13
35 1 3 3 3 0 13 33
36 1 3 3 3 0 33 34
37 1 3 3 3 0 34 35
38 1 3 3 3 0 35 36
39 1 3 3 3 0 36 14
40 1 3 4 4 0 14 37
41 1 3 4 4 0 37 38
42 1 3 4 4 0 38 39
43 1 3 4 4 0 39 40
44 1 3 4 4 0 40 1
45 1 3 5 5 0 1 41
46 1 3 5 5 0 41 42
47 1 3 5 5 0 42 43
48 1 3 5 5 0 43 44
49 1 3 5 5 0 44 2
50 1 3 6 6 0 2 45
51 1 3 6 6 0 45 46
52 1 3 6 6 0 46 47
53 1 3 6 6 0 47 48
54 1 3 6 6 0 48 19
55 1 3 7 7 0 19 49
56 1 3 7 7 0 49 50
57 1 3 7 7 0 50 51
58 1 3 7 7 0 51 52
59 1 3 7 7 0 52 20
60 1 3 8 8 0 20 53
61 1 3 8 8 0 53 54
62 1 3 8 8 0 54 55
63 1 3 8 8 0 55 56
64 1 3 8 8 0 56 11
65 1 3 9 9 0 7 57
66 1 3 9 9 0 57 58
67 1 3 9 9 0 58 59
68 1 3 9 9 0 59 60
69 1 3 9 9 0 60 8
70 1 3 10 10 0 8 61
71 1 3 10 10 0 61 62
72 1 3 10 10 0 62 63
73 1 3 10 10 0 63 64
74 1 3 10 10 0 64 16
75 1 3 11 11 0 16 65
76 1 3 11 11 0 65 66
77 1 3 11 11 0 66 67
78 1 3 11 11 0 67 68
79 1 3 11 11 0 68 17
80 1 3 12 12 0 17 69
81 1 3 12 12 0 69 70
82 1 3 12 12 0 70 71
83 1 3 12 12 0 71 72
84 1 3 12 12 0 72 4
85 1 3 13 13 0 4 73
86 1 3 13 13 0 73 74
87 1 3 13 13 0 74 75
88 1 3 13 13 0 75 76
89 1 3 13 13 0 76 5
90 1 3 14 14 0 5 77
91 1 3 14 14 0 77 78
92 1 3 14 14 0 78 79
93 1 3 14 14 0 79 80
94 1 3 14 14 0 80 22
95 1 3 15 15 0 22 81
96 1 3 15 15 0 81 82
97 1 3 15 15 0 82 83
98 1 3 15 15 0 83 84
99 1 3 15 15 0 84 23
100 1 3 16 16 0 23 85
101 1 3 16 16 0 85 86
102 1 3 16 16 0 86 87
103 1 3 16 16 0 87 88
104 1 3 16 16 0 88 7
105 1 3 17 17 0 2 89
106 1 3 17 17 0 89 90
107 1 3 17 17 0 90 91
108 1 3 17 17 0 91 92
109 1 3 17 17 0 92 3
110 1 3 18 18 0 3 93
111 1 3 18 18 0 93 94
112 1 3 18 18 0 94 95
113 1 3 18 18 0 95 96
114 1 3 18 18 0 96 9
115 1 3 19 19 0 9 97
116 1 3 19 19 0 97 98
117 1 3 19 19 0 98 99
118 1 3 19 19 0 99 100
119 1 3 19 19 0 100 8
120 1 3 20 20 0 16 101
121 1 3 20 20 0 101 102
122 1 3 20 20 0 102 103
123 1 3 20 20 0 103 104
124 1 3 20 20 0 104 18
125 1 3 21 21 0 18 105
126 1 3 21 21 0 105 106
127 1 3 21 21 0 106 107
128 1 3 21 21 0 107 108
129 1 3 21 21 0 108 21
130 1 3 22 22 0 21 109
131 1 3 22 22 0 109 110
132 1 3 22 22 0 110 111
133 1 3 22 22 0 111 112
134 1 3 22 22 0 112 19
135 1 3 23 23 0 15 113
136 1 3 23 23 0 113 114
137 1 3 23 23 0 114 115
138 1 3 23 23 0 115 116
139 1 3 23 23 0 116 13
140 1 3 24 24 0 10 117
141 1 3 24 24 0 117 118
142 1 3 24 24 0 118 119
143 1 3 24 24 0 119 120
144 1 3 24 24 0 120 12
145 1 3 25 25 0 12 121
146 1 3 25 25 0 121 122
147 1 3 25 25 0 122 123
148 1 3 25 25 0 123 124
149 1 3 25 25 0 124 6
150 1 3 26 26 0 6 125
151 1 3 26 26 0 125 126
152 1 3 26 26 0 126 127
153 1 3 26 26 0 127 128
154 1 3 26 26 0 128 5
155 1 3 27 27 0 22 129
156 1 3 27 27 0 129 130
157 1 3 27 27 0 130 131
158 1 3 27 27 0 131 132
159 1 3 27 27 0 132 24
160 1 3 28 28 0 24 133
161 1 3 28 28 0 133 134
162 1 3 28 28 0 134 135
163 1 3 28 28 0 135 136
164 1 3 28 28 0 136 15
165 1 3 29 29 0 7 137
166 1 3 29 29 0 137 138
167 1 3 29 29 0 138 139
168 1 3 29 29 0 139 140
169 1 3 29 29 0 140 9
170 1 3 30 30 0 3 141
171 1 3 30 30 0 141 142
172 1 3 30 30 0 142 143
173 1 3 30 30 0 143 144
174 1 3 30 30 0 144 1
175 1 3 31 31 0 14 145
176 1 3 31 31 0 145 146
177 1 3 31 31 0 146 147
178 1 3 31 31 0 147 148
179 1 3 31 31 0 148 15
180 1 3 32 32 0 24 149
181 1 3 32 32 0 149 150
182 1 3 32 32 0 150 151
183 1 3 32 32 0 151 152
184 1 3 32 32 0 152 23
185 1 3 33 33 0 18 153
186 1 3 33 33 0 153 154
187 1 3 33 33 0 154 155
188 1 3 33 33 0 155 156
189 1 3 33 33 0 156 17
190 1 3 34 34 0 4 157
191 1 3 34 34 0 157 158
192 1 3 34 34 0 158 159
193 1 3 34 34 0 159 160
194 1 3 34 34 0 160 6
195 1 3 35 35 0 12 161
196 1 3 35 35 0 161 162
197 1 3 35 35 0 162 163
198 1 3 35 35 0 163 164
199 1 3 35 35 0 164 11
200 1 3 36 36 0 20 165
201 1 3 36 36 0 165 166
202 1 3 36 36 0 166 167
203 1 3 36 36 0 167 168
204 1 3 36 36 0 168 21
205 2 3 1 1 0 176 243 251
206 2 3 1 1 0 213 239 277
207 2 3 1 1 0 265 268 272
208 2 3 1 1 0 239 213 270
209 2 3 1 1 0 234 176 251
210 2 3 1 1 0 249 221 250
211 2 3 1 1 0 177 48 252
212 2 3 1 1 0 272 172 280
213 2 3 1 1 0 250 221 280
214 2 3 1 1 0 186 189 241
215 2 3 1 1 0 34 33 250
216 2 3 1 1 0 237 172 272
217 2 3 1 1 0 42 41 247
218 2 3 1 1 0 170 247 285
219 2 3 1 1 0 240 187 267
220 2 3 1 1 0 239 225 278
221 2 3 1 1 0 177 252 283
222 2 3 1 1 0 35 172 237
223 2 3 1 1 0 51 171 238
224 2 3 1 1 0 43 170 244
225 2 3 1 1 0 39 174 185
226 2 3 1 1 0 31 176 234
227 2 3 1 1 0 176 30 236
228 2 3 1 1 0 55 175 235
229 2 3 1 1 0 243 222 251
230 2 3 1 1 0 268 240 272
231 2 3 1 1 0 180 245 274
232 2 3 1 1 0 245 180 278
233 2 3 1 1 0 185 186 241
234 2 3 1 1 0 247 269 285
235 2 3 1 1 0 178 40 185
236 2 3 1 1 0 183 32 234
237 2 3 1 1 0 29 184 236
238 2 3 1 1 0 179 56 235
239 2 3 1 1 0 182 36 237
240 2 3 1 1 0 180 52 238
241 2 3 1 1 0 181 44 244
242 2 3 1 1 0 172 34 250
243 2 3 1 1 0 170 42 247
244 2 3 1 1 0 244 170 287
245 2 3 1 1 0 252 227 283
246 2 3 1 1 0 52 51 238
247 2 3 1 1 0 36 35 237
248 2 3 1 1 0 44 43 244
249 2 3 1 1 0 40 39 185
250 2 3 1 1 0 30 29 236
251 2 3 1 1 0 32 31 234
252 2 3 1 1 0 56 55 235
253 2 3 1 1 0 238 171 239
254 2 3 1 1 0 185 174 186
255 2 3 1 1 0 235 175 242
256 2 3 1 1 0 176 236 243
257 2 3 1 1 0 238 239 278
258 2 3 1 1 0 182 240 267
259 2 3 1 1 0 1 40 178
260 2 3 1 1 0 19 48 177
261 2 3 1 1 0 13 32 183
262 2 3 1 1 0 29 10 184
263 2 3 1 1 0 11 56 179
264 2 3 1 1 0 2 44 181
265 2 3 1 1 0 14 36 182
266 2 3 1 1 0 20 52 180
267 2 3 1 1 0 41 178 247
268 2 3 1 1 0 33 183 250
269 2 3 1 1 0 225 239 270
270 2 3 1 1 0 228 272 280
271 2 3 1 1 0 179 235 271
272 2 3 1 1 0 169 255 256
273 2 3 1 1 0 187 240 268
274 2 3 1 1 0 271 235 281
275 2 3 1 1 0 254 226 277
276 2 3 1 1 0 228 265 272
277 2 3 1 1 0 226 254 283
278 2 3 1 1 0 226 213 277
279 2 3 1 1 0 241 189 291
280 2 3 1 1 0 248 173 253
281 2 3 1 1 0 242 224 273
282 2 3 1 1 0 182 237 240
283 2 3 1 1 0 178 185 241
284 2 3 1 1 0 183 234 249
285 2 3 1 1 0 273 223 281
286 2 3 1 1 0 186 174 187
287 2 3 1 1 0 243 236 275
288 2 3 1 1 0 245 175 274
289 2 3 1 1 0 244 232 282
290 2 3 1 1 0 175 245 290
291 2 3 1 1 0 169 256 288
292 2 3 1 1 0 222 243 286
293 2 3 1 1 0 184 246 275
294 2 3 1 1 0 178 241 247
295 2 3 1 1 0 186 187 188
296 2 3 1 1 0 246 184 276
297 2 3 1 1 0 183 249 250
298 2 3 1 1 0 249 234 251
299 2 3 1 1 0 187 174 267
300 2 3 1 1 0 186 188 189
301 2 3 1 1 0 189 188 190
302 2 3 1 1 0 190 188 191
303 2 3 1 1 0 190 191 192
304 2 3 1 1 0 190 192 193
305 2 3 1 1 0 193 192 194
306 2 3 1 1 0 262 215 263
307 2 3 1 1 0 194 192 195
308 2 3 1 1 0 194 195 196
309 2 3 1 1 0 194 196 197
310 2 3 1 1 0 196 195 199
311 2 3 1 1 0 198 196 259
312 2 3 1 1 0 199 195 202
313 2 3 1 1 0 197 196 198
314 2 3 1 1 0 196 199 259
315 2 3 1 1 0 197 198 200
316 2 3 1 1 0 199 202 206
317 2 3 1 1 0 197 200 201
318 2 3 1 1 0 200 198 203
319 2 3 1 1 0 206 202 207
320 2 3 1 1 0 201 200 205
321 2 3 1 1 0 207 202 218
322 2 3 1 1 0 203 198 204
323 2 3 1 1 0 206 207 222
324 2 3 1 1 0 201 205 208
325 2 3 1 1 0 203 204 209
326 2 3 1 1 0 207 218 221
327 2 3 1 1 0 50 49 254
328 2 3 1 1 0 171 50 254
329 2 3 1 1 0 26 25 255
330 2 3 1 1 0 45 181 253
331 2 3 1 1 0 47 46 173
332 2 3 1 1 0 39 38 174
333 2 3 1 1 0 55 54 175
334 2 3 1 1 0 31 30 176
335 2 3 1 1 0 221 218 228
336 2 3 1 1 0 203 209 211
337 2 3 1 1 0 169 26 255
338 2 3 1 1 0 209 204 210
339 2 3 1 1 0 201 208 215
340 2 3 1 1 0 208 205 212
341 2 3 1 1 0 47 173 252
342 2 3 1 1 0 45 2 181
343 2 3 1 1 0 37 14 182
344 2 3 1 1 0 53 20 180
345 2 3 1 1 0 49 177 254
346 2 3 1 1 0 41 1 178
347 2 3 1 1 0 49 19 177
348 2 3 1 1 0 46 45 253
349 2 3 1 1 0 33 13 183
350 2 3 1 1 0 173 46 253
351 2 3 1 1 0 10 28 184
352 2 3 1 1 0 25 11 179
353 2 3 1 1 0 25 179 255
354 2 3 1 1 0 211 209 224
355 2 3 1 1 0 210 204 214
356 2 3 1 1 0 215 208 216
357 2 3 1 1 0 212 205 213
358 2 3 1 1 0 215 216 217
359 2 3 1 1 0 217 232 233
360 2 3 1 1 0 48 47 252
361 2 3 1 1 0 217 229 232
362 2 3 1 1 0 210 214 219
363 2 3 1 1 0 43 42 170
364 2 3 1 1 0 219 220 230
365 2 3 1 1 0 51 50 171
366 2 3 1 1 0 35 34 172
367 2 3 1 1 0 219 214 220
368 2 3 1 1 0 211 224 225
369 2 3 1 1 0 230 220 231
370 2 3 1 1 0 217 216 229
371 2 3 1 1 0 212 226 227
372 2 3 1 1 0 229 216 248
373 2 3 1 1 0 212 213 226
374 2 3 1 1 0 210 219 223
375 2 3 1 1 0 219 230 256
376 2 3 1 1 0 225 224 245
377 2 3 1 1 0 230 231 246
378 2 3 1 1 0 223 219 256
379 2 3 1 1 0 27 26 169
380 2 3 1 1 0 208 212 257
381 2 3 1 1 0 216 208 257
382 2 3 1 1 0 212 227 257
383 2 3 1 1 0 248 216 257
384 2 3 1 1 0 193 262 263
385 2 3 1 1 0 200 203 258
386 2 3 1 1 0 205 200 258
387 2 3 1 1 0 203 211 258
388 2 3 1 1 0 213 205 258
389 2 3 1 1 0 193 194 262
390 2 3 1 1 0 204 198 259
391 2 3 1 1 0 214 204 259
392 2 3 1 1 0 220 214 260
393 2 3 1 1 0 220 260 261
394 2 3 1 1 0 199 206 260
395 2 3 1 1 0 231 220 261
396 2 3 1 1 0 214 259 260
397 2 3 1 1 0 259 199 260
398 2 3 1 1 0 260 206 261
399 2 3 1 1 0 206 222 261
400 2 3 1 1 0 192 191 264
401 2 3 1 1 0 201 215 262
402 2 3 1 1 0 194 197 262
403 2 3 1 1 0 215 217 263
404 2 3 1 1 0 197 201 262
405 2 3 1 1 0 217 233 263
406 2 3 1 1 0 218 264 265
407 2 3 1 1 0 218 202 264
408 2 3 1 1 0 195 192 264
409 2 3 1 1 0 189 190 266
410 2 3 1 1 0 264 191 265
411 2 3 1 1 0 202 195 264
412 2 3 1 1 0 228 218 265
413 2 3 1 1 0 263 233 266
414 2 3 1 1 0 190 193 266
415 2 3 1 1 0 193 263 266
416 2 3 1 1 0 224 242 290
417 2 3 1 1 0 242 273 281
418 2 3 1 1 0 174 38 267
419 2 3 1 1 0 37 182 267
420 2 3 1 1 0 38 37 267
421 2 3 1 1 0 265 191 268
422 2 3 1 1 0 188 187 268
423 2 3 1 1 0 191 188 268
424 2 3 1 1 0 243 275 286
425 2 3 1 1 0 247 241 269
426 2 3 1 1 0 236 184 275
427 2 3 1 1 0 256 255 271
428 2 3 1 1 0 173 248 279
429 2 3 1 1 0 232 229 282
430 2 3 1 1 0 232 244 287
431 2 3 1 1 0 211 225 270
432 2 3 1 1 0 213 258 270
433 2 3 1 1 0 210 223 273
434 2 3 1 1 0 224 209 273
435 2 3 1 1 0 175 54 274
436 2 3 1 1 0 53 180 274
437 2 3 1 1 0 184 28 276
438 2 3 1 1 0 27 169 276
439 2 3 1 1 0 171 254 277
440 2 3 1 1 0 248 257 279
441 2 3 1 1 0 269 241 291
442 2 3 1 1 0 221 228 280
443 2 3 1 1 0 253 181 289
444 2 3 1 1 0 251 222 284
445 2 3 1 1 0 256 230 288
446 2 3 1 1 0 266 233 291
447 2 3 1 1 0 222 207 284
448 2 3 1 1 0 261 222 286
449 2 3 1 1 0 225 245 278
450 2 3 1 1 0 223 256 271
451 2 3 1 1 0 258 211 270
452 2 3 1 1 0 233 269 291
453 2 3 1 1 0 227 252 279
454 2 3 1 1 0 240 237 272
455 2 3 1 1 0 255 179 271
456 2 3 1 1 0 239 171 277
457 2 3 1 1 0 254 177 283
458 2 3 1 1 0 180 238 278
459 2 3 1 1 0 276 169 288
460 2 3 1 1 0 181 282 289
461 2 3 1 1 0 172 250 280
462 2 3 1 1 0 209 210 273
463 2 3 1 1 0 181 244 282
464 2 3 1 1 0 54 53 274
465 2 3 1 1 0 170 285 287
466 2 3 1 1 0 235 242 281
467 2 3 1 1 0 246 231 275
468 2 3 1 1 0 242 175 290
469 2 3 1 1 0 248 253 289
470 2 3 1 1 0 221 249 284
471 2 3 1 1 0 28 27 276
472 2 3 1 1 0 245 224 290
473 2 3 1 1 0 249 251 284
474 2 3 1 1 0 252 173 279
475 2 3 1 1 0 257 227 279
476 2 3 1 1 0 275 231 286
477 2 3 1 1 0 227 226 283
478 2 3 1 1 0 207 221 284
479 2 3 1 1 0 233 232 285
480 2 3 1 1 0 246 276 288
481 2 3 1 1 0 231 261 286
482 2 3 1 1 0 230 246 288
483 2 3 1 1 0 229 248 289
484 2 3 1 1 0 189 266 291
485 2 3 1 1 0 269 233 285
486 2 3 1 1 0 223 271 281
487 2 3 1 1 0 285 232 287
488 2 3 1 1 0 282 229 289
489 2 3 2 2 0 299 374 366
490 2 3 2 2 0 336 400 362
491 2 3 2 2 0 388 395 391
492 2 3 2 2 0 362 393 336
493 2 3 2 2 0 357 374 299
494 2 3 2 2 0 372 373 344
495 2 3 2 2 0 300 375 60
496 2 3 2 2 0 395 403 295
497 2 3 2 2 0 373 403 344
498 2 3 2 2 0 309 364 312
499 2 3 2 2 0 78 373 77
500 2 3 2 2 0 360 395 295
501 2 3 2 2 0 86 370 85
502 2 3 2 2 0 293 408 370
503 2 3 2 2 0 363 390 310
504 2 3 2 2 0 362 401 348
505 2 3 2 2 0 300 406 375
506 2 3 2 2 0 79 360 295
507 2 3 2 2 0 63 361 294
508 2 3 2 2 0 87 367 293
509 2 3 2 2 0 83 308 297
510 2 3 2 2 0 75 357 299
511 2 3 2 2 0 299 359 74
512 2 3 2 2 0 67 358 298
513 2 3 2 2 0 366 374 345
514 2 3 2 2 0 391 395 363
515 2 3 2 2 0 303 397 368
516 2 3 2 2 0 368 401 303
517 2 3 2 2 0 308 364 309
518 2 3 2 2 0 370 408 392
519 2 3 2 2 0 301 308 84
520 2 3 2 2 0 306 357 76
521 2 3 2 2 0 73 359 307
522 2 3 2 2 0 302 358 68
523 2 3 2 2 0 305 360 80
524 2 3 2 2 0 303 361 64
525 2 3 2 2 0 304 367 88
526 2 3 2 2 0 295 373 78
527 2 3 2 2 0 293 370 86
528 2 3 2 2 0 367 410 293
529 2 3 2 2 0 375 406 350
530 2 3 2 2 0 64 361 63
531 2 3 2 2 0 80 360 79
532 2 3 2 2 0 88 367 87
533 2 3 2 2 0 84 308 83
534 2 3 2 2 0 74 359 73
535 2 3 2 2 0 76 357 75
536 2 3 2 2 0 68 358 67
537 2 3 2 2 0 361 362 294
538 2 3 2 2 0 308 309 297
539 2 3 2 2 0 358 365 298
540 2 3 2 2 0 299 366 359
541 2 3 2 2 0 361 401 362
542 2 3 2 2 0 305 390 363
543 2 3 2 2 0 23 301 84
544 2 3 2 2 0 8 300 60
545 2 3 2 2 0 5 306 76
546 2 3 2 2 0 73 307 4
547 2 3 2 2 0 17 302 68
548 2 3 2 2 0 7 304 88
549 2 3 2 2 0 22 305 80
550 2 3 2 2 0 16 303 64
551 2 3 2 2 0 85 370 301
552 2 3 2 2 0 77 373 306
553 2 3 2 2 0 348 393 362
554 2 3 2 2 0 351 403 395
555 2 3 2 2 0 302 394 358
556 2 3 2 2 0 292 379 378
557 2 3 2 2 0 310 391 363
558 2 3 2 2 0 394 404 358
559 2 3 2 2 0 377 400 349
560 2 3 2 2 0 351 395 388
561 2 3 2 2 0 349 406 377
562 2 3 2 2 0 349 400 336
563 2 3 2 2 0 364 414 312
564 2 3 2 2 0 371 376 296
565 2 3 2 2 0 365 396 347
566 2 3 2 2 0 305 363 360
567 2 3 2 2 0 301 364 308
568 2 3 2 2 0 306 372 357
569 2 3 2 2 0 396 404 346
570 2 3 2 2 0 309 310 297
571 2 3 2 2 0 366 398 359
572 2 3 2 2 0 368 397 298
573 2 3 2 2 0 367 405 355
574 2 3 2 2 0 298 413 368
575 2 3 2 2 0 292 411 379
576 2 3 2 2 0 345 409 366
577 2 3 2 2 0 307 398 369
578 2 3 2 2 0 301 370 364
579 2 3 2 2 0 309 311 310
580 2 3 2 2 0 369 399 307
581 2 3 2 2 0 306 373 372
582 2 3 2 2 0 372 374 357
583 2 3 2 2 0 310 390 297
584 2 3 2 2 0 309 312 311
585 2 3 2 2 0 312 313 311
586 2 3 2 2 0 313 314 311
587 2 3 2 2 0 313 315 314
588 2 3 2 2 0 313 316 315
589 2 3 2 2 0 316 317 315
590 2 3 2 2 0 385 386 338
591 2 3 2 2 0 317 318 315
592 2 3 2 2 0 317 319 318
593 2 3 2 2 0 317 320 319
594 2 3 2 2 0 319 322 318
595 2 3 2 2 0 321 382 319
596 2 3 2 2 0 322 325 318
597 2 3 2 2 0 320 321 319
598 2 3 2 2 0 319 382 322
599 2 3 2 2 0 320 323 321
600 2 3 2 2 0 322 329 325
601 2 3 2 2 0 320 324 323
602 2 3 2 2 0 323 326 321
603 2 3 2 2 0 329 330 325
604 2 3 2 2 0 324 328 323
605 2 3 2 2 0 330 341 325
606 2 3 2 2 0 326 327 321
607 2 3 2 2 0 329 345 330
608 2 3 2 2 0 324 331 328
609 2 3 2 2 0 326 332 327
610 2 3 2 2 0 330 344 341
611 2 3 2 2 0 62 377 61
612 2 3 2 2 0 294 377 62
613 2 3 2 2 0 70 378 69
614 2 3 2 2 0 57 376 304
615 2 3 2 2 0 59 296 58
616 2 3 2 2 0 83 297 82
617 2 3 2 2 0 67 298 66
618 2 3 2 2 0 75 299 74
619 2 3 2 2 0 344 351 341
620 2 3 2 2 0 326 334 332
621 2 3 2 2 0 292 378 70
622 2 3 2 2 0 332 333 327
623 2 3 2 2 0 324 338 331
624 2 3 2 2 0 331 335 328
625 2 3 2 2 0 59 375 296
626 2 3 2 2 0 57 304 7
627 2 3 2 2 0 81 305 22
628 2 3 2 2 0 65 303 16
629 2 3 2 2 0 61 377 300
630 2 3 2 2 0 85 301 23
631 2 3 2 2 0 61 300 8
632 2 3 2 2 0 58 376 57
633 2 3 2 2 0 77 306 5
634 2 3 2 2 0 296 376 58
635 2 3 2 2 0 4 307 72
636 2 3 2 2 0 69 302 17
637 2 3 2 2 0 69 378 302
638 2 3 2 2 0 334 347 332
639 2 3 2 2 0 333 337 327
640 2 3 2 2 0 338 339 331
641 2 3 2 2 0 335 336 328
642 2 3 2 2 0 338 340 339
643 2 3 2 2 0 340 356 355
644 2 3 2 2 0 60 375 59
645 2 3 2 2 0 340 355 352
646 2 3 2 2 0 333 342 337
647 2 3 2 2 0 87 293 86
648 2 3 2 2 0 342 353 343
649 2 3 2 2 0 63 294 62
650 2 3 2 2 0 79 295 78
651 2 3 2 2 0 342 343 337
652 2 3 2 2 0 334 348 347
653 2 3 2 2 0 353 354 343
654 2 3 2 2 0 340 352 339
655 2 3 2 2 0 335 350 349
656 2 3 2 2 0 352 371 339
657 2 3 2 2 0 335 349 336
658 2 3 2 2 0 333 346 342
659 2 3 2 2 0 342 379 353
660 2 3 2 2 0 348 368 347
661 2 3 2 2 0 353 369 354
662 2 3 2 2 0 346 379 342
663 2 3 2 2 0 71 292 70
664 2 3 2 2 0 331 380 335
665 2 3 2 2 0 339 380 331
666 2 3 2 2 0 335 380 350
667 2 3 2 2 0 371 380 339
668 2 3 2 2 0 316 386 385
669 2 3 2 2 0 323 381 326
670 2 3 2 2 0 328 381 323
671 2 3 2 2 0 326 381 334
672 2 3 2 2 0 336 381 328
673 2 3 2 2 0 316 385 317
674 2 3 2 2 0 327 382 321
675 2 3 2 2 0 337 382 327
676 2 3 2 2 0 343 383 337
677 2 3 2 2 0 343 384 383
678 2 3 2 2 0 322 383 329
679 2 3 2 2 0 354 384 343
680 2 3 2 2 0 337 383 382
681 2 3 2 2 0 382 383 322
682 2 3 2 2 0 383 384 329
683 2 3 2 2 0 329 384 345
684 2 3 2 2 0 315 387 314
685 2 3 2 2 0 324 385 338
686 2 3 2 2 0 317 385 320
687 2 3 2 2 0 338 386 340
688 2 3 2 2 0 320 385 324
689 2 3 2 2 0 340 386 356
690 2 3 2 2 0 341 388 387
691 2 3 2 2 0 341 387 325
692 2 3 2 2 0 318 387 315
693 2 3 2 2 0 312 389 313
694 2 3 2 2 0 387 388 314
695 2 3 2 2 0 325 387 318
696 2 3 2 2 0 351 388 341
697 2 3 2 2 0 386 389 356
698 2 3 2 2 0 313 389 316
699 2 3 2 2 0 316 389 386
700 2 3 2 2 0 347 413 365
701 2 3 2 2 0 365 404 396
702 2 3 2 2 0 297 390 82
703 2 3 2 2 0 81 390 305
704 2 3 2 2 0 82 390 81
705 2 3 2 2 0 388 391 314
706 2 3 2 2 0 311 391 310
707 2 3 2 2 0 314 391 311
708 2 3 2 2 0 366 409 398
709 2 3 2 2 0 370 392 364
710 2 3 2 2 0 359 398 307
711 2 3 2 2 0 379 394 378
712 2 3 2 2 0 296 402 371
713 2 3 2 2 0 355 405 352
714 2 3 2 2 0 355 410 367
715 2 3 2 2 0 334 393 348
716 2 3 2 2 0 336 393 381
717 2 3 2 2 0 333 396 346
718 2 3 2 2 0 347 396 332
719 2 3 2 2 0 298 397 66
720 2 3 2 2 0 65 397 303
721 2 3 2 2 0 307 399 72
722 2 3 2 2 0 71 399 292
723 2 3 2 2 0 294 400 377
724 2 3 2 2 0 371 402 380
725 2 3 2 2 0 392 414 364
726 2 3 2 2 0 344 403 351
727 2 3 2 2 0 376 412 304
728 2 3 2 2 0 374 407 345
729 2 3 2 2 0 379 411 353
730 2 3 2 2 0 389 414 356
731 2 3 2 2 0 345 407 330
732 2 3 2 2 0 384 409 345
733 2 3 2 2 0 348 401 368
734 2 3 2 2 0 346 394 379
735 2 3 2 2 0 381 393 334
736 2 3 2 2 0 356 414 392
737 2 3 2 2 0 350 402 375
738 2 3 2 2 0 363 395 360
739 2 3 2 2 0 378 394 302
740 2 3 2 2 0 362 400 294
741 2 3 2 2 0 377 406 300
742 2 3 2 2 0 303 401 361
743 2 3 2 2 0 399 411 292
744 2 3 2 2 0 304 412 405
745 2 3 2 2 0 295 403 373
746 2 3 2 2 0 332 396 333
747 2 3 2 2 0 304 405 367
748 2 3 2 2 0 66 397 65
749 2 3 2 2 0 293 410 408
750 2 3 2 2 0 358 404 365
751 2 3 2 2 0 369 398 354
752 2 3 2 2 0 365 413 298
753 2 3 2 2 0 371 412 376
754 2 3 2 2 0 344 407 372
755 2 3 2 2 0 72 399 71
756 2 3 2 2 0 368 413 347
757 2 3 2 2 0 372 407 374
758 2 3 2 2 0 375 402 296
759 2 3 2 2 0 380 402 350
760 2 3 2 2 0 398 409 354
761 2 3 2 2 0 350 406 349
762 2 3 2 2 0 330 407 344
763 2 3 2 2 0 356 408 355
764 2 3 2 2 0 369 411 399
765 2 3 2 2 0 354 409 384
766 2 3 2 2 0 353 411 369
767 2 3 2 2 0 352 412 371
768 2 3 2 2 0 312 414 389
769 2 3 2 2 0 392 408 356
770 2 3 2 2 0 346 404 394
771 2 3 2 2 0 408 410 355
772 2 3 2 2 0 405 412 352
773 2 3 3 3 0 422 489 497
774 2 3 3 3 0 459 485 523
775 2 3 3 3 0 511 514 518
776 2 3 3 3 0 485 459 516
777 2 3 3 3 0 480 422 497
778 2 3 3 3 0 495 467 496
779 2 3 3 3 0 423 108 498
780 2 3 3 3 0 518 418 526
781 2 3 3 3 0 496 467 526
782 2 3 3 3 0 432 435 487
783 2 3 3 3 0 98 97 496
784 2 3 3 3 0 483 418 518
785 2 3 3 3 0 102 101 493
786 2 3 3 3 0 416 493 531
787 2 3 3 3 0 486 433 513
788 2 3 3 3 0 485 471 524
789 2 3 3 3 0 423 498 529
790 2 3 3 3 0 99 418 483
791 2 3 3 3 0 111 417 484
792 2 3 3 3 0 103 416 490
793 2 3 3 3 0 63 420 431
794 2 3 3 3 0 95 422 480
795 2 3 3 3 0 422 94 482
796 2 3 3 3 0 46 421 481
797 2 3 3 3 0 489 468 497
798 2 3 3 3 0 514 486 518
799 2 3 3 3 0 426 491 520
800 2 3 3 3 0 491 426 524
801 2 3 3 3 0 431 432 487
802 2 3 3 3 0 493 515 531
803 2 3 3 3 0 424 64 431
804 2 3 3 3 0 429 96 480
805 2 3 3 3 0 93 430 482
806 2 3 3 3 0 425 45 481
807 2 3 3 3 0 428 100 483
808 2 3 3 3 0 426 112 484
809 2 3 3 3 0 427 104 490
810 2 3 3 3 0 418 98 496
811 2 3 3 3 0 416 102 493
812 2 3 3 3 0 490 416 533
813 2 3 3 3 0 498 473 529
814 2 3 3 3 0 112 111 484
815 2 3 3 3 0 100 99 483
816 2 3 3 3 0 104 103 490
817 2 3 3 3 0 64 63 431
818 2 3 3 3 0 94 93 482
819 2 3 3 3 0 96 95 480
820 2 3 3 3 0 45 46 481
821 2 3 3 3 0 484 417 485
822 2 3 3 3 0 431 420 432
823 2 3 3 3 0 481 421 488
824 2 3 3 3 0 422 482 489
825 2 3 3 3 0 484 485 524
826 2 3 3 3 0 428 486 513
827 2 3 3 3 0 16 64 424
828 2 3 3 3 0 21 108 423
829 2 3 3 3 0 9 96 429
830 2 3 3 3 0 93 3 430
831 2 3 3 3 0 2 45 425
832 2 3 3 3 0 18 104 427
833 2 3 3 3 0 8 100 428
834 2 3 3 3 0 19 112 426
835 2 3 3 3 0 101 424 493
836 2 3 3 3 0 97 429 496
837 2 3 3 3 0 471 485 516
838 2 3 3 3 0 474 518 526
839 2 3 3 3 0 425 481 517
840 2 3 3 3 0 415 501 502
841 2 3 3 3 0 433 486 514
842 2 3 3 3 0 517 481 527
843 2 3 3 3 0 500 472 523
844 2 3 3 3 0 474 511 518
845 2 3 3 3 0 472 500 529
846 2 3 3 3 0 472 459 523
847 2 3 3 3 0 487 435 537
848 2 3 3 3 0 494 419 499
849 2 3 3 3 0 488 470 519
850 2 3 3 3 0 428 483 486
851 2 3 3 3 0 424 431 487
852 2 3 3 3 0 429 480 495
853 2 3 3 3 0 519 469 527
854 2 3 3 3 0 432 420 433
855 2 3 3 3 0 489 482 521
856 2 3 3 3 0 491 421 520
857 2 3 3 3 0 490 478 528
858 2 3 3 3 0 421 491 536
859 2 3 3 3 0 415 502 534
860 2 3 3 3 0 468 489 532
861 2 3 3 3 0 430 492 521
862 2 3 3 3 0 424 487 493
863 2 3 3 3 0 432 433 434
864 2 3 3 3 0 492 430 522
865 2 3 3 3 0 429 495 496
866 2 3 3 3 0 495 480 497
867 2 3 3 3 0 433 420 513
868 2 3 3 3 0 432 434 435
869 2 3 3 3 0 435 434 436
870 2 3 3 3 0 436 434 437
871 2 3 3 3 0 436 437 438
872 2 3 3 3 0 436 438 439
873 2 3 3 3 0 439 438 440
874 2 3 3 3 0 508 461 509
875 2 3 3 3 0 440 438 441
876 2 3 3 3 0 440 441 442
877 2 3 3 3 0 440 442 443
878 2 3 3 3 0 442 441 445
879 2 3 3 3 0 444 442 505
880 2 3 3 3 0 445 441 448
881 2 3 3 3 0 443 442 444
882 2 3 3 3 0 442 445 505
883 2 3 3 3 0 443 444 446
884 2 3 3 3 0 445 448 452
885 2 3 3 3 0 443 446 447
886 2 3 3 3 0 446 444 449
887 2 3 3 3 0 452 448 453
888 2 3 3 3 0 447 446 451
889 2 3 3 3 0 453 448 464
890 2 3 3 3 0 449 444 450
891 2 3 3 3 0 452 453 468
892 2 3 3 3 0 447 451 454
893 2 3 3 3 0 449 450 455
894 2 3 3 3 0 453 464 467
895 2 3 3 3 0 110 109 500
896 2 3 3 3 0 417 110 500
897 2 3 3 3 0 90 89 501
898 2 3 3 3 0 105 427 499
899 2 3 3 3 0 107 106 419
900 2 3 3 3 0 63 62 420
901 2 3 3 3 0 46 47 421
902 2 3 3 3 0 95 94 422
903 2 3 3 3 0 467 464 474
904 2 3 3 3 0 449 455 457
905 2 3 3 3 0 415 90 501
906 2 3 3 3 0 455 450 456
907 2 3 3 3 0 447 454 461
908 2 3 3 3 0 454 451 458
909 2 3 3 3 0 107 419 498
910 2 3 3 3 0 105 18 427
911 2 3 3 3 0 61 8 428
912 2 3 3 3 0 48 19 426
913 2 3 3 3 0 109 423 500
914 2 3 3 3 0 101 16 424
915 2 3 3 3 0 109 21 423
916 2 3 3 3 0 106 105 499
917 2 3 3 3 0 97 9 429
918 2 3 3 3 0 419 106 499
919 2 3 3 3 0 3 92 430
920 2 3 3 3 0 89 2 425
921 2 3 3 3 0 89 425 501
922 2 3 3 3 0 457 455 470
923 2 3 3 3 0 456 450 460
924 2 3 3 3 0 461 454 462
925 2 3 3 3 0 458 451 459
926 2 3 3 3 0 461 462 463
927 2 3 3 3 0 463 478 479
928 2 3 3 3 0 108 107 498
929 2 3 3 3 0 463 475 478
930 2 3 3 3 0 456 460 465
931 2 3 3 3 0 103 102 416
932 2 3 3 3 0 465 466 476
933 2 3 3 3 0 111 110 417
934 2 3 3 3 0 99 98 418
935 2 3 3 3 0 465 460 466
936 2 3 3 3 0 457 470 471
937 2 3 3 3 0 476 466 477
938 2 3 3 3 0 463 462 475
939 2 3 3 3 0 458 472 473
940 2 3 3 3 0 475 462 494
941 2 3 3 3 0 458 459 472
942 2 3 3 3 0 456 465 469
943 2 3 3 3 0 465 476 502
944 2 3 3 3 0 471 470 491
945 2 3 3 3 0 476 477 492
946 2 3 3 3 0 469 465 502
947 2 3 3 3 0 91 90 415
948 2 3 3 3 0 454 458 503
949 2 3 3 3 0 462 454 503
950 2 3 3 3 0 458 473 503
951 2 3 3 3 0 494 462 503
952 2 3 3 3 0 439 508 509
953 2 3 3 3 0 446 449 504
954 2 3 3 3 0 451 446 504
955 2 3 3 3 0 449 457 504
956 2 3 3 3 0 459 451 504
957 2 3 3 3 0 439 440 508
958 2 3 3 3 0 450 444 505
959 2 3 3 3 0 460 450 505
960 2 3 3 3 0 466 460 506
961 2 3 3 3 0 466 506 507
962 2 3 3 3 0 445 452 506
963 2 3 3 3 0 477 466 507
964 2 3 3 3 0 460 505 506
965 2 3 3 3 0 505 445 506
966 2 3 3 3 0 506 452 507
967 2 3 3 3 0 452 468 507
968 2 3 3 3 0 438 437 510
969 2 3 3 3 0 447 461 508
970 2 3 3 3 0 440 443 508
971 2 3 3 3 0 461 463 509
972 2 3 3 3 0 443 447 508
973 2 3 3 3 0 463 479 509
974 2 3 3 3 0 464 510 511
975 2 3 3 3 0 464 448 510
976 2 3 3 3 0 441 438 510
977 2 3 3 3 0 435 436 512
978 2 3 3 3 0 510 437 511
979 2 3 3 3 0 448 441 510
980 2 3 3 3 0 474 464 511
981 2 3 3 3 0 509 479 512
982 2 3 3 3 0 436 439 512
983 2 3 3 3 0 439 509 512
984 2 3 3 3 0 470 488 536
985 2 3 3 3 0 488 519 527
986 2 3 3 3 0 420 62 513
987 2 3 3 3 0 61 428 513
988 2 3 3 3 0 62 61 513
989 2 3 3 3 0 511 437 514
990 2 3 3 3 0 434 433 514
991 2 3 3 3 0 437 434 514
992 2 3 3 3 0 489 521 532
993 2 3 3 3 0 493 487 515
994 2 3 3 3 0 482 430 521
995 2 3 3 3 0 502 501 517
996 2 3 3 3 0 419 494 525
997 2 3 3 3 0 478 475 528
998 2 3 3 3 0 478 490 533
999 2 3 3 3 0 457 471 516
1000 2 3 3 3 0 459 504 516
1001 2 3 3 3 0 456 469 519
1002 2 3 3 3 0 470 455 519
1003 2 3 3 3 0 421 47 520
1004 2 3 3 3 0 48 426 520
1005 2 3 3 3 0 430 92 522
1006 2 3 3 3 0 91 415 522
1007 2 3 3 3 0 417 500 523
1008 2 3 3 3 0 494 503 525
1009 2 3 3 3 0 515 487 537
1010 2 3 3 3 0 467 474 526
1011 2 3 3 3 0 499 427 535
1012 2 3 3 3 0 497 468 530
1013 2 3 3 3 0 502 476 534
1014 2 3 3 3 0 512 479 537
1015 2 3 3 3 0 468 453 530
1016 2 3 3 3 0 507 468 532
1017 2 3 3 3 0 471 491 524
1018 2 3 3 3 0 469 502 517
1019 2 3 3 3 0 504 457 516
1020 2 3 3 3 0 479 515 537
1021 2 3 3 3 0 473 498 525
1022 2 3 3 3 0 486 483 518
1023 2 3 3 3 0 501 425 517
1024 2 3 3 3 0 485 417 523
1025 2 3 3 3 0 500 423 529
1026 2 3 3 3 0 426 484 524
1027 2 3 3 3 0 522 415 534
1028 2 3 3 3 0 427 528 535
1029 2 3 3 3 0 418 496 526
1030 2 3 3 3 0 455 456 519
1031 2 3 3 3 0 427 490 528
1032 2 3 3 3 0 47 48 520
1033 2 3 3 3 0 416 531 533
1034 2 3 3 3 0 481 488 527
1035 2 3 3 3 0 492 477 521
1036 2 3 3 3 0 488 421 536
1037 2 3 3 3 0 494 499 535
1038 2 3 3 3 0 467 495 530
1039 2 3 3 3 0 92 91 522
1040 2 3 3 3 0 491 470 536
1041 2 3 3 3 0 495 497 530
1042 2 3 3 3 0 498 419 525
1043 2 3 3 3 0 503 473 525
1044 2 3 3 3 0 521 477 532
1045 2 3 3 3 0 473 472 529
1046 2 3 3 3 0 453 467 530
1047 2 3 3 3 0 479 478 531
1048 2 3 3 3 0 492 522 534
1049 2 3 3 3 0 477 507 532
1050 2 3 3 3 0 476 492 534
1051 2 3 3 3 0 475 494 535
1052 2 3 3 3 0 435 512 537
1053 2 3 3 3 0 515 479 531
1054 2 3 3 3 0 469 517 527
1055 2 3 3 3 0 531 478 533
1056 2 3 3 3 0 528 475 535
1057 2 3 4 4 0 545 620 612
1058 2 3 4 4 0 582 646 608
1059 2 3 4 4 0 634 641 637
1060 2 3 4 4 0 608 639 582
1061 2 3 4 4 0 603 620 545
1062 2 3 4 4 0 618 619 590
1063 2 3 4 4 0 546 621 125
1064 2 3 4 4 0 641 649 541
1065 2 3 4 4 0 619 649 590
1066 2 3 4 4 0 555 610 558
1067 2 3 4 4 0 135 619 136
1068 2 3 4 4 0 606 641 541
1069 2 3 4 4 0 79 616 80
1070 2 3 4 4 0 539 654 616
1071 2 3 4 4 0 609 636 556
1072 2 3 4 4 0 608 647 594
1073 2 3 4 4 0 546 652 621
1074 2 3 4 4 0 134 606 541
1075 2 3 4 4 0 122 607 540
1076 2 3 4 4 0 78 613 539
1077 2 3 4 4 0 130 554 543
1078 2 3 4 4 0 114 603 545
1079 2 3 4 4 0 545 605 115
1080 2 3 4 4 0 118 604 544
1081 2 3 4 4 0 612 620 591
1082 2 3 4 4 0 637 641 609
1083 2 3 4 4 0 549 643 614
1084 2 3 4 4 0 614 647 549
1085 2 3 4 4 0 554 610 555
1086 2 3 4 4 0 616 654 638
1087 2 3 4 4 0 547 554 129
1088 2 3 4 4 0 552 603 113
1089 2 3 4 4 0 116 605 553
1090 2 3 4 4 0 548 604 117
1091 2 3 4 4 0 551 606 133
1092 2 3 4 4 0 549 607 121
1093 2 3 4 4 0 550 613 77
1094 2 3 4 4 0 541 619 135
1095 2 3 4 4 0 539 616 79
1096 2 3 4 4 0 613 656 539
1097 2 3 4 4 0 621 652 596
1098 2 3 4 4 0 121 607 122
1099 2 3 4 4 0 133 606 134
1100 2 3 4 4 0 77 613 78
1101 2 3 4 4 0 129 554 130
1102 2 3 4 4 0 115 605 116
1103 2 3 4 4 0 113 603 114
1104 2 3 4 4 0 117 604 118
1105 2 3 4 4 0 607 608 540
1106 2 3 4 4 0 554 555 543
1107 2 3 4 4 0 604 611 544
1108 2 3 4 4 0 545 612 605
1109 2 3 4 4 0 607 647 608
1110 2 3 4 4 0 551 636 609
1111 2 3 4 4 0 22 547 129
1112 2 3 4 4 0 6 546 125
1113 2 3 4 4 0 15 552 113
1114 2 3 4 4 0 116 553 13
1115 2 3 4 4 0 10 548 117
1116 2 3 4 4 0 5 550 77
1117 2 3 4 4 0 24 551 133
1118 2 3 4 4 0 12 549 121
1119 2 3 4 4 0 80 616 547
1120 2 3 4 4 0 136 619 552
1121 2 3 4 4 0 594 639 608
1122 2 3 4 4 0 597 649 641
1123 2 3 4 4 0 548 640 604
1124 2 3 4 4 0 538 625 624
1125 2 3 4 4 0 556 637 609
1126 2 3 4 4 0 640 650 604
1127 2 3 4 4 0 623 646 595
1128 2 3 4 4 0 597 641 634
1129 2 3 4 4 0 595 652 623
1130 2 3 4 4 0 595 646 582
1131 2 3 4 4 0 610 660 558
1132 2 3 4 4 0 617 622 542
1133 2 3 4 4 0 611 642 593
1134 2 3 4 4 0 551 609 606
1135 2 3 4 4 0 547 610 554
1136 2 3 4 4 0 552 618 603
1137 2 3 4 4 0 642 650 592
1138 2 3 4 4 0 555 556 543
1139 2 3 4 4 0 612 644 605
1140 2 3 4 4 0 614 643 544
1141 2 3 4 4 0 613 651 601
1142 2 3 4 4 0 544 659 614
1143 2 3 4 4 0 538 657 625
1144 2 3 4 4 0 591 655 612
1145 2 3 4 4 0 553 644 615
1146 2 3 4 4 0 547 616 610
1147 2 3 4 4 0 555 557 556
1148 2 3 4 4 0 615 645 553
1149 2 3 4 4 0 552 619 618
1150 2 3 4 4 0 618 620 603
1151 2 3 4 4 0 556 636 543
1152 2 3 4 4 0 555 558 557
1153 2 3 4 4 0 558 559 557
1154 2 3 4 4 0 559 560 557
1155 2 3 4 4 0 559 561 560
1156 2 3 4 4 0 559 562 561
1157 2 3 4 4 0 562 563 561
1158 2 3 4 4 0 631 632 584
1159 2 3 4 4 0 563 564 561
1160 2 3 4 4 0 563 565 564
1161 2 3 4 4 0 563 566 565
1162 2 3 4 4 0 565 568 564
1163 2 3 4 4 0 567 628 565
1164 2 3 4 4 0 568 571 564
1165 2 3 4 4 0 566 567 565
1166 2 3 4 4 0 565 628 568
1167 2 3 4 4 0 566 569 567
1168 2 3 4 4 0 568 575 571
1169 2 3 4 4 0 566 570 569
1170 2 3 4 4 0 569 572 567
1171 2 3 4 4 0 575 576 571
1172 2 3 4 4 0 570 574 569
1173 2 3 4 4 0 576 587 571
1174 2 3 4 4 0 572 573 567
1175 2 3 4 4 0 575 591 576
1176 2 3 4 4 0 570 577 574
1177 2 3 4 4 0 572 578 573
1178 2 3 4 4 0 576 590 587
1179 2 3 4 4 0 123 623 124
1180 2 3 4 4 0 540 623 123
1181 2 3 4 4 0 30 624 29
1182 2 3 4 4 0 128 622 550
1183 2 3 4 4 0 126 542 127
1184 2 3 4 4 0 130 543 131
1185 2 3 4 4 0 118 544 119
1186 2 3 4 4 0 114 545 115
1187 2 3 4 4 0 590 597 587
1188 2 3 4 4 0 572 580 578
1189 2 3 4 4 0 538 624 30
1190 2 3 4 4 0 578 579 573
1191 2 3 4 4 0 570 584 577
1192 2 3 4 4 0 577 581 574
1193 2 3 4 4 0 126 621 542
1194 2 3 4 4 0 128 550 5
1195 2 3 4 4 0 132 551 24
1196 2 3 4 4 0 120 549 12
1197 2 3 4 4 0 124 623 546
1198 2 3 4 4 0 80 547 22
1199 2 3 4 4 0 124 546 6
1200 2 3 4 4 0 127 622 128
1201 2 3 4 4 0 136 552 15
1202 2 3 4 4 0 542 622 127
1203 2 3 4 4 0 13 553 32
1204 2 3 4 4 0 29 548 10
1205 2 3 4 4 0 29 624 548
1206 2 3 4 4 0 580 593 578
1207 2 3 4 4 0 579 583 573
1208 2 3 4 4 0 584 585 577
1209 2 3 4 4 0 581 582 574
1210 2 3 4 4 0 584 586 585
1211 2 3 4 4 0 586 602 601
1212 2 3 4 4 0 125 621 126
1213 2 3 4 4 0 586 601 598
1214 2 3 4 4 0 579 588 583
1215 2 3 4 4 0 78 539 79
1216 2 3 4 4 0 588 599 589
1217 2 3 4 4 0 122 540 123
1218 2 3 4 4 0 134 541 135
1219 2 3 4 4 0 588 589 583
1220 2 3 4 4 0 580 594 593
1221 2 3 4 4 0 599 600 589
1222 2 3 4 4 0 586 598 585
1223 2 3 4 4 0 581 596 595
1224 2 3 4 4 0 598 617 585
1225 2 3 4 4 0 581 595 582
1226 2 3 4 4 0 579 592 588
1227 2 3 4 4 0 588 625 599
1228 2 3 4 4 0 594 614 593
1229 2 3 4 4 0 599 615 600
1230 2 3 4 4 0 592 625 588
1231 2 3 4 4 0 31 538 30
1232 2 3 4 4 0 577 626 581
1233 2 3 4 4 0 585 626 577
1234 2 3 4 4 0 581 626 596
1235 2 3 4 4 0 617 626 585
1236 2 3 4 4 0 562 632 631
1237 2 3 4 4 0 569 627 572
1238 2 3 4 4 0 574 627 569
1239 2 3 4 4 0 572 627 580
1240 2 3 4 4 0 582 627 574
1241 2 3 4 4 0 562 631 563
1242 2 3 4 4 0 573 628 567
1243 2 3 4 4 0 583 628 573
1244 2 3 4 4 0 589 629 583
1245 2 3 4 4 0 589 630 629
1246 2 3 4 4 0 568 629 575
1247 2 3 4 4 0 600 630 589
1248 2 3 4 4 0 583 629 628
1249 2 3 4 4 0 628 629 568
1250 2 3 4 4 0 629 630 575
1251 2 3 4 4 0 575 630 591
1252 2 3 4 4 0 561 633 560
1253 2 3 4 4 0 570 631 584
1254 2 3 4 4 0 563 631 566
1255 2 3 4 4 0 584 632 586
1256 2 3 4 4 0 566 631 570
1257 2 3 4 4 0 586 632 602
1258 2 3 4 4 0 587 634 633
1259 2 3 4 4 0 587 633 571
1260 2 3 4 4 0 564 633 561
1261 2 3 4 4 0 558 635 559
1262 2 3 4 4 0 633 634 560
1263 2 3 4 4 0 571 633 564
1264 2 3 4 4 0 597 634 587
1265 2 3 4 4 0 632 635 602
1266 2 3 4 4 0 559 635 562
1267 2 3 4 4 0 562 635 632
1268 2 3 4 4 0 593 659 611
1269 2 3 4 4 0 611 650 642
1270 2 3 4 4 0 543 636 131
1271 2 3 4 4 0 132 636 551
1272 2 3 4 4 0 131 636 132
1273 2 3 4 4 0 634 637 560
1274 2 3 4 4 0 557 637 556
1275 2 3 4 4 0 560 637 557
1276 2 3 4 4 0 612 655 644
1277 2 3 4 4 0 616 638 610
1278 2 3 4 4 0 605 644 553
1279 2 3 4 4 0 625 640 624
1280 2 3 4 4 0 542 648 617
1281 2 3 4 4 0 601 651 598
1282 2 3 4 4 0 601 656 613
1283 2 3 4 4 0 580 639 594
1284 2 3 4 4 0 582 639 627
1285 2 3 4 4 0 579 642 592
1286 2 3 4 4 0 593 642 578
1287 2 3 4 4 0 544 643 119
1288 2 3 4 4 0 120 643 549
1289 2 3 4 4 0 553 645 32
1290 2 3 4 4 0 31 645 538
1291 2 3 4 4 0 540 646 623
1292 2 3 4 4 0 617 648 626
1293 2 3 4 4 0 638 660 610
1294 2 3 4 4 0 590 649 597
1295 2 3 4 4 0 622 658 550
1296 2 3 4 4 0 620 653 591
1297 2 3 4 4 0 625 657 599
1298 2 3 4 4 0 635 660 602
1299 2 3 4 4 0 591 653 576
1300 2 3 4 4 0 630 655 591
1301 2 3 4 4 0 594 647 614
1302 2 3 4 4 0 592 640 625
1303 2 3 4 4 0 627 639 580
1304 2 3 4 4 0 602 660 638
1305 2 3 4 4 0 596 648 621
1306 2 3 4 4 0 609 641 606
1307 2 3 4 4 0 624 640 548
1308 2 3 4 4 0 608 646 540
1309 2 3 4 4 0 623 652 546
1310 2 3 4 4 0 549 647 607
1311 2 3 4 4 0 645 657 538
1312 2 3 4 4 0 550 658 651
1313 2 3 4 4 0 541 649 619
1314 2 3 4 4 0 578 642 579
1315 2 3 4 4 0 550 651 613
1316 2 3 4 4 0 119 643 120
1317 2 3 4 4 0 539 656 654
1318 2 3 4 4 0 604 650 611
1319 2 3 4 4 0 615 644 600
1320 2 3 4 4 0 611 659 544
1321 2 3 4 4 0 617 658 622
1322 2 3 4 4 0 590 653 618
1323 2 3 4 4 0 32 645 31
1324 2 3 4 4 0 614 659 593
1325 2 3 4 4 0 618 653 620
1326 2 3 4 4 0 621 648 542
1327 2 3 4 4 0 626 648 596
1328 2 3 4 4 0 644 655 600
1329 2 3 4 4 0 596 652 595
1330 2 3 4 4 0 576 653 590
1331 2 3 4 4 0 602 654 601
1332 2 3 4 4 0 615 657 645
1333 2 3 4 4 0 600 655 630
1334 2 3 4 4 0 599 657 615
1335 2 3 4 4 0 598 658 617
1336 2 3 4 4 0 558 660 635
1337 2 3 4 4 0 638 654 602
1338 2 3 4 4 0 592 650 640
1339 2 3 4 4 0 654 656 601
1340 2 3 4 4 0 651 658 598
1341 2 3 5 5 0 668 735 743
1342 2 3 5 5 0 705 731 769
1343 2 3 5 5 0 757 760 764
1344 2 3 5 5 0 731 705 762
1345 2 3 5 5 0 726 668 743
1346 2 3 5 5 0 741 713 742
1347 2 3 5 5 0 669 133 744
1348 2 3 5 5 0 764 664 772
1349 2 3 5 5 0 742 713 772
1350 2 3 5 5 0 678 681 733
1351 2 3 5 5 0 142 141 742
1352 2 3 5 5 0 729 664 764
1353 2 3 5 5 0 146 145 739
1354 2 3 5 5 0 662 739 777
1355 2 3 5 5 0 732 679 759
1356 2 3 5 5 0 731 717 770
1357 2 3 5 5 0 669 744 775
1358 2 3 5 5 0 143 664 729
1359 2 3 5 5 0 151 663 730
1360 2 3 5 5 0 147 662 736
1361 2 3 5 5 0 38 666 677
1362 2 3 5 5 0 94 668 726
1363 2 3 5 5 0 668 95 728
1364 2 3 5 5 0 87 667 727
1365 2 3 5 5 0 735 714 743
1366 2 3 5 5 0 760 732 764
1367 2 3 5 5 0 672 737 766
1368 2 3 5 5 0 737 672 770
1369 2 3 5 5 0 677 678 733
1370 2 3 5 5 0 739 761 777
1371 2 3 5 5 0 670 37 677
1372 2 3 5 5 0 675 93 726
1373 2 3 5 5 0 96 676 728
1374 2 3 5 5 0 671 88 727
1375 2 3 5 5 0 674 144 729
1376 2 3 5 5 0 672 152 730
1377 2 3 5 5 0 673 148 736
1378 2 3 5 5 0 664 142 742
1379 2 3 5 5 0 662 146 739
1380 2 3 5 5 0 736 662 779
1381 2 3 5 5 0 744 719 775
1382 2 3 5 5 0 152 151 730
1383 2 3 5 5 0 144 143 729
1384 2 3 5 5 0 148 147 736
1385 2 3 5 5 0 37 38 677
1386 2 3 5 5 0 95 96 728
1387 2 3 5 5 0 93 94 726
1388 2 3 5 5 0 88 87 727
1389 2 3 5 5 0 730 663 731
1390 2 3 5 5 0 677 666 678
1391 2 3 5 5 0 727 667 734
1392 2 3 5 5 0 668 728 735
1393 2 3 5 5 0 730 731 770
1394 2 3 5 5 0 674 732 759
1395 2 3 5 5 0 14 37 670
1396 2 3 5 5 0 24 133 669
1397 2 3 5 5 0 3 93 675
1398 2 3 5 5 0 96 9 676
1399 2 3 5 5 0 7 88 671
1400 2 3 5 5 0 15 148 673
1401 2 3 5 5 0 1 144 674
1402 2 3 5 5 0 23 152 672
1403 2 3 5 5 0 145 670 739
1404 2 3 5 5 0 141 675 742
1405 2 3 5 5 0 717 731 762
1406 2 3 5 5 0 720 764 772
1407 2 3 5 5 0 671 727 763
1408 2 3 5 5 0 661 747 748
1409 2 3 5 5 0 679 732 760
1410 2 3 5 5 0 763 727 773
1411 2 3 5 5 0 746 718 769
1412 2 3 5 5 0 720 757 764
1413 2 3 5 5 0 718 746 775
1414 2 3 5 5 0 718 705 769
1415 2 3 5 5 0 733 681 783
1416 2 3 5 5 0 740 665 745
1417 2 3 5 5 0 734 716 765
1418 2 3 5 5 0 674 729 732
1419 2 3 5 5 0 670 677 733
1420 2 3 5 5 0 675 726 741
1421 2 3 5 5 0 765 715 773
1422 2 3 5 5 0 678 666 679
1423 2 3 5 5 0 735 728 767
1424 2 3 5 5 0 737 667 766
1425 2 3 5 5 0 736 724 774
1426 2 3 5 5 0 667 737 782
1427 2 3 5 5 0 661 748 780
1428 2 3 5 5 0 714 735 778
1429 2 3 5 5 0 676 738 767
1430 2 3 5 5 0 670 733 739
1431 2 3 5 5 0 678 679 680
1432 2 3 5 5 0 738 676 768
1433 2 3 5 5 0 675 741 742
1434 2 3 5 5 0 741 726 743
1435 2 3 5 5 0 679 666 759
1436 2 3 5 5 0 678 680 681
1437 2 3 5 5 0 681 680 682
1438 2 3 5 5 0 682 680 683
1439 2 3 5 5 0 682 683 684
1440 2 3 5 5 0 682 684 685
1441 2 3 5 5 0 685 684 686
1442 2 3 5 5 0 754 707 755
1443 2 3 5 5 0 686 684 687
1444 2 3 5 5 0 686 687 688
1445 2 3 5 5 0 686 688 689
1446 2 3 5 5 0 688 687 691
1447 2 3 5 5 0 690 688 751
1448 2 3 5 5 0 691 687 694
1449 2 3 5 5 0 689 688 690
1450 2 3 5 5 0 688 691 751
1451 2 3 5 5 0 689 690 692
1452 2 3 5 5 0 691 694 698
1453 2 3 5 5 0 689 692 693
1454 2 3 5 5 0 692 690 695
1455 2 3 5 5 0 698 694 699
1456 2 3 5 5 0 693 692 697
1457 2 3 5 5 0 699 694 710
1458 2 3 5 5 0 695 690 696
1459 2 3 5 5 0 698 699 714
1460 2 3 5 5 0 693 697 700
1461 2 3 5 5 0 695 696 701
1462 2 3 5 5 0 699 710 713
1463 2 3 5 5 0 150 149 746
1464 2 3 5 5 0 663 150 746
1465 2 3 5 5 0 138 137 747
1466 2 3 5 5 0 136 673 745
1467 2 3 5 5 0 134 135 665
1468 2 3 5 5 0 38 39 666
1469 2 3 5 5 0 87 86 667
1470 2 3 5 5 0 94 95 668
1471 2 3 5 5 0 713 710 720
1472 2 3 5 5 0 695 701 703
1473 2 3 5 5 0 661 138 747
1474 2 3 5 5 0 701 696 702
1475 2 3 5 5 0 693 700 707
1476 2 3 5 5 0 700 697 704
1477 2 3 5 5 0 134 665 744
1478 2 3 5 5 0 136 15 673
1479 2 3 5 5 0 40 1 674
1480 2 3 5 5 0 85 23 672
1481 2 3 5 5 0 149 669 746
1482 2 3 5 5 0 145 14 670
1483 2 3 5 5 0 149 24 669
1484 2 3 5 5 0 135 136 745
1485 2 3 5 5 0 141 3 675
1486 2 3 5 5 0 665 135 745
1487 2 3 5 5 0 9 140 676
1488 2 3 5 5 0 137 7 671
1489 2 3 5 5 0 137 671 747
1490 2 3 5 5 0 703 701 716
1491 2 3 5 5 0 702 696 706
1492 2 3 5 5 0 707 700 708
1493 2 3 5 5 0 704 697 705
1494 2 3 5 5 0 707 708 709
1495 2 3 5 5 0 709 724 725
1496 2 3 5 5 0 133 134 744
1497 2 3 5 5 0 709 721 724
1498 2 3 5 5 0 702 706 711
1499 2 3 5 5 0 147 146 662
1500 2 3 5 5 0 711 712 722
1501 2 3 5 5 0 151 150 663
1502 2 3 5 5 0 143 142 664
1503 2 3 5 5 0 711 706 712
1504 2 3 5 5 0 703 716 717
1505 2 3 5 5 0 722 712 723
1506 2 3 5 5 0 709 708 721
1507 2 3 5 5 0 704 718 719
1508 2 3 5 5 0 721 708 740
1509 2 3 5 5 0 704 705 718
1510 2 3 5 5 0 702 711 715
1511 2 3 5 5 0 711 722 748
1512 2 3 5 5 0 717 716 737
1513 2 3 5 5 0 722 723 738
1514 2 3 5 5 0 715 711 748
1515 2 3 5 5 0 139 138 661
1516 2 3 5 5 0 700 704 749
1517 2 3 5 5 0 708 700 749
1518 2 3 5 5 0 704 719 749
1519 2 3 5 5 0 740 708 749
1520 2 3 5 5 0 685 754 755
1521 2 3 5 5 0 692 695 750
1522 2 3 5 5 0 697 692 750
1523 2 3 5 5 0 695 703 750
1524 2 3 5 5 0 705 697 750
1525 2 3 5 5 0 685 686 754
1526 2 3 5 5 0 696 690 751
1527 2 3 5 5 0 706 696 751
1528 2 3 5 5 0 712 706 752
1529 2 3 5 5 0 712 752 753
1530 2 3 5 5 0 691 698 752
1531 2 3 5 5 0 723 712 753
1532 2 3 5 5 0 706 751 752
1533 2 3 5 5 0 751 691 752
1534 2 3 5 5 0 752 698 753
1535 2 3 5 5 0 698 714 753
1536 2 3 5 5 0 684 683 756
1537 2 3 5 5 0 693 707 754
1538 2 3 5 5 0 686 689 754
1539 2 3 5 5 0 707 709 755
1540 2 3 5 5 0 689 693 754
1541 2 3 5 5 0 709 725 755
1542 2 3 5 5 0 710 756 757
1543 2 3 5 5 0 710 694 756
1544 2 3 5 5 0 687 684 756
1545 2 3 5 5 0 681 682 758
1546 2 3 5 5 0 756 683 757
1547 2 3 5 5 0 694 687 756
1548 2 3 5 5 0 720 710 757
1549 2 3 5 5 0 755 725 758
1550 2 3 5 5 0 682 685 758
1551 2 3 5 5 0 685 755 758
1552 2 3 5 5 0 716 734 782
1553 2 3 5 5 0 734 765 773
1554 2 3 5 5 0 666 39 759
1555 2 3 5 5 0 40 674 759
1556 2 3 5 5 0 39 40 759
1557 2 3 5 5 0 757 683 760
1558 2 3 5 5 0 680 679 760
1559 2 3 5 5 0 683 680 760
1560 2 3 5 5 0 735 767 778
1561 2 3 5 5 0 739 733 761
1562 2 3 5 5 0 728 676 767
1563 2 3 5 5 0 748 747 763
1564 2 3 5 5 0 665 740 771
1565 2 3 5 5 0 724 721 774
1566 2 3 5 5 0 724 736 779
1567 2 3 5 5 0 703 717 762
1568 2 3 5 5 0 705 750 762
1569 2 3 5 5 0 702 715 765
1570 2 3 5 5 0 716 701 765
1571 2 3 5 5 0 667 86 766
1572 2 3 5 5 0 85 672 766
1573 2 3 5 5 0 676 140 768
1574 2 3 5 5 0 139 661 768
1575 2 3 5 5 0 663 746 769
1576 2 3 5 5 0 740 749 771
1577 2 3 5 5 0 761 733 783
1578 2 3 5 5 0 713 720 772
1579 2 3 5 5 0 745 673 781
1580 2 3 5 5 0 743 714 776
1581 2 3 5 5 0 748 722 780
1582 2 3 5 5 0 758 725 783
1583 2 3 5 5 0 714 699 776
1584 2 3 5 5 0 753 714 778
1585 2 3 5 5 0 717 737 770
1586 2 3 5 5 0 715 748 763
1587 2 3 5 5 0 750 703 762
1588 2 3 5 5 0 725 761 783
1589 2 3 5 5 0 719 744 771
1590 2 3 5 5 0 732 729 764
1591 2 3 5 5 0 747 671 763
1592 2 3 5 5 0 731 663 769
1593 2 3 5 5 0 746 669 775
1594 2 3 5 5 0 672 730 770
1595 2 3 5 5 0 768 661 780
1596 2 3 5 5 0 673 774 781
1597 2 3 5 5 0 664 742 772
1598 2 3 5 5 0 701 702 765
1599 2 3 5 5 0 673 736 774
1600 2 3 5 5 0 86 85 766
1601 2 3 5 5 0 662 777 779
1602 2 3 5 5 0 727 734 773
1603 2 3 5 5 0 738 723 767
1604 2 3 5 5 0 734 667 782
1605 2 3 5 5 0 740 745 781
1606 2 3 5 5 0 713 741 776
1607 2 3 5 5 0 140 139 768
1608 2 3 5 5 0 737 716 782
1609 2 3 5 5 0 741 743 776
1610 2 3 5 5 0 744 665 771
1611 2 3 5 5 0 749 719 771
1612 2 3 5 5 0 767 723 778
1613 2 3 5 5 0 719 718 775
1614 2 3 5 5 0 699 713 776
1615 2 3 5 5 0 725 724 777
1616 2 3 5 5 0 738 768 780
1617 2 3 5 5 0 723 753 778
1618 2 3 5 5 0 722 738 780
1619 2 3 5 5 0 721 740 781
1620 2 3 5 5 0 681 758 783
1621 2 3 5 5 0 761 725 777
1622 2 3 5 5 0 715 763 773
1623 2 3 5 5 0 777 724 779
1624 2 3 5 5 0 774 721 781
1625 2 3 6 6 0 791 866 858
1626 2 3 6 6 0 828 892 854
1627 2 3 6 6 0 880 887 883
1628 2 3 6 6 0 854 885 828
1629 2 3 6 6 0 849 866 791
1630 2 3 6 6 0 864 865 836
1631 2 3 6 6 0 792 867 161
1632 2 3 6 6 0 887 895 787
1633 2 3 6 6 0 865 895 836
1634 2 3 6 6 0 801 856 804
1635 2 3 6 6 0 106 865 105
1636 2 3 6 6 0 852 887 787
1637 2 3 6 6 0 54 862 53
1638 2 3 6 6 0 785 900 862
1639 2 3 6 6 0 855 882 802
1640 2 3 6 6 0 854 893 840
1641 2 3 6 6 0 792 898 867
1642 2 3 6 6 0 107 852 787
1643 2 3 6 6 0 123 853 786
1644 2 3 6 6 0 55 859 785
1645 2 3 6 6 0 166 800 789
1646 2 3 6 6 0 154 849 791
1647 2 3 6 6 0 791 851 155
1648 2 3 6 6 0 158 850 790
1649 2 3 6 6 0 858 866 837
1650 2 3 6 6 0 883 887 855
1651 2 3 6 6 0 795 889 860
1652 2 3 6 6 0 860 893 795
1653 2 3 6 6 0 800 856 801
1654 2 3 6 6 0 862 900 884
1655 2 3 6 6 0 793 800 165
1656 2 3 6 6 0 798 849 153
1657 2 3 6 6 0 156 851 799
1658 2 3 6 6 0 794 850 157
1659 2 3 6 6 0 797 852 108
1660 2 3 6 6 0 795 853 124
1661 2 3 6 6 0 796 859 56
1662 2 3 6 6 0 787 865 106
1663 2 3 6 6 0 785 862 54
1664 2 3 6 6 0 859 902 785
1665 2 3 6 6 0 867 898 842
1666 2 3 6 6 0 124 853 123
1667 2 3 6 6 0 108 852 107
1668 2 3 6 6 0 56 859 55
1669 2 3 6 6 0 165 800 166
1670 2 3 6 6 0 155 851 156
1671 2 3 6 6 0 153 849 154
1672 2 3 6 6 0 157 850 158
1673 2 3 6 6 0 853 854 786
1674 2 3 6 6 0 800 801 789
1675 2 3 6 6 0 850 857 790
1676 2 3 6 6 0 791 858 851
1677 2 3 6 6 0 853 893 854
1678 2 3 6 6 0 797 882 855
1679 2 3 6 6 0 20 793 165
1680 2 3 6 6 0 12 792 161
1681 2 3 6 6 0 18 798 153
1682 2 3 6 6 0 156 799 17
1683 2 3 6 6 0 4 794 157
1684 2 3 6 6 0 11 796 56
1685 2 3 6 6 0 21 797 108
1686 2 3 6 6 0 6 795 124
1687 2 3 6 6 0 53 862 793
1688 2 3 6 6 0 105 865 798
1689 2 3 6 6 0 840 885 854
1690 2 3 6 6 0 843 895 887
1691 2 3 6 6 0 794 886 850
1692 2 3 6 6 0 784 871 870
1693 2 3 6 6 0 802 883 855
1694 2 3 6 6 0 886 896 850
1695 2 3 6 6 0 869 892 841
1696 2 3 6 6 0 843 887 880
1697 2 3 6 6 0 841 898 869
1698 2 3 6 6 0 841 892 828
1699 2 3 6 6 0 856 906 804
1700 2 3 6 6 0 863 868 788
1701 2 3 6 6 0 857 888 839
1702 2 3 6 6 0 797 855 852
1703 2 3 6 6 0 793 856 800
1704 2 3 6 6 0 798 864 849
1705 2 3 6 6 0 888 896 838
1706 2 3 6 6 0 801 802 789
1707 2 3 6 6 0 858 890 851
1708 2 3 6 6 0 860 889 790
1709 2 3 6 6 0 859 897 847
1710 2 3 6 6 0 790 905 860
1711 2 3 6 6 0 784 903 871
1712 2 3 6 6 0 837 901 858
1713 2 3 6 6 0 799 890 861
1714 2 3 6 6 0 793 862 856
1715 2 3 6 6 0 801 803 802
1716 2 3 6 6 0 861 891 799
1717 2 3 6 6 0 798 865 864
1718 2 3 6 6 0 864 866 849
1719 2 3 6 6 0 802 882 789
1720 2 3 6 6 0 801 804 803
1721 2 3 6 6 0 804 805 803
1722 2 3 6 6 0 805 806 803
1723 2 3 6 6 0 805 807 806
1724 2 3 6 6 0 805 808 807
1725 2 3 6 6 0 808 809 807
1726 2 3 6 6 0 877 878 830
1727 2 3 6 6 0 809 810 807
1728 2 3 6 6 0 809 811 810
1729 2 3 6 6 0 809 812 811
1730 2 3 6 6 0 811 814 810
1731 2 3 6 6 0 813 874 811
1732 2 3 6 6 0 814 817 810
1733 2 3 6 6 0 812 813 811
1734 2 3 6 6 0 811 874 814
1735 2 3 6 6 0 812 815 813
1736 2 3 6 6 0 814 821 817
1737 2 3 6 6 0 812 816 815
1738 2 3 6 6 0 815 818 813
1739 2 3 6 6 0 821 822 817
1740 2 3 6 6 0 816 820 815
1741 2 3 6 6 0 822 833 817
1742 2 3 6 6 0 818 819 813
1743 2 3 6 6 0 821 837 822
1744 2 3 6 6 0 816 823 820
1745 2 3 6 6 0 818 824 819
1746 2 3 6 6 0 822 836 833
1747 2 3 6 6 0 122 869 121
1748 2 3 6 6 0 786 869 122
1749 2 3 6 6 0 71 870 72
1750 2 3 6 6 0 164 868 796
1751 2 3 6 6 0 162 788 163
1752 2 3 6 6 0 166 789 167
1753 2 3 6 6 0 158 790 159
1754 2 3 6 6 0 154 791 155
1755 2 3 6 6 0 836 843 833
1756 2 3 6 6 0 818 826 824
1757 2 3 6 6 0 784 870 71
1758 2 3 6 6 0 824 825 819
1759 2 3 6 6 0 816 830 823
1760 2 3 6 6 0 823 827 820
1761 2 3 6 6 0 162 867 788
1762 2 3 6 6 0 164 796 11
1763 2 3 6 6 0 168 797 21
1764 2 3 6 6 0 160 795 6
1765 2 3 6 6 0 121 869 792
1766 2 3 6 6 0 53 793 20
1767 2 3 6 6 0 121 792 12
1768 2 3 6 6 0 163 868 164
1769 2 3 6 6 0 105 798 18
1770 2 3 6 6 0 788 868 163
1771 2 3 6 6 0 17 799 69
1772 2 3 6 6 0 72 794 4
1773 2 3 6 6 0 72 870 794
1774 2 3 6 6 0 826 839 824
1775 2 3 6 6 0 825 829 819
1776 2 3 6 6 0 830 831 823
1777 2 3 6 6 0 827 828 820
1778 2 3 6 6 0 830 832 831
1779 2 3 6 6 0 832 848 847
1780 2 3 6 6 0 161 867 162
1781 2 3 6 6 0 832 847 844
1782 2 3 6 6 0 825 834 829
1783 2 3 6 6 0 55 785 54
1784 2 3 6 6 0 834 845 835
1785 2 3 6 6 0 123 786 122
1786 2 3 6 6 0 107 787 106
1787 2 3 6 6 0 834 835 829
1788 2 3 6 6 0 826 840 839
1789 2 3 6 6 0 845 846 835
1790 2 3 6 6 0 832 844 831
1791 2 3 6 6 0 827 842 841
1792 2 3 6 6 0 844 863 831
1793 2 3 6 6 0 827 841 828
1794 2 3 6 6 0 825 838 834
1795 2 3 6 6 0 834 871 845
1796 2 3 6 6 0 840 860 839
1797 2 3 6 6 0 845 861 846
1798 2 3 6 6 0 838 871 834
1799 2 3 6 6 0 70 784 71
1800 2 3 6 6 0 823 872 827
1801 2 3 6 6 0 831 872 823
1802 2 3 6 6 0 827 872 842
1803 2 3 6 6 0 863 872 831
1804 2 3 6 6 0 808 878 877
1805 2 3 6 6 0 815 873 818
1806 2 3 6 6 0 820 873 815
1807 2 3 6 6 0 818 873 826
1808 2 3 6 6 0 828 873 820
1809 2 3 6 6 0 808 877 809
1810 2 3 6 6 0 819 874 813
1811 2 3 6 6 0 829 874 819
1812 2 3 6 6 0 835 875 829
1813 2 3 6 6 0 835 876 875
1814 2 3 6 6 0 814 875 821
1815 2 3 6 6 0 846 876 835
1816 2 3 6 6 0 829 875 874
1817 2 3 6 6 0 874 875 814
1818 2 3 6 6 0 875 876 821
1819 2 3 6 6 0 821 876 837
1820 2 3 6 6 0 807 879 806
1821 2 3 6 6 0 816 877 830
1822 2 3 6 6 0 809 877 812
1823 2 3 6 6 0 830 878 832
1824 2 3 6 6 0 812 877 816
1825 2 3 6 6 0 832 878 848
1826 2 3 6 6 0 833 880 879
1827 2 3 6 6 0 833 879 817
1828 2 3 6 6 0 810 879 807
1829 2 3 6 6 0 804 881 805
1830 2 3 6 6 0 879 880 806
1831 2 3 6 6 0 817 879 810
1832 2 3 6 6 0 843 880 833
1833 2 3 6 6 0 878 881 848
1834 2 3 6 6 0 805 881 808
1835 2 3 6 6 0 808 881 878
1836 2 3 6 6 0 839 905 857
1837 2 3 6 6 0 857 896 888
1838 2 3 6 6 0 789 882 167
1839 2 3 6 6 0 168 882 797
1840 2 3 6 6 0 167 882 168
1841 2 3 6 6 0 880 883 806
1842 2 3 6 6 0 803 883 802
1843 2 3 6 6 0 806 883 803
1844 2 3 6 6 0 858 901 890
1845 2 3 6 6 0 862 884 856
1846 2 3 6 6 0 851 890 799
1847 2 3 6 6 0 871 886 870
1848 2 3 6 6 0 788 894 863
1849 2 3 6 6 0 847 897 844
1850 2 3 6 6 0 847 902 859
1851 2 3 6 6 0 826 885 840
1852 2 3 6 6 0 828 885 873
1853 2 3 6 6 0 825 888 838
1854 2 3 6 6 0 839 888 824
1855 2 3 6 6 0 790 889 159
1856 2 3 6 6 0 160 889 795
1857 2 3 6 6 0 799 891 69
1858 2 3 6 6 0 70 891 784
1859 2 3 6 6 0 786 892 869
1860 2 3 6 6 0 863 894 872
1861 2 3 6 6 0 884 906 856
1862 2 3 6 6 0 836 895 843
1863 2 3 6 6 0 868 904 796
1864 2 3 6 6 0 866 899 837
1865 2 3 6 6 0 871 903 845
1866 2 3 6 6 0 881 906 848
1867 2 3 6 6 0 837 899 822
1868 2 3 6 6 0 876 901 837
1869 2 3 6 6 0 840 893 860
1870 2 3 6 6 0 838 886 871
1871 2 3 6 6 0 873 885 826
1872 2 3 6 6 0 848 906 884
1873 2 3 6 6 0 842 894 867
1874 2 3 6 6 0 855 887 852
1875 2 3 6 6 0 870 886 794
1876 2 3 6 6 0 854 892 786
1877 2 3 6 6 0 869 898 792
1878 2 3 6 6 0 795 893 853
1879 2 3 6 6 0 891 903 784
1880 2 3 6 6 0 796 904 897
1881 2 3 6 6 0 787 895 865
1882 2 3 6 6 0 824 888 825
1883 2 3 6 6 0 796 897 859
1884 2 3 6 6 0 159 889 160
1885 2 3 6 6 0 785 902 900
1886 2 3 6 6 0 850 896 857
1887 2 3 6 6 0 861 890 846
1888 2 3 6 6 0 857 905 790
1889 2 3 6 6 0 863 904 868
1890 2 3 6 6 0 836 899 864
1891 2 3 6 6 0 69 891 70
1892 2 3 6 6 0 860 905 839
1893 2 3 6 6 0 864 899 866
1894 2 3 6 6 0 867 894 788
1895 2 3 6 6 0 872 894 842
1896 2 3 6 6 0 890 901 846
1897 2 3 6 6 0 842 898 841
1898 2 3 6 6 0 822 899 836
1899 2 3 6 6 0 848 900 847
1900 2 3 6 6 0 861 903 891
1901 2 3 6 6 0 846 901 876
1902 2 3 6 6 0 845 903 861
1903 2 3 6 6 0 844 904 863
1904 2 3 6 6 0 804 906 881
1905 2 3 6 6 0 884 900 848
1906 2 3 6 6 0 838 896 886
1907 2 3 6 6 0 900 902 847
1908 2 3 6 6 0 897 904 844
1909 2 3 7 7 0 144 1 41
1910 2 3 7 7 0 44 2 89
1911 2 3 7 7 0 92 3 141
1912 2 3 7 7 0 909 907 910
1913 2 3 7 7 0 41 42 912
1914 2 3 7 7 0 43 44 911
1915 2 3 7 7 0 141 142 908
1916 2 3 7 7 0 908 142 909
1917 2 3 7 7 0 907 909 912
1918 2 3 7 7 0 42 907 912
1919 2 3 7 7 0 90 91 910
1920 2 3 7 7 0 910 907 911
1921 2 3 7 7 0 90 910 911
1922 2 3 7 7 0 144 41 912
1923 2 3 7 7 0 91 908 910
1924 2 3 7 7 0 907 43 911
1925 2 3 7 7 0 91 92 908
1926 2 3 7 7 0 89 90 911
1927 2 3 7 7 0 44 89 911
1928 2 3 7 7 0 142 143 909
1929 2 3 7 7 0 909 143 912
1930 2 3 7 7 0 143 144 912
1931 2 3 7 7 0 92 141 908
1932 2 3 7 7 0 908 909 910
1933 2 3 7 7 0 42 43 907
1934 2 3 8 8 0 125 160 6
1935 2 3 8 8 0 157 73 4
1936 2 3 8 8 0 76 128 5
1937 2 3 8 8 0 915 916 913
1938 2 3 8 8 0 160 918 159
1939 2 3 8 8 0 158 917 157
1940 2 3 8 8 0 128 914 127
1941 2 3 8 8 0 914 915 127
1942 2 3 8 8 0 913 918 915
1943 2 3 8 8 0 159 918 913
1944 2 3 8 8 0 74 916 75
1945 2 3 8 8 0 916 917 913
1946 2 3 8 8 0 74 917 916
1947 2 3 8 8 0 125 918 160
1948 2 3 8 8 0 75 916 914
1949 2 3 8 8 0 913 917 158
1950 2 3 8 8 0 75 914 76
1951 2 3 8 8 0 73 917 74
1952 2 3 8 8 0 157 917 73
1953 2 3 8 8 0 127 915 126
1954 2 3 8 8 0 915 918 126
1955 2 3 8 8 0 126 918 125
1956 2 3 8 8 0 76 914 128
1957 2 3 8 8 0 914 916 915
1958 2 3 8 8 0 159 913 158
1959 2 3 9 9 0 100 8 60
1960 2 3 9 9 0 57 7 137
1961 2 3 9 9 0 140 9 97
1962 2 3 9 9 0 98 99 922
1963 2 3 9 9 0 919 921 922
1964 2 3 9 9 0 921 919 924
1965 2 3 9 9 0 60 59 923
1966 2 3 9 9 0 139 140 920
1967 2 3 9 9 0 920 98 922
1968 2 3 9 9 0 139 920 921
1969 2 3 9 9 0 922 99 923
1970 2 3 9 9 0 59 919 923
1971 2 3 9 9 0 58 57 924
1972 2 3 9 9 0 137 138 924
1973 2 3 9 9 0 921 920 922
1974 2 3 9 9 0 97 98 920
1975 2 3 9 9 0 919 922 923
1976 2 3 9 9 0 919 58 924
1977 2 3 9 9 0 138 921 924
1978 2 3 9 9 0 99 100 923
1979 2 3 9 9 0 140 97 920
1980 2 3 9 9 0 100 60 923
1981 2 3 9 9 0 57 137 924
1982 2 3 9 9 0 59 58 919
1983 2 3 9 9 0 138 139 921
1984 2 3 10 10 0 161 120 12
1985 2 3 10 10 0 117 28 10
1986 2 3 10 10 0 25 164 11
1987 2 3 10 10 0 163 928 162
1988 2 3 10 10 0 925 928 927
1989 2 3 10 10 0 927 930 925
1990 2 3 10 10 0 120 929 119
1991 2 3 10 10 0 26 926 25
1992 2 3 10 10 0 926 928 163
1993 2 3 10 10 0 26 927 926
1994 2 3 10 10 0 928 929 162
1995 2 3 10 10 0 119 929 925
1996 2 3 10 10 0 118 930 117
1997 2 3 10 10 0 28 930 27
1998 2 3 10 10 0 927 928 926
1999 2 3 10 10 0 164 926 163
2000 2 3 10 10 0 925 929 928
2001 2 3 10 10 0 925 930 118
2002 2 3 10 10 0 27 930 927
2003 2 3 10 10 0 162 929 161
2004 2 3 10 10 0 25 926 164
2005 2 3 10 10 0 161 929 120
2006 2 3 10 10 0 117 930 28
2007 2 3 10 10 0 119 925 118
2008 2 3 10 10 0 27 927 26
2009 2 3 11 11 0 116 13 33
2010 2 3 11 11 0 36 14 145
2011 2 3 11 11 0 148 15 113
2012 2 3 11 11 0 114 115 934
2013 2 3 11 11 0 931 933 934
2014 2 3 11 11 0 933 931 936
2015 2 3 11 11 0 33 34 935
2016 2 3 11 11 0 147 148 932
2017 2 3 11 11 0 932 114 934
2018 2 3 11 11 0 147 932 933
2019 2 3 11 11 0 934 115 935
2020 2 3 11 11 0 34 931 935
2021 2 3 11 11 0 35 36 936
2022 2 3 11 11 0 145 146 936
2023 2 3 11 11 0 933 932 934
2024 2 3 11 11 0 113 114 932
2025 2 3 11 11 0 931 934 935
2026 2 3 11 11 0 931 35 936
2027 2 3 11 11 0 146 933 936
2028 2 3 11 11 0 115 116 935
2029 2 3 11 11 0 148 113 932
2030 2 3 11 11 0 116 33 935
2031 2 3 11 11 0 36 145 936
2032 2 3 11 11 0 34 35 931
2033 2 3 11 11 0 146 147 933
2034 2 3 12 12 0 153 104 18
2035 2 3 12 12 0 101 65 16
2036 2 3 12 12 0 68 156 17
2037 2 3 12 12 0 155 940 154
2038 2 3 12 12 0 937 940 939
2039 2 3 12 12 0 939 942 937
2040 2 3 12 12 0 104 941 103
2041 2 3 12 12 0 67 938 68
2042 2 3 12 12 0 938 940 155
2043 2 3 12 12 0 67 939 938
2044 2 3 12 12 0 940 941 154
2045 2 3 12 12 0 103 941 937
2046 2 3 12 12 0 102 942 101
2047 2 3 12 12 0 65 942 66
2048 2 3 12 12 0 939 940 938
2049 2 3 12 12 0 156 938 155
2050 2 3 12 12 0 937 941 940
2051 2 3 12 12 0 937 942 102
2052 2 3 12 12 0 66 942 939
2053 2 3 12 12 0 154 941 153
2054 2 3 12 12 0 68 938 156
2055 2 3 12 12 0 153 941 104
2056 2 3 12 12 0 101 942 65
2057 2 3 12 12 0 103 937 102
2058 2 3 12 12 0 66 939 67
2059 2 3 13 13 0 112 19 49
2060 2 3 13 13 0 52 20 165
2061 2 3 13 13 0 168 21 109
2062 2 3 13 13 0 110 111 946
2063 2 3 13 13 0 943 945 946
2064 2 3 13 13 0 945 943 948
2065 2 3 13 13 0 49 50 947
2066 2 3 13 13 0 167 168 944
2067 2 3 13 13 0 944 110 946
2068 2 3 13 13 0 167 944 945
2069 2 3 13 13 0 946 111 947
2070 2 3 13 13 0 50 943 947
2071 2 3 13 13 0 51 52 948
2072 2 3 13 13 0 165 166 948
2073 2 3 13 13 0 945 944 946
2074 2 3 13 13 0 109 110 944
2075 2 3 13 13 0 943 946 947
2076 2 3 13 13 0 943 51 948
2077 2 3 13 13 0 166 945 948
2078 2 3 13 13 0 111 112 947
2079 2 3 13 13 0 168 109 944
2080 2 3 13 13 0 112 49 947
2081 2 3 13 13 0 52 165 948
2082 2 3 13 13 0 50 51 943
2083 2 3 13 13 0 166 167 945
2084 2 3 14 14 0 149 132 24
2085 2 3 14 14 0 129 81 22
2086 2 3 14 14 0 84 152 23
2087 2 3 14 14 0 151 952 150
2088 2 3 14 14 0 949 952 951
2089 2 3 14 14 0 951 954 949
2090 2 3 14 14 0 132 953 131
2091 2 3 14 14 0 83 950 84
2092 2 3 14 14 0 950 952 151
2093 2 3 14 14 0 83 951 950
2094 2 3 14 14 0 952 953 150
2095 2 3 14 14 0 131 953 949
2096 2 3 14 14 0 130 954 129
2097 2 3 14 14 0 81 954 82
2098 2 3 14 14 0 951 952 950
2099 2 3 14 14 0 152 950 151
2100 2 3 14 14 0 949 953 952
2101 2 3 14 14 0 949 954 130
2102 2 3 14 14 0 82 954 951
2103 2 3 14 14 0 150 953 149
2104 2 3 14 14 0 84 950 152
2105 2 3 14 14 0 149 953 132
2106 2 3 14 14 0 129 954 81
2107 2 3 14 14 0 131 949 130
2108 2 3 14 14 0 82 951 83
2109 4 3 1 1 0 2057 1265 1350 1186
2110 4 3 1 1 0 592 1122 640 650
2111 4 3 1 1 0 483 1210 1208 2020
2112 4 3 1 1 0 998 2202 1799 1800
2113 4 3 1 1 0 1196 2072 1312 1310
2114 4 3 1 1 0 477 2112 521 532
2115 4 3 1 1 0 1774 2203 1679 1680
2116 4 3 1 1 0 1442 665 2289 135
2117 4 3 1 1 0 404 2077 396 346
2118 4 3 1 1 0 341 387 1327 2084
2119 4 3 1 1 0 2231 358 2050 67
2120 4 3 1 1 0 1671 1428 1388 1387
2121 4 3 1 1 0 1527 720 1520 1523
2122 4 3 1 1 0 937 2101 1366 1244
2123 4 3 1 1 0 2175 1034 1562 1691
2124 4 3 1 1 0 341 1327 1264 2084
2125 4 3 1 1 0 309 297 310 2029
2126 4 3 1 1 0 665 2289 135 134
2127 4 3 1 1 0 1427 478 490 2101
2128 4 3 1 1 0 1086 517 481 527
2129 4 3 1 1 0 443 1403 440 508
2130 4 3 1 1 0 1442 1448 541 2289
2131 4 3 1 1 0 800 801 856 1573
2132 4 3 1 1 0 183 977 2153 250
2133 4 3 1 1 0 2289 1442 1448 665
2134 4 3 1 1 0 1316 1321 337 382
2135 4 3 1 1 0 1584 1930 1649 1981
2136 4 3 1 1 0 665 2257 2289 134
2137 4 3 1 1 0 1448 2257 2289 665
2138 4 3 1 1 0 715 1230 702 765
2139 4 3 1 1 0 1070 1802 2110 1419
2140 4 3 1 1 0 1574 1572 1809 2176
2141 4 3 1 1 0 547 2285 80 2045
2142 4 3 1 1 0 1792 1702 1040 1643
2143 4 3 1 1 0 342 2077 333 1287
2144 4 3 1 1 0 1698 1765 1699 1702
2145 4 3 1 1 0 2285 547 1215 2045
2146 4 3 1 1 0 1161 1678 1634 1104
2147 4 3 1 1 0 821 1430 837 1575
2148 4 3 1 1 0 554 2085 555 2046
2149 4 3 1 1 0 721 740 1452 1570
2150 4 3 1 1 0 876 875 821 1575
2151 4 3 1 1 0 2243 2274 1256 727
2152 4 3 1 1 0 52 180 238 2247
2153 4 3 1 1 0 223 273 281 1099
2154 4 3 1 1 0 1288 1261 2046 555
2155 4 3 1 1 0 943 2104 947 946
2156 4 3 1 1 0 1108 266 233 1107
2157 4 3 1 1 0 1191 1338 1344 1998
2158 4 3 1 1 0 1193 1343 1238 1236
2159 4 3 1 1 0 449 1408 504 1069
2160 4 3 1 1 0 2085 1261 555 2046
2161 4 3 1 1 0 1676 1237 999 1405
2162 4 3 1 1 0 2247 1922 1067 238
2163 4 3 1 1 0 984 1672 1783 1794
2164 4 3 1 1 0 588 625 1962 1472
2165 4 3 1 1 0 1917 989 1938 1939
2166 4 3 1 1 0 1809 1589 2179 1588
2167 4 3 1 1 0 1701 1843 1707 1008
2168 4 3 1 1 0 1215 2047 363 2045
2169 4 3 1 1 0 1067 1914 1573 1062
2170 4 3 1 1 0 1360 496 2233 1362
2171 4 3 1 1 0 238 2247 1922 52
2172 4 3 1 1 0 608 1438 2129 646
2173 4 3 1 1 0 1122 1773 611 1126
2174 4 3 1 1 0 481 2279 2258 45
2175 4 3 1 1 0 1301 2011 2069 1346
2176 4 3 1 1 0 481 2279 45 425
2177 4 3 1 1 0 2044 2274 410 1231
2178 4 3 1 1 0 1976 1978 1977 1975
2179 4 3 1 1 0 1391 534 492 1389
2180 4 3 1 1 0 1680 1971 1743 2222
2181 4 3 1 1 0 1455 1288 1997 1215
2182 4 3 1 1 0 2214 2105 2009 1376
2183 4 3 1 1 0 1482 1732 968 1731
2184 4 3 1 1 0 461 1409 1410 447
2185 4 3 1 1 0 2051 1832 1244 1253
2186 4 3 1 1 0 1412 1715 1817 1001
2187 4 3 1 1 0 1332 1330 380 1211
2188 4 3 1 1 0 767 2089 1384 1354
2189 4 3 1 1 0 1528 701 1559 696
2190 4 3 1 1 0 1910 2279 1086 425
2191 4 3 1 1 0 1332 331 380 1330
2192 4 3 1 1 0 1954 925 930 1478
2193 4 3 1 1 0 45 2 425 2279
2194 4 3 1 1 0 1212 1276 1211 2022
2195 4 3 1 1 0 1447 1499 2165 1498
2196 4 3 1 1 0 93 726 2288 1395
2197 4 3 1 1 0 1227 2039 770 1225
2198 4 3 1 1 0 2022 2230 1197 2010
2199 4 3 1 1 0 428 2025 513 486
2200 4 3 1 1 0 2235 726 2288 94
2201 4 3 1 1 0 1709 1010 1081 1042
2202 4 3 1 1 0 2235 726 1352 2288
2203 4 3 1 1 0 1212 1211 375 2026
2204 4 3 1 1 0 94 93 726 2288
2205 4 3 1 1 0 1109 173 253 248
2206 4 3 1 1 0 1395 1352 726 2288
2207 4 3 1 1 0 1141 1146 1148 2197
2208 4 3 1 1 0 415 1389 91 522
2209 4 3 1 1 0 2268 865 1381 106
2210 4 3 1 1 0 1910 1117 1086 282
2211 4 3 1 1 0 2268 865 1379 1381
2212 4 3 1 1 0 1464 2150 2151 1473
2213 4 3 1 1 0 1381 105 798 2254
2214 4 3 1 1 0 2019 1178 1206 1351
2215 4 3 1 1 0 545 2125 620 603
2216 4 3 1 1 0 105 865 106 1381
2217 4 3 1 1 0 1570 2142 740 1452
2218 4 3 1 1 0 1953 1634 1097 1952
2219 4 3 1 1 0 2274 2244 1231 667
2220 4 3 1 1 0 2244 87 667 2274
2221 4 3 1 1 0 1231 2274 293 2244
2222 4 3 1 1 0 1814 1852 2109 1414
2223 4 3 1 1 0 189 1043 1107 1036
2224 4 3 1 1 0 216 248 1157 1138
2225 4 3 1 1 0 31 2287 2272 645
2226 4 3 1 1 0 313 1272 389 312
2227 4 3 1 1 0 562 632 635 2027
2228 4 3 1 1 0 109 500 2099 2232
2229 4 3 1 1 0 176 2287 964 2272
2230 4 3 1 1 0 2234 645 2287 32
2231 4 3 1 1 0 1145 262 197 1135
2232 4 3 1 1 0 645 1726 977 2287
2233 4 3 1 1 0 1118 222 243 286
2234 4 3 1 1 0 31 2287 645 32
2235 4 3 1 1 0 65 16 1249 101
2236 4 3 1 1 0 996 1822 1819 1237
2237 4 3 1 1 0 2163 2217 1494 2164
2238 4 3 1 1 0 1400 1901 1902 1523
2239 4 3 1 1 0 1193 1343 1236 997
2240 4 3 1 1 0 1288 558 610 2028
2241 4 3 1 1 0 2002 361 294 63
2242 4 3 1 1 0 1428 1379 2107 1381
2243 4 3 1 1 0 2234 645 977 2287
2244 4 3 1 1 0 698 694 1545 1552
2245 4 3 1 1 0 1371 1418 503 2100
2246 4 3 1 1 0 1726 2272 2287 645
2247 4 3 1 1 0 2222 1971 2203 1680
2248 4 3 1 1 0 1709 1080 1928 1042
2249 4 3 1 1 0 1437 2131 1444 2152
2250 4 3 1 1 0 1480 1484 1481 2156
2251 4 3 1 1 0 785 2286 2239 54
2252 4 3 1 1 0 1607 814 810 1593
2253 4 3 1 1 0 1966 1223 1274 1273
2254 4 3 1 1 0 2178 2181 1588 1586
2255 4 3 1 1 0 1731 1491 2162 1955
2256 4 3 1 1 0 1641 1637 2195 1130
2257 4 3 1 1 0 116 553 605 2153
2258 4 3 1 1 0 841 869 2148 892
2259 4 3 1 1 0 1570 2142 1452 2143
2260 4 3 1 1 0 53 2286 862 54
2261 4 3 1 1 0 1119 1640 1502 967
2262 4 3 1 1 0 1727 1648 1472 965
2263 4 3 1 1 0 1997 2047 2046 1235
2264 4 3 1 1 0 2178 806 883 2176
2265 4 3 1 1 0 785 2286 54 862
2266 4 3 1 1 0 1899 1905 2009 2021
2267 4 3 1 1 0 1702 1705 1701 961
2268 4 3 1 1 0 1036 1043 1107 1042
2269 4 3 1 1 0 331 1330 1312 1309
2270 4 3 1 1 0 1762 1061 1918 1807
2271 4 3 1 1 0 195 264 1133 202
2272 4 3 1 1 0 1342 1624 1915 1625
2273 4 3 1 1 0 1676 999 1237 1821
2274 4 3 1 1 0 2002 2049 431 487
2275 4 3 1 1 0 1863 1546 1541 1865
2276 4 3 1 1 0 241 1043 1078 1909
2277 4 3 1 1 0 2073 1903 1341 1277
2278 4 3 1 1 0 53 2286 2281 862
2279 4 3 1 1 0 2049 424 431 487
2280 4 3 1 1 0 862 2281 1065 2286
2281 4 3 1 1 0 1208 99 2233 418
2282 4 3 1 1 0 862 1065 2281 1920
2283 4 3 1 1 0 735 2089 2087 1355
2284 4 3 1 1 0 2174 1863 1557 1868
2285 4 3 1 1 0 2282 1389 1400 1395
2286 4 3 1 1 0 268 188 1044 187
2287 4 3 1 1 0 364 2040 370 2038
2288 4 3 1 1 0 1272 1223 2031 1273
2289 4 3 1 1 0 2149 123 786 122
2290 4 3 1 1 0 1356 1905 1844 1426
2291 4 3 1 1 0 1883 1882 1454 1481
2292 4 3 1 1 0 2132 123 853 2149
2293 4 3 1 1 0 1457 1882 1439 1454
2294 4 3 1 1 0 1174 1584 2078 1291
2295 4 3 1 1 0 124 2132 795 2260
2296 4 3 1 1 0 2132 123 2149 623
2297 4 3 1 1 0 1225 1517 1243 1217
2298 4 3 1 1 0 608 2148 2129 2128
2299 4 3 1 1 0 665 744 2257 134
2300 4 3 1 1 0 1448 744 2257 665
2301 4 3 1 1 0 1933 1033 1047 1934
2302 4 3 1 1 0 377 400 294 2067
2303 4 3 1 1 0 1970 974 1148 1143
2304 4 3 1 1 0 859 2259 2275 1927
2305 4 3 1 1 0 1962 1771 1472 1770
2306 4 3 1 1 0 2259 796 56 11
2307 4 3 1 1 0 1927 796 2259 1098
2308 4 3 1 1 0 211 1152 1064 209
2309 4 3 1 1 0 349 1258 1271 2023
2310 4 3 1 1 0 1075 1620 957 1618
2311 4 3 1 1 0 900 1920 1065 862
2312 4 3 1 1 0 234 183 2234 32
2313 4 3 1 1 0 859 2259 1927 796
2314 4 3 1 1 0 2285 616 1202 1215
2315 4 3 1 1 0 2000 1238 1193 2048
2316 4 3 1 1 0 1371 458 1418 1357
2317 4 3 1 1 0 1024 2255 1890 1431
2318 4 3 1 1 0 1533 1525 2169 1524
2319 4 3 1 1 0 616 2285 79 80
2320 4 3 1 1 0 547 2285 616 80
2321 4 3 1 1 0 64 2049 303 16
2322 4 3 1 1 0 539 2285 2249 79
2323 4 3 1 1 0 349 377 2023 1271
2324 4 3 1 1 0 1255 1242 1244 2050
2325 4 3 1 1 0 864 1381 865 798
2326 4 3 1 1 0 456 469 465 1385
2327 4 3 1 1 0 1065 1093 1804 1077
2328 4 3 1 1 0 460 456 465 1385
2329 4 3 1 1 0 539 2285 79 616
2330 4 3 1 1 0 2285 547 616 1215
2331 4 3 1 1 0 1353 728 95 2284
2332 4 3 1 1 0 1781 983 1785 1782
2333 4 3 1 1 0 460 1386 1385 465
2334 4 3 1 1 0 1607 988 2181 1586
2335 4 3 1 1 0 1386 460 466 465
2336 4 3 1 1 0 1457 1219 1034 1691
2337 4 3 1 1 0 1631 897 904 844
2338 4 3 1 1 0 1127 1135 1145 1968
2339 4 3 1 1 0 2284 728 95 96
2340 4 3 1 1 0 676 2284 1354 2256
2341 4 3 1 1 0 1322 1828 1319 1345
2342 4 3 1 1 0 377 349 400 1271
2343 4 3 1 1 0 1060 1606 1609 1612
2344 4 3 1 1 0 676 2284 2256 96
2345 4 3 1 1 0 728 1354 2284 1353
2346 4 3 1 1 0 438 440 441 1401
2347 4 3 1 1 0 1341 2014 1278 2072
2348 4 3 1 1 0 744 1449 775 719
2349 4 3 1 1 0 489 1352 482 422
2350 4 3 1 1 0 671 1256 2243 1279
2351 4 3 1 1 0 1713 1826 1676 1829
2352 4 3 1 1 0 1207 1180 2017 658
2353 4 3 1 1 0 1647 1047 1432 1948
2354 4 3 1 1 0 1638 1155 971 1636
2355 4 3 1 1 0 1480 1262 1454 2076
2356 4 3 1 1 0 1223 1272 2031 312
2357 4 3 1 1 0 422 94 2235 482
2358 4 3 1 1 0 1399 2113 2115 1237
2359 4 3 1 1 0 671 727 88 2243
2360 4 3 1 1 0 1954 930 27 1964
2361 4 3 1 1 0 671 727 2243 1256
2362 4 3 1 1 0 1352 422 2235 482
2363 4 3 1 1 0 267 2265 2236 38
2364 4 3 1 1 0 2026 1213 1258 2023
2365 4 3 1 1 0 1988 1336 1322 1345
2366 4 3 1 1 0 7 671 88 2243
2367 4 3 1 1 0 956 1118 976 1648
2368 4 3 1 1 0 2036 1996 1189 1298
2369 4 3 1 1 0 558 660 2028 2076
2370 4 3 1 1 0 520 2283 2263 47
2371 4 3 1 1 0 421 47 46 2283
2372 4 3 1 1 0 2283 2258 46 421
2373 4 3 1 1 0 2090 1360 1362 1354
2374 4 3 1 1 0 180 1067 238 2247
2375 4 3 1 1 0 1506 1754 2208 1755
2376 4 3 1 1 0 520 2283 47 421
2377 4 3 1 1 0 2142 1448 1451 2139
2378 4 3 1 1 0 1672 1628 1795 1783
2379 4 3 1 1 0 1271 2066 2003 2067
2380 4 3 1 1 0 217 229 1117 232
2381 4 3 1 1 0 1358 523 459 485
2382 4 3 1 1 0 1528 1293 1230 702
2383 4 3 1 1 0 308 297 309 2029
2384 4 3 1 1 0 1700 1699 1853 982
2385 4 3 1 1 0 2074 1293 1018 711
2386 4 3 1 1 0 1039 1906 1892 1901
2387 4 3 1 1 0 1566 1876 1550 2172
2388 4 3 1 1 0 1367 1373 1244 2101
2389 4 3 1 1 0 421 1032 2283 1109
2390 4 3 1 1 0 1681 959 1772 1164
2391 4 3 1 1 0 523 472 1359 459
2392 4 3 1 1 0 1066 981 258 1140
2393 4 3 1 1 0 461 1410 454 447
2394 4 3 1 1 0 2283 2258 421 1109
2395 4 3 1 1 0 1522 1049 1909 1080
2396 4 3 1 1 0 1490 2162 1491 572
2397 4 3 1 1 0 1099 1082 281 271
2398 4 3 1 1 0 796 1631 1950 1098
2399 4 3 1 1 0 847 897 859 1927
2400 4 3 1 1 0 1177 1655 2229 1980
2401 4 3 1 1 0 2008 2105 1209 2009
2402 4 3 1 1 0 1318 383 329 322
2403 4 3 1 1 0 1471 1439 1479 2140
2404 4 3 1 1 0 1932 2161 1495 1955
2405 4 3 1 1 0 908 1049 142 2282
2406 4 3 1 1 0 908 141 2282 142
2407 4 3 1 1 0 92 2282 141 1395
2408 4 3 1 1 0 1166 1971 1743 1680
2409 4 3 1 1 0 1547 706 1550 2172
2410 4 3 1 1 0 1497 1433 1494 1435
2411 4 3 1 1 0 92 2282 1395 1389
2412 4 3 1 1 0 495 496 1360 1354
2413 4 3 1 1 0 882 1074 1073 2099
2414 4 3 1 1 0 221 280 1030 1024
2415 4 3 1 1 0 1098 1950 796 164
2416 4 3 1 1 0 1943 1185 1992 1091
2417 4 3 1 1 0 409 1994 384 345
2418 4 3 1 1 0 2282 1389 908 1049
2419 4 3 1 1 0 1395 3 93 675
2420 4 3 1 1 0 485 1358 516 459
2421 4 3 1 1 0 1607 988 1586 1610
2422 4 3 1 1 0 504 1358 516 1069
2423 4 3 1 1 0 504 1358 1069 1357
2424 4 3 1 1 0 851 155 156 1252
2425 4 3 1 1 0 93 726 1395 675
2426 4 3 1 1 0 1583 1175 1649 1979
2427 4 3 1 1 0 874 1606 1593 814
2428 4 3 1 1 0 1263 1216 1205 1214
2429 4 3 1 1 0 93 2288 482 1395
2430 4 3 1 1 0 2202 1944 1677 1838
2431 4 3 1 1 0 1307 322 1315 318
2432 4 3 1 1 0 519 455 470 1383
2433 4 3 1 1 0 1922 165 948 52
2434 4 3 1 1 0 336 1191 2003 1271
2435 4 3 1 1 0 84 2262 1225 301
2436 4 3 1 1 0 1122 1771 1772 1164
2437 4 3 1 1 0 948 52 51 1922
2438 4 3 1 1 0 2281 1067 2247 793
2439 4 3 1 1 0 2159 1503 1738 2160
2440 4 3 1 1 0 20 2281 2247 793
2441 4 3 1 1 0 1020 1720 1041 1718
2442 4 3 1 1 0 53 2281 793 862
2443 4 3 1 1 0 2281 1920 793 862
2444 4 3 1 1 0 1067 2281 1920 793
2445 4 3 1 1 0 548 2280 2248 979
2446 4 3 1 1 0 1398 432 434 435
2447 4 3 1 1 0 1564 707 1537 1540
2448 4 3 1 1 0 640 2280 548 979
2449 4 3 1 1 0 1394 2111 1386 2112
2450 4 3 1 1 0 2246 624 2280 30
2451 4 3 1 1 0 1990 2084 1301 1315
2452 4 3 1 1 0 1268 1993 2065 1295
2453 4 3 1 1 0 1322 1339 1828 1345
2454 4 3 1 1 0 598 651 2018 658
2455 4 3 1 1 0 1412 2117 1814 1817
2456 4 3 1 1 0 1403 443 1409 508
2457 4 3 1 1 0 597 649 2139 641
2458 4 3 1 1 0 1770 978 624 2280
2459 4 3 1 1 0 891 784 903 2061
2460 4 3 1 1 0 1261 1288 1262 555
2461 4 3 1 1 0 2022 2230 1277 1197
2462 4 3 1 1 0 2264 1073 993 2104
2463 4 3 1 1 0 2246 624 978 2280
2464 4 3 1 1 0 348 401 2048 368
2465 4 3 1 1 0 306 2266 77 2237
2466 4 3 1 1 0 30 2280 29 624
2467 4 3 1 1 0 1288 558 1262 555
2468 4 3 1 1 0 1277 1341 1278 2072
2469 4 3 1 1 0 306 1207 2016 2237
2470 4 3 1 1 0 640 2280 979 1770
2471 4 3 1 1 0 358 2058 2054 2059
2472 4 3 1 1 0 971 1155 1638 1948
2473 4 3 1 1 0 378 2267 2238 69
2474 4 3 1 1 0 880 1617 991 1380
2475 4 3 1 1 0 299 1978 374 357
2476 4 3 1 1 0 89 2 2279 425
2477 4 3 1 1 0 1180 617 2018 658
2478 4 3 1 1 0 1261 2086 555 1262
2479 4 3 1 1 0 109 500 423 2099
2480 4 3 1 1 0 1415 443 1412 444
2481 4 3 1 1 0 617 598 2018 658
2482 4 3 1 1 0 1848 1004 1786 1735
2483 4 3 1 1 0 1819 1825 1334 997
2484 4 3 1 1 0 2162 565 566 567
2485 4 3 1 1 0 2099 2261 797 1363
2486 4 3 1 1 0 797 108 1363 2261
2487 4 3 1 1 0 2261 797 108 21
2488 4 3 1 1 0 2236 670 2251 37
2489 4 3 1 1 0 1723 1421 1200 1905
2490 4 3 1 1 0 1572 2176 1588 1809
2491 4 3 1 1 0 670 1054 2251 1048
2492 4 3 1 1 0 14 670 37 2251
2493 4 3 1 1 0 2236 670 1054 2251
2494 4 3 1 1 0 72 2253 794 1251
2495 4 3 1 1 0 1250 1251 794 2253
2496 4 3 1 1 0 72 1251 870 2242
2497 4 3 1 1 0 999 2114 1407 2213
2498 4 3 1 1 0 1311 1196 1337 1308
2499 4 3 1 1 0 938 155 940 1252
2500 4 3 1 1 0 72 2253 1251 307
2501 4 3 1 1 0 917 2278 73 74
2502 4 3 1 1 0 569 2162 566 567
2503 4 3 1 1 0 2069 1347 1301 1346
2504 4 3 1 1 0 2044 1231 1257 2012
2505 4 3 1 1 0 2035 129 2045 554
2506 4 3 1 1 0 1497 2217 2127 1756
2507 4 3 1 1 0 1254 2056 2055 2057
2508 4 3 1 1 0 2278 1975 74 917
2509 4 3 1 1 0 1250 2278 73 917
2510 4 3 1 1 0 1976 2278 1975 1977
2511 4 3 1 1 0 990 2176 1074 1574
2512 4 3 1 1 0 1976 2278 917 1975
2513 4 3 1 1 0 2020 2277 923 1208
2514 4 3 1 1 0 2277 99 923 1208
2515 4 3 1 1 0 1217 2038 1225 2039
2516 4 3 1 1 0 2070 315 1307 2084
2517 4 3 1 1 0 2193 2194 1623 1613
2518 4 3 1 1 0 1327 1347 1301 2069
2519 4 3 1 1 0 364 2040 2038 1223
2520 4 3 1 1 0 1317 1187 1313 1988
2521 4 3 1 1 0 1268 1993 1295 1287
2522 4 3 1 1 0 1752 1751 2195 2196
2523 4 3 1 1 0 1255 1289 2059 1254
2524 4 3 1 1 0 663 769 1243 731
2525 4 3 1 1 0 1911 1055 1913 1524
2526 4 3 1 1 0 2277 2020 923 2026
2527 4 3 1 1 0 667 1228 782 737
2528 4 3 1 1 0 1537 1016 1539 1532
2529 4 3 1 1 0 2177 1254 1350 1290
2530 4 3 1 1 0 1348 1311 1563 1900
2531 4 3 1 1 0 960 969 1682 1697
2532 4 3 1 1 0 1598 815 1604 2185
2533 4 3 1 1 0 1910 282 244 1053
2534 4 3 1 1 0 163 1950 1580 1951
2535 4 3 1 1 0 99 2277 923 100
2536 4 3 1 1 0 1801 2103 2104 993
2537 4 3 1 1 0 60 2026 100 923
2538 4 3 1 1 0 2277 2026 923 100
2539 4 3 1 1 0 2051 154 1252 1244
2540 4 3 1 1 0 1115 1519 1088 1959
2541 4 3 1 1 0 1654 1845 1632 1762
2542 4 3 1 1 0 1204 651 2016 2017
2543 4 3 1 1 0 2127 1756 1468 1513
2544 4 3 1 1 0 1713 999 2214 1407
2545 4 3 1 1 0 1910 2276 1085 911
2546 4 3 1 1 0 1079 1012 1042 1855
2547 4 3 1 1 0 2239 54 175 55
2548 4 3 1 1 0 1204 651 2017 601
2549 4 3 1 1 0 978 275 243 236
2550 4 3 1 1 0 504 1358 1357 459
2551 4 3 1 1 0 1033 1890 1431 1025
2552 4 3 1 1 0 2019 1180 2018 2017
2553 4 3 1 1 0 2193 2194 1849 1623
2554 4 3 1 1 0 1373 2051 2123 1429
2555 4 3 1 1 0 1498 574 577 581
2556 4 3 1 1 0 2204 2206 2205 1684
2557 4 3 1 1 0 1161 1160 1634 1114
2558 4 3 1 1 0 806 2176 805 803
2559 4 3 1 1 0 1429 1244 2051 1832
2560 4 3 1 1 0 139 920 1333 921
2561 4 3 1 1 0 2101 102 1366 416
2562 4 3 1 1 0 89 2276 911 90
2563 4 3 1 1 0 296 1211 1212 1276
2564 4 3 1 1 0 971 1155 1509 1636
2565 4 3 1 1 0 268 1125 191 1095
2566 4 3 1 1 0 1388 1430 1832 2123
2567 4 3 1 1 0 2093 2103 1359 1378
2568 4 3 1 1 0 2178 880 991 2102
2569 4 3 1 1 0 2123 1429 2051 1832
2570 4 3 1 1 0 751 1547 752 691
2571 4 3 1 1 0 1085 90 911 2276
2572 4 3 1 1 0 859 2259 796 56
2573 4 3 1 1 0 971 1754 1757 1638
2574 4 3 1 1 0 2275 2239 55 859
2575 4 3 1 1 0 859 2259 56 2275
2576 4 3 1 1 0 653 2126 590 618
2577 4 3 1 1 0 631 563 566 1484
2578 4 3 1 1 0 2275 2239 859 1077
2579 4 3 1 1 0 1571 1580 1463 867
2580 4 3 1 1 0 1930 2228 1175 1474
2581 4 3 1 1 0 1580 925 1954 1478
2582 4 3 1 1 0 2124 864 2107 836
2583 4 3 1 1 0 1927 1077 2275 859
2584 4 3 1 1 0 1469 2127 2126 1494
2585 4 3 1 1 0 2127 2143 1468 1453
2586 4 3 1 1 0 393 381 334 1344
2587 4 3 1 1 0 831 872 2180 1621
2588 4 3 1 1 0 2076 558 635 559
2589 4 3 1 1 0 813 1601 2185 811
2590 4 3 1 1 0 2275 859 55 56
2591 4 3 1 1 0 2101 102 416 103
2592 4 3 1 1 0 426 524 1889 491
2593 4 3 1 1 0 2177 1254 1290 1283
2594 4 3 1 1 0 1037 1036 1010 1042
2595 4 3 1 1 0 2141 587 1469 2126
2596 4 3 1 1 0 2148 2250 121 792
2597 4 3 1 1 0 792 121 12 2250
2598 4 3 1 1 0 920 921 922 1333
2599 4 3 1 1 0 1813 1816 1418 2122
2600 4 3 1 1 0 1392 1424 2088 1396
2601 4 3 1 1 0 1412 444 505 1414
2602 4 3 1 1 0 1416 460 506 1386
2603 4 3 1 1 0 799 2055 851 2054
2604 4 3 1 1 0 347 1241 413 368
2605 4 3 1 1 0 1037 1012 1042 1038
2606 4 3 1 1 0 1727 965 1726 1648
2607 4 3 1 1 0 792 2148 2250 1463
2608 4 3 1 1 0 1134 192 1127 1129
2609 4 3 1 1 0 1570 1442 1443 2252
2610 4 3 1 1 0 603 1431 545 2125
2611 4 3 1 1 0 1108 1700 961 1139
2612 4 3 1 1 0 365 298 1241 2050
2613 4 3 1 1 0 1426 1723 1875 1905
2614 4 3 1 1 0 1442 665 135 745
2615 4 3 1 1 0 1442 745 135 136
2616 4 3 1 1 0 1442 2252 745 136
2617 4 3 1 1 0 1442 2289 541 135
2618 4 3 1 1 0 1100 1772 1964 1104
2619 4 3 1 1 0 1570 1442 2252 745
2620 4 3 1 1 0 1574 801 1573 2176
2621 4 3 1 1 0 547 2045 80 22
2622 4 3 1 1 0 2152 652 2132 623
2623 4 3 1 1 0 827 820 828 2192
2624 4 3 1 1 0 2152 652 623 595
2625 4 3 1 1 0 2220 1005 1788 1698
2626 4 3 1 1 0 1129 975 1854 1130
2627 4 3 1 1 0 1699 1780 1853 982
2628 4 3 1 1 0 1013 1056 1054 187
2629 4 3 1 1 0 2285 360 80 2045
2630 4 3 1 1 0 2177 1254 1283 1253
2631 4 3 1 1 0 1099 1947 1111 1114
2632 4 3 1 1 0 1093 290 224 242
2633 4 3 1 1 0 2274 1256 1231 2044
2634 4 3 1 1 0 367 2243 2274 1256
2635 4 3 1 1 0 1509 1155 971 1948
2636 4 3 1 1 0 270 1057 211 1066
2637 4 3 1 1 0 2234 645 553 977
2638 4 3 1 1 0 1262 1261 1457 1454
2639 4 3 1 1 0 87 727 667 2274
2640 4 3 1 1 0 484 2093 2104 1374
2641 4 3 1 1 0 944 1073 945 946
2642 4 3 1 1 0 1136 1138 1137 1139
2643 4 3 1 1 0 367 2243 1256 304
2644 4 3 1 1 0 87 727 2274 88
2645 4 3 1 1 0 2147 580 578 1496
2646 4 3 1 1 0 1636 955 1637 1641
2647 4 3 1 1 0 24 132 149 2240
2648 4 3 1 1 0 1103 1160 1634 1104
2649 4 3 1 1 0 667 727 1231 2274
2650 4 3 1 1 0 2281 245 1067 1065
2651 4 3 1 1 0 616 610 2028 1215
2652 4 3 1 1 0 24 551 132 2240
2653 4 3 1 1 0 419 2241 2268 107
2654 4 3 1 1 0 239 213 992 270
2655 4 3 1 1 0 1369 991 2102 1808
2656 4 3 1 1 0 775 746 1458 669
2657 4 3 1 1 0 399 2269 2242 71
2658 4 3 1 1 0 2274 1231 1256 727
2659 4 3 1 1 0 746 149 1458 669
2660 4 3 1 1 0 2123 1576 1430 1832
2661 4 3 1 1 0 98 1362 922 2233
2662 4 3 1 1 0 98 920 1362 97
2663 4 3 1 1 0 1361 1360 2096 2090
2664 4 3 1 1 0 1392 2111 1424 1393
2665 4 3 1 1 0 426 2273 1889 19
2666 4 3 1 1 0 1213 483 2026 2020
2667 4 3 1 1 0 638 610 2028 616
2668 4 3 1 1 0 1863 1886 1028 1868
2669 4 3 1 1 0 190 1125 192 191
2670 4 3 1 1 0 638 660 2028 610
2671 4 3 1 1 0 2052 1978 1173 1188
2672 4 3 1 1 0 398 1991 1250 1251
2673 4 3 1 1 0 1595 1666 1793 1672
2674 4 3 1 1 0 207 1031 284 221
2675 4 3 1 1 0 1097 1958 1634 1111
2676 4 3 1 1 0 1954 925 928 927
2677 4 3 1 1 0 1270 514 2106 437
2678 4 3 1 1 0 520 2273 48 2263
2679 4 3 1 1 0 2273 426 48 19
2680 4 3 1 1 0 1889 2273 520 1032
2681 4 3 1 1 0 1537 755 754 707
2682 4 3 1 1 0 693 1537 754 707
2683 4 3 1 1 0 1907 269 1107 1081
2684 4 3 1 1 0 680 1015 1115 681
2685 4 3 1 1 0 520 2273 2263 1032
2686 4 3 1 1 0 750 1515 762 703
2687 4 3 1 1 0 657 2272 1725 1726
2688 4 3 1 1 0 1901 1523 1928 1522
2689 4 3 1 1 0 936 1072 933 146
2690 4 3 1 1 0 1215 2047 2045 2046
2691 4 3 1 1 0 44 1910 181 244
2692 4 3 1 1 0 1526 1525 1022 1564
2693 4 3 1 1 0 538 2272 2246 1725
2694 4 3 1 1 0 982 1145 1764 1150
2695 4 3 1 1 0 2170 1756 2171 1468
2696 4 3 1 1 0 727 773 1256 763
2697 4 3 1 1 0 176 2287 2272 31
2698 4 3 1 1 0 495 2097 1360 467
2699 4 3 1 1 0 1070 457 471 1068
2700 4 3 1 1 0 1311 1896 1900 1308
2701 4 3 1 1 0 1208 1212 1280 922
2702 4 3 1 1 0 1705 1165 1706 1171
2703 4 3 1 1 0 750 1514 1516 1556
2704 4 3 1 1 0 1223 1221 1232 2040
2705 4 3 1 1 0 541 1448 641 606
2706 4 3 1 1 0 557 637 1262 556
2707 4 3 1 1 0 2287 964 2272 1726
2708 4 3 1 1 0 657 2272 1726 645
2709 4 3 1 1 0 1539 693 692 697
2710 4 3 1 1 0 1523 772 764 1902
2711 4 3 1 1 0 1523 764 772 720
2712 4 3 1 1 0 2271 144 674 1
2713 4 3 1 1 0 2271 674 40 1
2714 4 3 1 1 0 1360 1904 2090 1280
2715 4 3 1 1 0 1909 674 732 1078
2716 4 3 1 1 0 729 1522 764 1902
2717 4 3 1 1 0 1170 1802 1071 1888
2718 4 3 1 1 0 1973 1171 1936 1935
2719 4 3 1 1 0 1909 144 674 2271
2720 4 3 1 1 0 2271 2245 674 1078
2721 4 3 1 1 0 520 2283 421 1032
2722 4 3 1 1 0 1509 1155 1169 1636
2723 4 3 1 1 0 2271 2245 40 674
2724 4 3 1 1 0 252 2273 1032 2263
2725 4 3 1 1 0 1353 95 668 2235
2726 4 3 1 1 0 1043 1907 1909 1052
2727 4 3 1 1 0 1520 764 1523 720
2728 4 3 1 1 0 2184 881 805 804
2729 4 3 1 1 0 1196 2072 1310 1311
2730 4 3 1 1 0 1353 2284 95 480
2731 4 3 1 1 0 1108 1107 233 1081
2732 4 3 1 1 0 2109 1006 1706 1852
2733 4 3 1 1 0 360 2285 1215 2045
2734 4 3 1 1 0 786 122 2148 2149
2735 4 3 1 1 0 1043 269 1907 1052
2736 4 3 1 1 0 2149 786 123 853
2737 4 3 1 1 0 950 84 152 1225
2738 4 3 1 1 0 1719 1896 1041 1898
2739 4 3 1 1 0 1263 2159 1511 1205
2740 4 3 1 1 0 1083 2193 1616 1620
2741 4 3 1 1 0 390 82 2034 297
2742 4 3 1 1 0 2240 1449 1458 669
2743 4 3 1 1 0 1520 757 764 720
2744 4 3 1 1 0 744 2240 1449 2257
2745 4 3 1 1 0 744 2240 2257 133
2746 4 3 1 1 0 24 2240 669 133
2747 4 3 1 1 0 625 592 1770 640
2748 4 3 1 1 0 1228 2270 1227 766
2749 4 3 1 1 0 659 2145 2146 614
2750 4 3 1 1 0 183 234 2234 977
2751 4 3 1 1 0 1160 1103 1634 1114
2752 4 3 1 1 0 1120 1162 1121 1681
2753 4 3 1 1 0 2270 2262 1227 766
2754 4 3 1 1 0 557 559 1262 1479
2755 4 3 1 1 0 1241 2059 1255 1282
2756 4 3 1 1 0 1779 1777 1110 1947
2757 4 3 1 1 0 766 86 2270 85
2758 4 3 1 1 0 1397 437 1270 1402
2759 4 3 1 1 0 942 65 1249 101
2760 4 3 1 1 0 390 82 2035 2034
2761 4 3 1 1 0 1691 1742 1565 2210
2762 4 3 1 1 0 2270 2262 766 85
2763 4 3 1 1 0 81 305 390 2045
2764 4 3 1 1 0 1269 1999 2024 1271
2765 4 3 1 1 0 667 2270 2244 1228
2766 4 3 1 1 0 1975 1986 913 1976
2767 4 3 1 1 0 667 2270 1228 766
2768 4 3 1 1 0 1310 1196 2007 1303
2769 4 3 1 1 0 1442 649 2139 1453
2770 4 3 1 1 0 784 2238 70 2269
2771 4 3 1 1 0 1982 1178 2229 1246
2772 4 3 1 1 0 2075 1333 1530 1280
2773 4 3 1 1 0 2075 1279 2073 1281
2774 4 3 1 1 0 1332 331 339 380
2775 4 3 1 1 0 784 2063 2061 2269
2776 4 3 1 1 0 2097 1361 2096 1356
2777 4 3 1 1 0 2243 7 57 304
2778 4 3 1 1 0 1293 2074 1018 1874
2779 4 3 1 1 0 1277 1331 2230 1899
2780 4 3 1 1 0 740 1450 708 1452
2781 4 3 1 1 0 954 81 2035 129
2782 4 3 1 1 0 925 2146 1478 1580
2783 4 3 1 1 0 784 2238 2269 2061
2784 4 3 1 1 0 1196 1310 1312 1303
2785 4 3 1 1 0 1611 1388 1000 1670
2786 4 3 1 1 0 2008 1210 2024 2020
2787 4 3 1 1 0 1375 2097 2096 1356
2788 4 3 1 1 0 69 2238 378 70
2789 4 3 1 1 0 300 2023 377 2025
2790 4 3 1 1 0 82 954 2035 951
2791 4 3 1 1 0 809 807 810 2181
2792 4 3 1 1 0 70 784 2269 71
2793 4 3 1 1 0 479 1364 509 1260
2794 4 3 1 1 0 1344 348 1239 334
2795 4 3 1 1 0 1595 1664 1674 1666
2796 4 3 1 1 0 332 347 1282 396
2797 4 3 1 1 0 2269 2242 784 2063
2798 4 3 1 1 0 1816 1372 1411 2118
2799 4 3 1 1 0 1624 1823 1625 1335
2800 4 3 1 1 0 2020 1213 2024 1258
2801 4 3 1 1 0 1132 2207 1652 1683
2802 4 3 1 1 0 1075 1620 1618 1923
2803 4 3 1 1 0 2010 1210 2020 1208
2804 4 3 1 1 0 1271 336 1338 335
2805 4 3 1 1 0 2269 2242 71 784
2806 4 3 1 1 0 1249 1343 1241 1242
2807 4 3 1 1 0 1822 1343 1292 1819
2808 4 3 1 1 0 787 1379 1368 2268
2809 4 3 1 1 0 2268 2241 1368 787
2810 4 3 1 1 0 106 107 2268 787
2811 4 3 1 1 0 1242 1244 1366 1292
2812 4 3 1 1 0 2268 1381 499 106
2813 4 3 1 1 0 809 808 1587 877
2814 4 3 1 1 0 1605 1601 1075 1923
2815 4 3 1 1 0 1066 1071 985 1140
2816 4 3 1 1 0 2268 1381 1379 499
2817 4 3 1 1 0 846 1265 2057 845
2818 4 3 1 1 0 1086 1168 527 1383
2819 4 3 1 1 0 2268 2241 787 107
2820 4 3 1 1 0 1711 1831 1713 1897
2821 4 3 1 1 0 2054 2267 17 799
2822 4 3 1 1 0 2122 2107 2108 1380
2823 4 3 1 1 0 479 512 1260 509
2824 4 3 1 1 0 247 1043 1909 1052
2825 4 3 1 1 0 2056 2267 2054 799
2826 4 3 1 1 0 1084 1054 1912 1055
2827 4 3 1 1 0 1009 1165 1138 1137
2828 4 3 1 1 0 1901 1906 1051 1080
2829 4 3 1 1 0 69 2267 799 17
2830 4 3 1 1 0 891 2267 2238 2056
2831 4 3 1 1 0 1624 1294 1619 1340
2832 4 3 1 1 0 1551 1539 2173 1866
2833 4 3 1 1 0 1714 2116 1831 2214
2834 4 3 1 1 0 986 1059 1805 1629
2835 4 3 1 1 0 891 2267 2056 799
2836 4 3 1 1 0 539 2266 2249 1204
2837 4 3 1 1 0 539 1204 613 2266
2838 4 3 1 1 0 1816 1813 1418 2092
2839 4 3 1 1 0 698 753 714 1554
2840 4 3 1 1 0 2114 2214 999 1407
2841 4 3 1 1 0 2266 2237 2016 613
2842 4 3 1 1 0 1220 2033 1565 1515
2843 4 3 1 1 0 2118 2117 1403 2120
2844 4 3 1 1 0 1533 755 685 754
2845 4 3 1 1 0 539 613 1204 656
2846 4 3 1 1 0 311 2037 2032 2036
2847 4 3 1 1 0 1006 994 1422 1708
2848 4 3 1 1 0 77 613 2266 78
2849 4 3 1 1 0 1537 755 1533 754
2850 4 3 1 1 0 2190 2191 1611 1916
2851 4 3 1 1 0 2266 2237 613 77
2852 4 3 1 1 0 200 205 258 1140
2853 4 3 1 1 0 1487 627 1491 569
2854 4 3 1 1 0 892 2150 828 854
2855 4 3 1 1 0 2036 1996 1298 2037
2856 4 3 1 1 0 1621 1097 1924 2180
2857 4 3 1 1 0 1432 1435 2125 1433
2858 4 3 1 1 0 1493 2157 1482 1492
2859 4 3 1 1 0 2068 1996 1298 2069
2860 4 3 1 1 0 2085 554 555 543
2861 4 3 1 1 0 293 2270 2244 86
2862 4 3 1 1 0 33 2234 183 13
2863 4 3 1 1 0 1986 126 1987 542
2864 4 3 1 1 0 602 586 1205 2158
2865 4 3 1 1 0 818 1616 1604 1615
2866 4 3 1 1 0 2122 1369 2108 1368
2867 4 3 1 1 0 830 823 1621 2188
2868 4 3 1 1 0 2231 156 1252 2054
2869 4 3 1 1 0 1963 1478 544 611
2870 4 3 1 1 0 1221 1227 1228 2040
2871 4 3 1 1 0 586 602 632 2158
2872 4 3 1 1 0 2082 2078 2083 1577
2873 4 3 1 1 0 1076 1460 1622 1925
2874 4 3 1 1 0 1682 1483 1732 968
2875 4 3 1 1 0 1252 155 156 938
2876 4 3 1 1 0 759 2265 2245 39
2877 4 3 1 1 0 759 2265 39 666
2878 4 3 1 1 0 297 2034 390 310
2879 4 3 1 1 0 1448 2142 1450 740
2880 4 3 1 1 0 579 642 578 1961
2881 4 3 1 1 0 666 38 2265 39
2882 4 3 1 1 0 2265 2236 666 1056
2883 4 3 1 1 0 2013 1873 1529 1311
2884 4 3 1 1 0 1584 2138 2078 1175
2885 4 3 1 1 0 666 1056 1045 2265
2886 4 3 1 1 0 1918 1614 1075 1598
2887 4 3 1 1 0 1465 1512 1925 1436
2888 4 3 1 1 0 2265 2236 38 666
2889 4 3 1 1 0 1580 1100 1478 1954
2890 4 3 1 1 0 2049 16 424 1249
2891 4 3 1 1 0 1237 2113 1402 1397
2892 4 3 1 1 0 1600 2180 872 1621
2893 4 3 1 1 0 1632 1061 1622 1762
2894 4 3 1 1 0 1083 2193 1623 1613
2895 4 3 1 1 0 999 1714 2214 2116
2896 4 3 1 1 0 2016 2019 2017 1207
2897 4 3 1 1 0 1482 1492 2157 1490
2898 4 3 1 1 0 64 2049 16 424
2899 4 3 1 1 0 33 2234 13 116
2900 4 3 1 1 0 484 2093 1374 417
2901 4 3 1 1 0 1448 1450 719 771
2902 4 3 1 1 0 962 2214 1407 1713
2903 4 3 1 1 0 1923 1603 1601 1615
2904 4 3 1 1 0 2078 1340 2082 2083
2905 4 3 1 1 0 2226 1880 1863 2227
2906 4 3 1 1 0 1492 568 1507 2163
2907 4 3 1 1 0 111 2093 110 946
2908 4 3 1 1 0 1327 2068 1298 2069
2909 4 3 1 1 0 462 461 1410 454
2910 4 3 1 1 0 238 2264 1922 1063
2911 4 3 1 1 0 1664 1667 958 1670
2912 4 3 1 1 0 1922 2264 51 943
2913 4 3 1 1 0 1448 665 740 771
2914 4 3 1 1 0 2104 2264 50 1105
2915 4 3 1 1 0 1589 1087 1630 1783
2916 4 3 1 1 0 2264 943 50 51
2917 4 3 1 1 0 252 283 227 1032
2918 4 3 1 1 0 884 2183 1089 1919
2919 4 3 1 1 0 238 2264 1063 171
2920 4 3 1 1 0 2104 2264 1105 993
2921 4 3 1 1 0 1889 520 2273 426
2922 4 3 1 1 0 1161 1679 1114 1635
2923 4 3 1 1 0 1001 1412 1414 1814
2924 4 3 1 1 0 1005 2220 1788 2224
2925 4 3 1 1 0 2212 1701 1702 1040
2926 4 3 1 1 0 968 1732 2215 1731
2927 4 3 1 1 0 48 47 520 2263
2928 4 3 1 1 0 894 1571 867 788
2929 4 3 1 1 0 1580 162 867 788
2930 4 3 1 1 0 1824 1284 998 1328
2931 4 3 1 1 0 2003 361 294 2002
2932 4 3 1 1 0 520 2283 1032 2263
2933 4 3 1 1 0 1196 2072 1311 1337
2934 4 3 1 1 0 24 551 2240 133
2935 4 3 1 1 0 1034 1514 1476 1440
2936 4 3 1 1 0 1045 678 1056 666
2937 4 3 1 1 0 1449 744 775 669
2938 4 3 1 1 0 1571 1580 867 788
2939 4 3 1 1 0 2263 2283 173 47
2940 4 3 1 1 0 1309 335 328 331
2941 4 3 1 1 0 1416 506 505 445
2942 4 3 1 1 0 2180 1580 788 1950
2943 4 3 1 1 0 2236 670 677 1054
2944 4 3 1 1 0 1169 1155 1509 1948
2945 4 3 1 1 0 520 2273 426 48
2946 4 3 1 1 0 962 1722 1407 2214
2947 4 3 1 1 0 1230 1229 1231 2041
2948 4 3 1 1 0 863 2180 788 1950
2949 4 3 1 1 0 1316 1321 1322 1989
2950 4 3 1 1 0 443 444 442 1412
2951 4 3 1 1 0 1316 1287 1321 1989
2952 4 3 1 1 0 868 863 788 1950
2953 4 3 1 1 0 1168 1973 1935 1974
2954 4 3 1 1 0 926 1951 26 25
2955 4 3 1 1 0 517 1910 1086 425
2956 4 3 1 1 0 1227 2262 1225 672
2957 4 3 1 1 0 672 85 2262 23
2958 4 3 1 1 0 1072 1084 1048 1934
2959 4 3 1 1 0 1227 766 2262 672
2960 4 3 1 1 0 328 1338 1309 1325
2961 4 3 1 1 0 800 1067 1920 793
2962 4 3 1 1 0 152 672 2262 23
2963 4 3 1 1 0 500 2093 2232 110
2964 4 3 1 1 0 672 766 2262 85
2965 4 3 1 1 0 152 672 1225 2262
2966 4 3 1 1 0 2058 346 379 1268
2967 4 3 1 1 0 1618 1603 1615 1090
2968 4 3 1 1 0 1265 2062 2079 1267
2969 4 3 1 1 0 1102 2215 1763 1650
2970 4 3 1 1 0 1585 1250 850 158
2971 4 3 1 1 0 1444 1447 1445 2137
2972 4 3 1 1 0 2166 1482 1731 1490
2973 4 3 1 1 0 842 841 1512 827
2974 4 3 1 1 0 477 2112 1391 521
2975 4 3 1 1 0 1904 1050 2090 1530
2976 4 3 1 1 0 67 66 2050 939
2977 4 3 1 1 0 1281 1256 2073 1293
2978 4 3 1 1 0 1912 1013 1035 1859
2979 4 3 1 1 0 821 817 822 1609
2980 4 3 1 1 0 955 1167 1949 975
2981 4 3 1 1 0 822 1609 1617 1430
2982 4 3 1 1 0 2261 423 2099 109
2983 4 3 1 1 0 331 324 328 1309
2984 4 3 1 1 0 109 2261 423 21
2985 4 3 1 1 0 1363 2098 2100 1368
2986 4 3 1 1 0 422 1353 95 480
2987 4 3 1 1 0 2135 160 918 159
2988 4 3 1 1 0 2103 1358 1921 1374
2989 4 3 1 1 0 1640 970 1743 1645
2990 4 3 1 1 0 178 2245 40 2271
2991 4 3 1 1 0 2150 841 1512 2148
2992 4 3 1 1 0 2136 2135 918 159
2993 4 3 1 1 0 1309 335 1338 328
2994 4 3 1 1 0 31 2272 176 2246
2995 4 3 1 1 0 1306 324 385 1303
2996 4 3 1 1 0 2019 1188 1206 1178
2997 4 3 1 1 0 273 1093 242 281
2998 4 3 1 1 0 1585 1582 2078 1175
2999 4 3 1 1 0 795 2135 6 2260
3000 4 3 1 1 0 979 1118 1121 1771
3001 4 3 1 1 0 1546 1863 1864 1865
3002 4 3 1 1 0 795 6 2135 160
3003 4 3 1 1 0 795 2260 2133 2135
3004 4 3 1 1 0 1134 192 1129 195
3005 4 3 1 1 0 124 795 2132 853
3006 4 3 1 1 0 341 330 1264 1216
3007 4 3 1 1 0 1066 258 270 213
3008 4 3 1 1 0 1145 194 196 197
3009 4 3 1 1 0 1039 1021 1707 1928
3010 4 3 1 1 0 1134 192 195 194
3011 4 3 1 1 0 1734 1482 968 1731
3012 4 3 1 1 0 2260 795 124 6
3013 4 3 1 1 0 1052 1049 1908 1080
3014 4 3 1 1 0 905 1585 1446 1582
3015 4 3 1 1 0 1043 1855 1907 1042
3016 4 3 1 1 0 247 1043 1052 269
3017 4 3 1 1 0 2142 1448 1887 1451
3018 4 3 1 1 0 661 1530 1281 1333
3019 4 3 1 1 0 1330 1258 380 1211
3020 4 3 1 1 0 1293 2074 1281 711
3021 4 3 1 1 0 60 2026 300 8
3022 4 3 1 1 0 2260 795 2133 2132
3023 4 3 1 1 0 942 1242 1249 66
3024 4 3 1 1 0 1492 1493 2157 564
3025 4 3 1 1 0 65 942 1249 66
3026 4 3 1 1 0 1454 2076 1510 1480
3027 4 3 1 1 0 2042 2043 2041 1230
3028 4 3 1 1 0 2166 1482 1734 1731
3029 4 3 1 1 0 1233 1234 1235 1997
3030 4 3 1 1 0 399 2269 71 292
3031 4 3 1 1 0 1267 2064 2062 2079
3032 4 3 1 1 0 1248 330 1216 1264
3033 4 3 1 1 0 1659 1660 1823 2202
3034 4 3 1 1 0 1964 28 930 27
3035 4 3 1 1 0 1427 1372 1387 475
3036 4 3 1 1 0 1661 2207 1142 1685
3037 4 3 1 1 0 1742 1690 1741 1884
3038 4 3 1 1 0 1542 1556 697 1539
3039 4 3 1 1 0 437 1397 434 436
3040 4 3 1 1 0 2076 562 635 2027
3041 4 3 1 1 0 2144 1456 1467 1458
3042 4 3 1 1 0 2085 2086 2144 543
3043 4 3 1 1 0 1661 1985 2201 1739
3044 4 3 1 1 0 326 1239 334 1344
3045 4 3 1 1 0 2010 1210 1208 1209
3046 4 3 1 1 0 1442 1443 1453 2143
3047 4 3 1 1 0 1123 930 1963 1964
3048 4 3 1 1 0 25 1098 179 2259
3049 4 3 1 1 0 179 25 2259 11
3050 4 3 1 1 0 2138 2136 1445 2137
3051 4 3 1 1 0 1447 1499 1498 1176
3052 4 3 1 1 0 1250 917 157 158
3053 4 3 1 1 0 547 129 2045 22
3054 4 3 1 1 0 1968 1108 1135 1700
3055 4 3 1 1 0 1109 1936 1138 1117
3056 4 3 1 1 0 113 932 114 1434
3057 4 3 1 1 0 2258 2279 181 45
3058 4 3 1 1 0 2258 2279 1086 181
3059 4 3 1 1 0 300 2023 2025 2026
3060 4 3 1 1 0 422 94 95 2235
3061 4 3 1 1 0 1465 1473 1616 828
3062 4 3 1 1 0 1299 1996 1275 2069
3063 4 3 1 1 0 1616 1465 828 2192
3064 4 3 1 1 0 481 2258 46 45
3065 4 3 1 1 0 1086 1109 481 2258
3066 4 3 1 1 0 799 2057 2056 861
3067 4 3 1 1 0 421 2258 46 481
3068 4 3 1 1 0 2273 177 1032 1889
3069 4 3 1 1 0 1109 421 481 2258
3070 4 3 1 1 0 1073 166 945 1922
3071 4 3 1 1 0 799 2055 2054 2056
3072 4 3 1 1 0 2121 1715 2114 1406
3073 4 3 1 1 0 981 1159 1764 1151
3074 4 3 1 1 0 1356 2089 1844 2087
3075 4 3 1 1 0 326 1240 327 332
3076 4 3 1 1 0 537 435 487 1259
3077 4 3 1 1 0 799 2057 861 890
3078 4 3 1 1 0 512 479 1260 537
3079 4 3 1 1 0 1617 817 833 879
3080 4 3 1 1 0 20 2281 793 53
3081 4 3 1 1 0 1669 991 1579 1808
3082 4 3 1 1 0 1907 1855 1043 1909
3083 4 3 1 1 0 1415 1382 2109 1419
3084 4 3 1 1 0 1393 2111 1386 1394
3085 4 3 1 1 0 1906 1008 1960 1707
3086 4 3 1 1 0 1416 460 1386 1414
3087 4 3 1 1 0 909 1049 910 907
3088 4 3 1 1 0 1968 1699 961 1700
3089 4 3 1 1 0 1224 82 2034 2035
3090 4 3 1 1 0 388 1327 1298 1201
3091 4 3 1 1 0 1907 1855 1080 1042
3092 4 3 1 1 0 232 1139 233 1081
3093 4 3 1 1 0 961 1705 1137 1699
3094 4 3 1 1 0 1224 82 2035 951
3095 4 3 1 1 0 1394 1421 2091 1356
3096 4 3 1 1 0 949 1224 2035 951
3097 4 3 1 1 0 631 1484 566 1485
3098 4 3 1 1 0 2076 1262 1454 1288
3099 4 3 1 1 0 1724 249 1769 1031
3100 4 3 1 1 0 588 579 583 1501
3101 4 3 1 1 0 1023 1569 1641 1861
3102 4 3 1 1 0 1437 1931 1495 1438
3103 4 3 1 1 0 1490 2162 572 567
3104 4 3 1 1 0 1484 563 566 2157
3105 4 3 1 1 0 120 2146 929 1463
3106 4 3 1 1 0 1322 1316 1988 1314
3107 4 3 1 1 0 1225 83 308 1224
3108 4 3 1 1 0 2016 1188 1207 357
3109 4 3 1 1 0 919 1212 921 924
3110 4 3 1 1 0 638 602 2015 2027
3111 4 3 1 1 0 631 1488 1485 570
3112 4 3 1 1 0 1487 1485 1955 2161
3113 4 3 1 1 0 1288 558 2028 2076
3114 4 3 1 1 0 1276 58 1279 1212
3115 4 3 1 1 0 1299 1742 1741 1884
3116 4 3 1 1 0 2154 1879 1477 2155
3117 4 3 1 1 0 2126 653 590 576
3118 4 3 1 1 0 2146 120 929 119
3119 4 3 1 1 0 545 2125 612 620
3120 4 3 1 1 0 2086 636 1456 2144
3121 4 3 1 1 0 1844 1392 2091 2087
3122 4 3 1 1 0 980 214 210 204
3123 4 3 1 1 0 2159 1205 1486 1511
3124 4 3 1 1 0 704 749 719 1450
3125 4 3 1 1 0 63 2002 420 2067
3126 4 3 1 1 0 63 62 2067 420
3127 4 3 1 1 0 1951 26 1954 927
3128 4 3 1 1 0 974 1134 1144 1145
3129 4 3 1 1 0 636 551 609 1456
3130 4 3 1 1 0 1102 2198 1955 2215
3131 4 3 1 1 0 1542 1537 693 1540
3132 4 3 1 1 0 2101 104 1373 941
3133 4 3 1 1 0 2101 104 941 103
3134 4 3 1 1 0 1141 1146 1764 1145
3135 4 3 1 1 0 2076 1262 1288 558
3136 4 3 1 1 0 974 1141 1148 1768
3137 4 3 1 1 0 1054 677 1056 678
3138 4 3 1 1 0 1443 2125 618 2126
3139 4 3 1 1 0 1022 1525 2169 1564
3140 4 3 1 1 0 1299 1297 1741 1742
3141 4 3 1 1 0 2169 1862 1538 1564
3142 4 3 1 1 0 606 2240 133 2257
3143 4 3 1 1 0 1965 1297 1299 1742
3144 4 3 1 1 0 26 927 27 1954
3145 4 3 1 1 0 1666 1664 1667 958
3146 4 3 1 1 0 483 518 418 1208
3147 4 3 1 1 0 1270 486 2025 1210
3148 4 3 1 1 0 1675 2119 1717 1818
3149 4 3 1 1 0 744 2240 133 669
3150 4 3 1 1 0 1672 1664 1666 958
3151 4 3 1 1 0 2094 1811 1579 1378
3152 4 3 1 1 0 1428 1665 2124 1380
3153 4 3 1 1 0 2179 2178 1588 1586
3154 4 3 1 1 0 1632 1759 1633 1654
3155 4 3 1 1 0 2194 1599 1762 1622
3156 4 3 1 1 0 744 133 2257 134
3157 4 3 1 1 0 1093 1947 1946 1099
3158 4 3 1 1 0 1076 1627 1101 1924
3159 4 3 1 1 0 156 851 1252 2054
3160 4 3 1 1 0 2189 830 1621 2188
3161 4 3 1 1 0 647 2145 594 614
3162 4 3 1 1 0 2182 1596 878 2183
3163 4 3 1 1 0 1083 2193 1613 1616
3164 4 3 1 1 0 1460 1076 1627 1101
3165 4 3 1 1 0 744 2240 669 1449
3166 4 3 1 1 0 1917 1061 1596 1621
3167 4 3 1 1 0 1611 1000 1430 1833
3168 4 3 1 1 0 2130 596 581 626
3169 4 3 1 1 0 1129 1125 975 1095
3170 4 3 1 1 0 1083 1616 1929 1620
3171 4 3 1 1 0 881 2183 878 848
3172 4 3 1 1 0 1125 1767 975 1095
3173 4 3 1 1 0 2064 1267 2062 2061
3174 4 3 1 1 0 1618 2199 1612 1090
3175 4 3 1 1 0 1986 126 127 915
3176 4 3 1 1 0 1584 2138 1175 1176
3177 4 3 1 1 0 1448 744 1449 2257
3178 4 3 1 1 0 1470 2209 1026 1737
3179 4 3 1 1 0 989 1077 1938 1089
3180 4 3 1 1 0 2050 1254 2059 2054
3181 4 3 1 1 0 1080 1855 1907 1909
3182 4 3 1 1 0 1645 1746 1735 1646
3183 4 3 1 1 0 1595 1605 1674 1608
3184 4 3 1 1 0 1767 1949 1859 1167
3185 4 3 1 1 0 955 1167 1155 1949
3186 4 3 1 1 0 1350 876 1576 1575
3187 4 3 1 1 0 70 2238 378 292
3188 4 3 1 1 0 2104 49 50 947
3189 4 3 1 1 0 2078 1584 1979 1940
3190 4 3 1 1 0 1049 908 909 910
3191 4 3 1 1 0 1066 1057 985 992
3192 4 3 1 1 0 1051 1081 1053 1908
3193 4 3 1 1 0 1051 1910 1935 1085
3194 4 3 1 1 0 1412 1715 1425 2121
3195 4 3 1 1 0 1085 90 415 1389
3196 4 3 1 1 0 1168 517 1910 1086
3197 4 3 1 1 0 1502 1728 1733 1730
3198 4 3 1 1 0 1122 640 1773 979
3199 4 3 1 1 0 246 1121 230 1104
3200 4 3 1 1 0 2199 1658 1179 1941
3201 4 3 1 1 0 256 1103 223 271
3202 4 3 1 1 0 791 849 2051 866
3203 4 3 1 1 0 1265 846 2057 1350
3204 4 3 1 1 0 1825 1282 1289 1286
3205 4 3 1 1 0 2198 2215 1732 1955
3206 4 3 1 1 0 1033 1890 1047 1934
3207 4 3 1 1 0 732 1088 760 1079
3208 4 3 1 1 0 1395 3 430 93
3209 4 3 1 1 0 1020 1720 1718 1836
3210 4 3 1 1 0 1965 1131 2210 1884
3211 4 3 1 1 0 1951 926 26 927
3212 4 3 1 1 0 1760 1461 1164 1501
3213 4 3 1 1 0 1764 981 1780 1150
3214 4 3 1 1 0 1165 1171 1137 1009
3215 4 3 1 1 0 92 1395 3 430
3216 4 3 1 1 0 1400 1389 1391 1395
3217 4 3 1 1 0 2256 676 1362 1354
3218 4 3 1 1 0 457 449 504 1069
3219 4 3 1 1 0 172 1890 1035 280
3220 4 3 1 1 0 1769 249 977 251
3221 4 3 1 1 0 1954 925 927 930
3222 4 3 1 1 0 246 1104 1772 1121
3223 4 3 1 1 0 676 2284 96 728
3224 4 3 1 1 0 762 1515 1349 703
3225 4 3 1 1 0 1458 636 1456 551
3226 4 3 1 1 0 1471 2141 1469 2216
3227 4 3 1 1 0 676 140 2256 1362
3228 4 3 1 1 0 676 2284 728 1354
3229 4 3 1 1 0 227 1888 1071 1032
3230 4 3 1 1 0 1016 2174 1557 1866
3231 4 3 1 1 0 1728 972 1502 1733
3232 4 3 1 1 0 676 9 96 2256
3233 4 3 1 1 0 984 1797 1675 1666
3234 4 3 1 1 0 2201 1944 1661 1656
3235 4 3 1 1 0 1312 331 1309 338
3236 4 3 1 1 0 1399 1998 1236 1820
3237 4 3 1 1 0 2109 1006 1852 1814
3238 4 3 1 1 0 207 976 1031 1149
3239 4 3 1 1 0 1785 1005 2218 1750
3240 4 3 1 1 0 1933 2155 1477 1879
3241 4 3 1 1 0 1135 201 197 1140
3242 4 3 1 1 0 1420 1810 1811 1357
3243 4 3 1 1 0 1730 1728 1729 967
3244 4 3 1 1 0 676 9 2256 140
3245 4 3 1 1 0 1585 159 913 158
3246 4 3 1 1 0 2078 1992 1340 2083
3247 4 3 1 1 0 2251 36 145 1048
3248 4 3 1 1 0 1849 957 1650 1651
3249 4 3 1 1 0 1843 1703 1871 1835
3250 4 3 1 1 0 450 455 456 1382
3251 4 3 1 1 0 167 2099 1073 944
3252 4 3 1 1 0 177 2273 48 19
3253 4 3 1 1 0 1048 2255 1431 1890
3254 4 3 1 1 0 1171 1706 1701 1172
3255 4 3 1 1 0 1910 1168 1935 1085
3256 4 3 1 1 0 194 1134 196 195
3257 4 3 1 1 0 935 2255 1431 931
3258 4 3 1 1 0 931 35 2255 1048
3259 4 3 1 1 0 222 976 1120 1118
3260 4 3 1 1 0 201 200 197 1140
3261 4 3 1 1 0 931 35 34 2255
3262 4 3 1 1 0 188 190 1125 1046
3263 4 3 1 1 0 1422 1158 1802 1851
3264 4 3 1 1 0 1048 1431 2255 931
3265 4 3 1 1 0 1779 1777 1947 1774
3266 4 3 1 1 0 2281 245 1065 274
3267 4 3 1 1 0 1575 2190 1609 1833
3268 4 3 1 1 0 2286 175 2239 54
3269 4 3 1 1 0 2179 2178 1808 1578
3270 4 3 1 1 0 1591 1089 1596 2183
3271 4 3 1 1 0 1381 798 105 865
3272 4 3 1 1 0 2254 153 18 798
3273 4 3 1 1 0 739 670 145 1048
3274 4 3 1 1 0 2254 153 104 18
3275 4 3 1 1 0 1933 1912 1911 1084
3276 4 3 1 1 0 18 2254 798 105
3277 4 3 1 1 0 2254 1381 1373 798
3278 4 3 1 1 0 1965 1558 2210 1131
3279 4 3 1 1 0 62 2025 2067 513
3280 4 3 1 1 0 2025 513 62 61
3281 4 3 1 1 0 1496 2147 594 1441
3282 4 3 1 1 0 1750 1005 1788 2224
3283 4 3 1 1 0 72 2253 307 4
3284 4 3 1 1 0 1230 1231 1229 734
3285 4 3 1 1 0 1369 2122 1380 1671
3286 4 3 1 1 0 4 157 794 2253
3287 4 3 1 1 0 1240 326 327 321
3288 4 3 1 1 0 1338 393 1344 381
3289 4 3 1 1 0 2147 2145 594 1441
3290 4 3 1 1 0 1581 829 2080 1619
3291 4 3 1 1 0 1833 1430 1611 1609
3292 4 3 1 1 0 1000 2177 1832 1833
3293 4 3 1 1 0 400 377 1271 2067
3294 4 3 1 1 0 1332 1330 1312 331
3295 4 3 1 1 0 2040 2244 1228 1231
3296 4 3 1 1 0 2060 1293 1256 773
3297 4 3 1 1 0 1281 1256 1293 763
3298 4 3 1 1 0 1079 1522 1523 764
3299 4 3 1 1 0 1250 307 1251 2253
3300 4 3 1 1 0 2217 1506 2164 1755
3301 4 3 1 1 0 1482 1492 1734 1755
3302 4 3 1 1 0 157 1250 794 2253
3303 4 3 1 1 0 1506 1734 2164 1755
3304 4 3 1 1 0 1347 1263 1183 1990
3305 4 3 1 1 0 1710 2212 1704 1893
3306 4 3 1 1 0 820 1613 1616 2192
3307 4 3 1 1 0 1305 1302 1187 1346
3308 4 3 1 1 0 381 326 334 1344
3309 4 3 1 1 0 1570 2252 1443 1434
3310 4 3 1 1 0 1304 2070 1307 1301
3311 4 3 1 1 0 2158 2018 1499 585
3312 4 3 1 1 0 1350 2057 2055 890
3313 4 3 1 1 0 673 2252 1434 148
3314 4 3 1 1 0 15 2252 673 148
3315 4 3 1 1 0 1278 1332 1277 1312
3316 4 3 1 1 0 326 381 323 1320
3317 4 3 1 1 0 1299 1302 1967 1346
3318 4 3 1 1 0 1617 2178 991 1586
3319 4 3 1 1 0 1087 1937 1809 1574
3320 4 3 1 1 0 1613 1600 2192 2188
3321 4 3 1 1 0 227 1888 1032 283
3322 4 3 1 1 0 2111 1423 1424 1393
3323 4 3 1 1 0 1271 2066 2067 1269
3324 4 3 1 1 0 2252 15 673 136
3325 4 3 1 1 0 1067 1062 1573 1920
3326 4 3 1 1 0 745 2252 673 136
3327 4 3 1 1 0 438 1404 440 1401
3328 4 3 1 1 0 139 920 140 1362
3329 4 3 1 1 0 920 139 1333 1362
3330 4 3 1 1 0 1863 1886 1868 2174
3331 4 3 1 1 0 92 2282 1389 908
3332 4 3 1 1 0 1928 1901 1522 1080
3333 4 3 1 1 0 1403 443 440 442
3334 4 3 1 1 0 1389 908 91 92
3335 4 3 1 1 0 2049 64 2002 431
3336 4 3 1 1 0 64 2002 431 63
3337 4 3 1 1 0 1388 1000 1832 1430
3338 4 3 1 1 0 1847 1781 1629 1592
3339 4 3 1 1 0 2101 1427 1373 490
3340 4 3 1 1 0 127 1207 1986 914
3341 4 3 1 1 0 127 1207 914 128
3342 4 3 1 1 0 687 1531 686 1535
3343 4 3 1 1 0 1833 2190 1611 1916
3344 4 3 1 1 0 1072 933 146 147
3345 4 3 1 1 0 1465 1613 1925 2192
3346 4 3 1 1 0 115 1431 114 934
3347 4 3 1 1 0 2171 1538 1543 1513
3348 4 3 1 1 0 783 1525 725 1524
3349 4 3 1 1 0 1589 1087 1783 1059
3350 4 3 1 1 0 2217 1497 1506 1754
3351 4 3 1 1 0 1338 393 381 336
3352 4 3 1 1 0 1479 637 634 2140
3353 4 3 1 1 0 1321 382 1314 321
3354 4 3 1 1 0 1462 2128 1441 1436
3355 4 3 1 1 0 2026 59 923 60
3356 4 3 1 1 0 559 557 560 1479
3357 4 3 1 1 0 1645 1728 1735 1746
3358 4 3 1 1 0 1212 2026 59 923
3359 4 3 1 1 0 138 921 139 1333
3360 4 3 1 1 0 1123 1963 1773 1964
3361 4 3 1 1 0 959 1160 1104 1161
3362 4 3 1 1 0 936 35 1048 36
3363 4 3 1 1 0 1866 2173 1556 1539
3364 4 3 1 1 0 591 575 1494 1505
3365 4 3 1 1 0 1307 1301 2084 1315
3366 4 3 1 1 0 670 2251 145 1048
3367 4 3 1 1 0 1857 265 1030 1095
3368 4 3 1 1 0 1945 1840 1652 1749
3369 4 3 1 1 0 2187 1918 1597 1807
3370 4 3 1 1 0 1682 1687 1697 1688
3371 4 3 1 1 0 1339 1626 1340 1185
3372 4 3 1 1 0 2251 670 145 14
3373 4 3 1 1 0 1919 804 856 906
3374 4 3 1 1 0 2222 1774 1779 1776
3375 4 3 1 1 0 2054 302 68 17
3376 4 3 1 1 0 2054 302 17 2267
3377 4 3 1 1 0 1943 2083 1091 1992
3378 4 3 1 1 0 364 1223 2038 2031
3379 4 3 1 1 0 1558 1565 2210 1691
3380 4 3 1 1 0 1332 1276 1278 1277
3381 4 3 1 1 0 2250 549 12 120
3382 4 3 1 1 0 1873 1528 2013 2042
3383 4 3 1 1 0 704 1542 697 700
3384 4 3 1 1 0 2250 120 1463 549
3385 4 3 1 1 0 1223 1218 1273 1966
3386 4 3 1 1 0 1560 1548 1873 1559
3387 4 3 1 1 0 1539 1548 1544 2173
3388 4 3 1 1 0 295 2266 1204 2249
3389 4 3 1 1 0 1423 1393 1561 1424
3390 4 3 1 1 0 1023 1641 1642 1861
3391 4 3 1 1 0 539 2285 616 1202
3392 4 3 1 1 0 539 2285 1202 2249
3393 4 3 1 1 0 2271 41 1 178
3394 4 3 1 1 0 295 2266 2249 78
3395 4 3 1 1 0 1658 1656 1651 1944
3396 4 3 1 1 0 1204 1202 2249 539
3397 4 3 1 1 0 427 1381 1373 2254
3398 4 3 1 1 0 1296 1340 1091 2083
3399 4 3 1 1 0 79 78 2249 539
3400 4 3 1 1 0 786 2150 2148 892
3401 4 3 1 1 0 150 151 1243 952
3402 4 3 1 1 0 979 548 1123 2248
3403 4 3 1 1 0 184 2280 979 2248
3404 4 3 1 1 0 1079 1042 1012 1038
3405 4 3 1 1 0 1098 1950 1951 1952
3406 4 3 1 1 0 1943 1296 1091 2083
3407 4 3 1 1 0 2248 1123 117 548
3408 4 3 1 1 0 1602 1807 2187 1847
3409 4 3 1 1 0 117 2248 548 10
3410 4 3 1 1 0 1338 393 336 1191
3411 4 3 1 1 0 1445 1444 2137 2133
3412 4 3 1 1 0 823 830 816 2188
3413 4 3 1 1 0 1820 1714 2115 1830
3414 4 3 1 1 0 1103 1952 1634 1953
3415 4 3 1 1 0 184 2280 2248 29
3416 4 3 1 1 0 1730 1502 1731 1733
3417 4 3 1 1 0 2248 548 10 29
3418 4 3 1 1 0 1724 963 1024 1031
3419 4 3 1 1 0 1580 163 1951 928
3420 4 3 1 1 0 200 258 1150 1140
3421 4 3 1 1 0 1099 1112 1093 1947
3422 4 3 1 1 0 1687 1868 2226 1885
3423 4 3 1 1 0 2035 129 554 130
3424 4 3 1 1 0 1580 163 928 162
3425 4 3 1 1 0 1569 1860 1911 1014
3426 4 3 1 1 0 1497 971 1506 1754
3427 4 3 1 1 0 1912 1911 1913 1014
3428 4 3 1 1 0 332 333 396 1286
3429 4 3 1 1 0 150 953 2144 149
3430 4 3 1 1 0 1198 2011 1300 1302
3431 4 3 1 1 0 1365 1364 1411 1372
3432 4 3 1 1 0 1632 1759 1654 1627
3433 4 3 1 1 0 1279 58 57 924
3434 4 3 1 1 0 2122 1369 1368 2100
3435 4 3 1 1 0 1413 1401 1406 2121
3436 4 3 1 1 0 1637 1644 2197 2196
3437 4 3 1 1 0 968 2205 2204 2206
3438 4 3 1 1 0 1915 1619 1060 1624
3439 4 3 1 1 0 1037 1710 1704 1893
3440 4 3 1 1 0 58 1212 924 1279
3441 4 3 1 1 0 1690 1027 1742 1883
3442 4 3 1 1 0 955 1143 1768 1133
3443 4 3 1 1 0 2211 1131 1886 1694
3444 4 3 1 1 0 1225 83 1224 950
3445 4 3 1 1 0 1225 83 950 84
3446 4 3 1 1 0 1226 1218 2030 1297
3447 4 3 1 1 0 1541 2226 2170 1557
3448 4 3 1 1 0 1341 1293 2013 1874
3449 4 3 1 1 0 180 2281 1067 2247
3450 4 3 1 1 0 1129 975 1133 1095
3451 4 3 1 1 0 1708 2221 1158 2219
3452 4 3 1 1 0 1143 1134 1768 1133
3453 4 3 1 1 0 20 2281 53 180
3454 4 3 1 1 0 1715 2213 2114 1817
3455 4 3 1 1 0 1806 1061 1917 1632
3456 4 3 1 1 0 20 2281 180 2247
3457 4 3 1 1 0 189 1036 1107 1046
3458 4 3 1 1 0 1054 1011 1013 1912
3459 4 3 1 1 0 525 498 1368 419
3460 4 3 1 1 0 1856 1858 1124 1891
3461 4 3 1 1 0 1147 1134 974 1143
3462 4 3 1 1 0 1985 2202 1969 1838
3463 4 3 1 1 0 1306 1304 1307 1314
3464 4 3 1 1 0 2127 2217 2216 1756
3465 4 3 1 1 0 1599 1061 1622 1627
3466 4 3 1 1 0 578 579 1461 573
3467 4 3 1 1 0 143 1049 142 909
3468 4 3 1 1 0 1080 1855 1079 1042
3469 4 3 1 1 0 1603 1618 1612 1090
3470 4 3 1 1 0 2282 141 742 142
3471 4 3 1 1 0 995 2092 2120 1815
3472 4 3 1 1 0 664 143 729 1902
3473 4 3 1 1 0 1789 1785 1750 1786
3474 4 3 1 1 0 965 600 1726 1113
3475 4 3 1 1 0 1045 1056 186 174
3476 4 3 1 1 0 143 142 1049 1902
3477 4 3 1 1 0 2045 81 305 22
3478 4 3 1 1 0 2025 428 61 2026
3479 4 3 1 1 0 1079 1855 1080 1909
3480 4 3 1 1 0 1225 1243 1517 730
3481 4 3 1 1 0 935 2255 931 34
3482 4 3 1 1 0 8 428 2026 61
3483 4 3 1 1 0 1678 1759 1475 1760
3484 4 3 1 1 0 8 428 100 2026
3485 4 3 1 1 0 538 2272 645 31
3486 4 3 1 1 0 1146 974 1144 1145
3487 4 3 1 1 0 1112 1779 1774 1159
3488 4 3 1 1 0 184 2248 10 29
3489 4 3 1 1 0 1987 126 2137 621
3490 4 3 1 1 0 33 1024 250 2153
3491 4 3 1 1 0 1551 1866 1016 1539
3492 4 3 1 1 0 964 1118 1648 976
3493 4 3 1 1 0 31 30 538 2246
3494 4 3 1 1 0 1906 1008 1707 1039
3495 4 3 1 1 0 999 1717 1676 1405
3496 4 3 1 1 0 955 1637 1641 1130
3497 4 3 1 1 0 1672 984 1793 1794
3498 4 3 1 1 0 1921 1888 1802 1170
3499 4 3 1 1 0 1899 2009 1905 1200
3500 4 3 1 1 0 2173 1558 1560 2174
3501 4 3 1 1 0 2246 624 30 538
3502 4 3 1 1 0 1635 1958 1917 1111
3503 4 3 1 1 0 1061 1599 1762 1918
3504 4 3 1 1 0 1571 842 867 1463
3505 4 3 1 1 0 2246 2280 236 30
3506 4 3 1 1 0 976 973 1031 1149
3507 4 3 1 1 0 1950 868 904 796
3508 4 3 1 1 0 1915 2177 1290 1916
3509 4 3 1 1 0 538 2272 31 2246
3510 4 3 1 1 0 1273 1563 1966 1218
3511 4 3 1 1 0 1004 1845 1847 1846
3512 4 3 1 1 0 851 155 1252 791
3513 4 3 1 1 0 1238 2049 2048 2002
3514 4 3 1 1 0 438 1401 510 1402
3515 4 3 1 1 0 2022 1332 1211 1197
3516 4 3 1 1 0 1170 985 1106 1801
3517 4 3 1 1 0 759 2265 666 1045
3518 4 3 1 1 0 1829 1668 1675 1717
3519 4 3 1 1 0 2245 2265 174 39
3520 4 3 1 1 0 1370 2099 2095 1074
3521 4 3 1 1 0 2100 473 1363 1368
3522 4 3 1 1 0 1964 1773 1772 1126
3523 4 3 1 1 0 858 851 2055 1252
3524 4 3 1 1 0 1617 2124 822 1430
3525 4 3 1 1 0 1321 333 1287 337
3526 4 3 1 1 0 1016 2174 1866 1551
3527 4 3 1 1 0 2060 1231 1256 2012
3528 4 3 1 1 0 1045 1078 759 2245
3529 4 3 1 1 0 2245 1078 759 674
3530 4 3 1 1 0 39 2245 759 40
3531 4 3 1 1 0 2245 674 759 40
3532 4 3 1 1 0 1010 1081 1042 1107
3533 4 3 1 1 0 502 1385 1085 1377
3534 4 3 1 1 0 1374 1801 2104 1888
3535 4 3 1 1 0 1033 2155 1879 1432
3536 4 3 1 1 0 1265 1294 1342 1267
3537 4 3 1 1 0 1690 1883 1481 1027
3538 4 3 1 1 0 1879 1513 1432 2154
3539 4 3 1 1 0 1514 750 1516 705
3540 4 3 1 1 0 44 1910 43 911
3541 4 3 1 1 0 1585 1174 1184 1976
3542 4 3 1 1 0 1139 1108 233 1081
3543 4 3 1 1 0 2143 1526 1543 1452
3544 4 3 1 1 0 1392 2168 2087 1844
3545 4 3 1 1 0 244 1908 1910 1053
3546 4 3 1 1 0 1715 1817 2114 1406
3547 4 3 1 1 0 1908 43 1910 911
3548 4 3 1 1 0 2144 131 949 2085
3549 4 3 1 1 0 975 1766 1125 1854
3550 4 3 1 1 0 1751 1750 1791 2224
3551 4 3 1 1 0 708 1450 1540 1452
3552 4 3 1 1 0 1553 1871 1835 1568
3553 4 3 1 1 0 1693 1132 2207 1686
3554 4 3 1 1 0 949 2085 131 130
3555 4 3 1 1 0 1371 1418 458 503
3556 4 3 1 1 0 1261 2085 555 2086
3557 4 3 1 1 0 1349 770 737 1227
3558 4 3 1 1 0 755 707 1564 709
3559 4 3 1 1 0 1699 1156 1853 1780
3560 4 3 1 1 0 1547 698 752 691
3561 4 3 1 1 0 2168 1876 1554 1355
3562 4 3 1 1 0 1534 2169 1569 1860
3563 4 3 1 1 0 285 269 247 1052
3564 4 3 1 1 0 2088 1352 521 1390
3565 4 3 1 1 0 974 1134 1768 1143
3566 4 3 1 1 0 1016 1866 1542 1539
3567 4 3 1 1 0 1052 42 170 1908
3568 4 3 1 1 0 1231 293 2274 410
3569 4 3 1 1 0 1569 1047 1647 1167
3570 4 3 1 1 0 1043 291 269 241
3571 4 3 1 1 0 1526 725 1525 1564
3572 4 3 1 1 0 2265 1056 1045 174
3573 4 3 1 1 0 1725 1727 657 1726
3574 4 3 1 1 0 293 2274 410 367
3575 4 3 1 1 0 667 2270 766 86
3576 4 3 1 1 0 87 86 2244 667
3577 4 3 1 1 0 1700 1137 961 1139
3578 4 3 1 1 0 1228 1231 2244 667
3579 4 3 1 1 0 1624 2199 1940 1090
3580 4 3 1 1 0 667 2270 86 2244
3581 4 3 1 1 0 137 7 2243 671
3582 4 3 1 1 0 1786 1745 1749 1735
3583 4 3 1 1 0 2215 1732 1955 1731
3584 4 3 1 1 0 1010 1081 1107 1108
3585 4 3 1 1 0 137 671 2243 1279
3586 4 3 1 1 0 1373 154 941 153
3587 4 3 1 1 0 154 1244 1373 941
3588 4 3 1 1 0 1918 2194 1614 1598
3589 4 3 1 1 0 1112 1774 980 1159
3590 4 3 1 1 0 2063 2242 870 1251
3591 4 3 1 1 0 1059 1087 1784 1937
3592 4 3 1 1 0 1163 1759 2203 1161
3593 4 3 1 1 0 1061 2189 1918 1597
3594 4 3 1 1 0 72 870 1251 794
3595 4 3 1 1 0 2063 784 870 2242
3596 4 3 1 1 0 588 966 1472 1501
3597 4 3 1 1 0 1970 974 1143 1147
3598 4 3 1 1 0 71 2242 72 870
3599 4 3 1 1 0 1971 2203 1746 1646
3600 4 3 1 1 0 2128 639 594 1496
3601 4 3 1 1 0 1482 2162 2157 1485
3602 4 3 1 1 0 1251 72 399 2242
3603 4 3 1 1 0 1263 1983 2229 1351
3604 4 3 1 1 0 1699 1700 1137 961
3605 4 3 1 1 0 2242 784 870 71
3606 4 3 1 1 0 729 1049 1522 1902
3607 4 3 1 1 0 1566 1550 1876 1875
3608 4 3 1 1 0 2241 852 108 1363
3609 4 3 1 1 0 2098 2241 787 1368
3610 4 3 1 1 0 2098 2241 1368 1363
3611 4 3 1 1 0 637 1262 1439 1479
3612 4 3 1 1 0 1687 1878 1683 1693
3613 4 3 1 1 0 309 364 2031 312
3614 4 3 1 1 0 293 2270 86 370
3615 4 3 1 1 0 107 852 108 2241
3616 4 3 1 1 0 107 852 2241 787
3617 4 3 1 1 0 1631 832 1621 1938
3618 4 3 1 1 0 1641 1753 1638 1023
3619 4 3 1 1 0 1206 372 344 407
3620 4 3 1 1 0 669 1458 2240 149
3621 4 3 1 1 0 79 78 295 2249
3622 4 3 1 1 0 1978 1986 1975 1976
3623 4 3 1 1 0 24 2240 149 669
3624 4 3 1 1 0 1163 959 1681 1164
3625 4 3 1 1 0 1982 1180 2019 1174
3626 4 3 1 1 0 721 1526 1452 709
3627 4 3 1 1 0 2078 1174 1291 1184
3628 4 3 1 1 0 2209 1026 1688 1692
3629 4 3 1 1 0 1227 1223 2038 2040
3630 4 3 1 1 0 1678 959 1163 1164
3631 4 3 1 1 0 121 869 122 2148
3632 4 3 1 1 0 755 1533 725 1564
3633 4 3 1 1 0 2213 1717 1713 999
3634 4 3 1 1 0 870 2064 2063 1251
3635 4 3 1 1 0 869 121 792 2148
3636 4 3 1 1 0 1231 1221 1228 2040
3637 4 3 1 1 0 937 2101 1244 941
3638 4 3 1 1 0 1230 702 701 1528
3639 4 3 1 1 0 1198 1299 1965 1273
3640 4 3 1 1 0 2101 102 103 937
3641 4 3 1 1 0 1065 1077 785 2239
3642 4 3 1 1 0 1270 486 1210 514
3643 4 3 1 1 0 785 859 55 2239
3644 4 3 1 1 0 785 2286 862 1065
3645 4 3 1 1 0 1341 1529 2072 1311
3646 4 3 1 1 0 2022 2230 2010 1280
3647 4 3 1 1 0 1723 1899 1898 1903
3648 4 3 1 1 0 1153 1778 981 1151
3649 4 3 1 1 0 1077 785 2239 859
3650 4 3 1 1 0 1341 2074 1874 1903
3651 4 3 1 1 0 2286 175 54 274
3652 4 3 1 1 0 785 54 2239 55
3653 4 3 1 1 0 1018 711 702 706
3654 4 3 1 1 0 58 919 1212 59
3655 4 3 1 1 0 891 2267 799 69
3656 4 3 1 1 0 1678 1475 1164 1760
3657 4 3 1 1 0 784 2238 2061 891
3658 4 3 1 1 0 1760 1678 1163 1164
3659 4 3 1 1 0 740 708 1450 749
3660 4 3 1 1 0 704 718 1476 719
3661 4 3 1 1 0 1742 1027 1884 2210
3662 4 3 1 1 0 1661 1944 1179 1838
3663 4 3 1 1 0 891 2061 2056 2238
3664 4 3 1 1 0 1883 1882 1481 1027
3665 4 3 1 1 0 1337 1341 2072 1311
3666 4 3 1 1 0 2201 1944 1656 1658
3667 4 3 1 1 0 2013 1293 1199 2043
3668 4 3 1 1 0 2202 1944 1838 1179
3669 4 3 1 1 0 1392 2111 1393 2091
3670 4 3 1 1 0 2238 2269 292 70
3671 4 3 1 1 0 1528 2013 2042 1230
3672 4 3 1 1 0 1606 1601 1603 1581
3673 4 3 1 1 0 69 891 2238 70
3674 4 3 1 1 0 2064 2065 2061 2063
3675 4 3 1 1 0 1984 1827 1339 1828
3676 4 3 1 1 0 1944 1658 1179 1659
3677 4 3 1 1 0 846 1266 1350 1265
3678 4 3 1 1 0 891 2267 69 2238
3679 4 3 1 1 0 2237 128 76 1207
3680 4 3 1 1 0 1659 1658 1179 2199
3681 4 3 1 1 0 1566 1018 1550 1875
3682 4 3 1 1 0 1207 2016 2237 550
3683 4 3 1 1 0 1293 711 702 1018
3684 4 3 1 1 0 2016 613 2237 550
3685 4 3 1 1 0 1263 1980 1983 1317
3686 4 3 1 1 0 880 1617 1380 833
3687 4 3 1 1 0 1624 1626 1342 1294
3688 4 3 1 1 0 77 5 2237 550
3689 4 3 1 1 0 821 1430 1575 1609
3690 4 3 1 1 0 1398 1270 2067 2066
3691 4 3 1 1 0 2237 128 5 76
3692 4 3 1 1 0 613 77 2237 550
3693 4 3 1 1 0 1980 1177 1941 2201
3694 4 3 1 1 0 901 2055 1350 1253
3695 4 3 1 1 0 154 155 1252 940
3696 4 3 1 1 0 98 1362 496 97
3697 4 3 1 1 0 1049 912 143 144
3698 4 3 1 1 0 144 1049 912 1909
3699 4 3 1 1 0 1024 34 935 33
3700 4 3 1 1 0 2109 1006 1814 1422
3701 4 3 1 1 0 1711 1799 1839 1195
3702 4 3 1 1 0 935 1024 33 2153
3703 4 3 1 1 0 402 350 1211 380
3704 4 3 1 1 0 677 37 2236 38
3705 4 3 1 1 0 500 472 529 1359
3706 4 3 1 1 0 177 252 1032 283
3707 4 3 1 1 0 1066 1071 1140 213
3708 4 3 1 1 0 1053 1009 1051 1910
3709 4 3 1 1 0 1168 1085 1385 1935
3710 4 3 1 1 0 2236 670 37 677
3711 4 3 1 1 0 1054 677 2236 1056
3712 4 3 1 1 0 1888 226 1105 254
3713 4 3 1 1 0 232 1009 1139 1081
3714 4 3 1 1 0 2235 726 94 668
3715 4 3 1 1 0 350 349 2023 1258
3716 4 3 1 1 0 1820 1830 1326 1826
3717 4 3 1 1 0 1276 1277 2022 2075
3718 4 3 1 1 0 1427 490 478 528
3719 4 3 1 1 0 1276 1332 2022 1277
3720 4 3 1 1 0 2107 843 895 2108
3721 4 3 1 1 0 666 677 1056 2236
3722 4 3 1 1 0 2109 1852 1842 1414
3723 4 3 1 1 0 350 1258 1211 380
3724 4 3 1 1 0 2236 2251 182 37
3725 4 3 1 1 0 677 666 38 2236
3726 4 3 1 1 0 1352 1353 668 2235
3727 4 3 1 1 0 1353 668 95 728
3728 4 3 1 1 0 1542 1866 1016 1557
3729 4 3 1 1 0 2149 540 123 122
3730 4 3 1 1 0 2235 94 95 668
3731 4 3 1 1 0 2235 2288 482 94
3732 4 3 1 1 0 1464 1931 1473 1437
3733 4 3 1 1 0 2235 2288 1352 482
3734 4 3 1 1 0 2234 13 553 32
3735 4 3 1 1 0 1495 1487 1955 2161
3736 4 3 1 1 0 1753 1880 1865 1023
3737 4 3 1 1 0 309 310 311 2032
3738 4 3 1 1 0 309 310 2032 2029
3739 4 3 1 1 0 2215 2198 1736 1657
3740 4 3 1 1 0 705 750 1516 762
3741 4 3 1 1 0 2234 977 553 2153
3742 4 3 1 1 0 1226 1233 2030 2032
3743 4 3 1 1 0 1930 2228 1437 1500
3744 4 3 1 1 0 161 120 1463 2250
3745 4 3 1 1 0 1029 1543 1540 1452
3746 4 3 1 1 0 1450 1540 1542 700
3747 4 3 1 1 0 116 2234 553 2153
3748 4 3 1 1 0 1636 967 1508 1729
3749 4 3 1 1 0 2234 13 116 553
3750 4 3 1 1 0 1488 2158 1486 2159
3751 4 3 1 1 0 1123 930 1964 28
3752 4 3 1 1 0 2234 645 32 553
3753 4 3 1 1 0 1233 1203 2036 1189
3754 4 3 1 1 0 1487 627 569 574
3755 4 3 1 1 0 2147 580 1496 594
3756 4 3 1 1 0 1407 1417 962 1715
3757 4 3 1 1 0 1425 1703 1852 1423
3758 4 3 1 1 0 1542 1556 1539 1866
3759 4 3 1 1 0 1421 1356 1844 2091
3760 4 3 1 1 0 1544 2172 1869 1549
3761 4 3 1 1 0 2037 311 2032 312
3762 4 3 1 1 0 1226 1233 2032 2036
3763 4 3 1 1 0 1556 1539 692 697
3764 4 3 1 1 0 1224 1217 1225 1243
3765 4 3 1 1 0 2172 1528 1548 706
3766 4 3 1 1 0 1862 1537 1564 1533
3767 4 3 1 1 0 1529 2013 1199 2043
3768 4 3 1 1 0 394 378 2056 379
3769 4 3 1 1 0 1919 1089 1591 2183
3770 4 3 1 1 0 2193 1613 1616 1604
3771 4 3 1 1 0 2184 1591 1587 2182
3772 4 3 1 1 0 2234 2287 234 32
3773 4 3 1 1 0 1142 1985 1838 1661
3774 4 3 1 1 0 2233 1362 496 98
3775 4 3 1 1 0 1290 1285 1916 1283
3776 4 3 1 1 0 866 1576 837 2123
3777 4 3 1 1 0 2233 1362 1280 1360
3778 4 3 1 1 0 2233 1280 1362 922
3779 4 3 1 1 0 2190 2177 1915 1916
3780 4 3 1 1 0 1677 1793 1666 1797
3781 4 3 1 1 0 156 2054 17 799
3782 4 3 1 1 0 903 891 2056 861
3783 4 3 1 1 0 1294 1915 1624 1619
3784 4 3 1 1 0 922 1208 2233 1280
3785 4 3 1 1 0 2052 409 1994 1991
3786 4 3 1 1 0 1317 1313 1739 1323
3787 4 3 1 1 0 1489 1981 1500 2160
3788 4 3 1 1 0 99 98 922 2233
3789 4 3 1 1 0 1503 1981 2160 1176
3790 4 3 1 1 0 1214 2028 2015 2027
3791 4 3 1 1 0 1661 1985 1179 2201
3792 4 3 1 1 0 1987 1180 2165 1447
3793 4 3 1 1 0 1569 1047 1167 1014
3794 4 3 1 1 0 1558 2173 1560 1220
3795 4 3 1 1 0 603 1443 552 1434
3796 4 3 1 1 0 1181 1318 1336 1247
3797 4 3 1 1 0 1208 99 922 2233
3798 4 3 1 1 0 1222 1217 1243 1219
3799 4 3 1 1 0 986 1778 1057 1058
3800 4 3 1 1 0 1841 1423 1835 1703
3801 4 3 1 1 0 1988 1322 1336 1316
3802 4 3 1 1 0 65 303 1249 16
3803 4 3 1 1 0 1451 1029 1887 2142
3804 4 3 1 1 0 1073 2232 2095 2093
3805 4 3 1 1 0 946 2232 1073 2093
3806 4 3 1 1 0 1448 2257 541 2289
3807 4 3 1 1 0 1012 1959 1856 1088
3808 4 3 1 1 0 688 1532 1535 686
3809 4 3 1 1 0 109 2232 944 110
3810 4 3 1 1 0 151 1225 1243 950
3811 4 3 1 1 0 946 2232 2093 110
3812 4 3 1 1 0 456 1168 1385 1382
3813 4 3 1 1 0 109 2232 2099 944
3814 4 3 1 1 0 1829 1799 1711 1195
3815 4 3 1 1 0 1389 90 91 910
3816 4 3 1 1 0 1730 1734 1508 2208
3817 4 3 1 1 0 1569 1534 1124 1861
3818 4 3 1 1 0 177 49 1889 19
3819 4 3 1 1 0 1864 1546 1865 1534
3820 4 3 1 1 0 1769 973 1169 1031
3821 4 3 1 1 0 1657 1662 1656 1651
3822 4 3 1 1 0 1655 1982 2229 1246
3823 4 3 1 1 0 950 1224 1225 1243
3824 4 3 1 1 0 1639 973 1119 956
3825 4 3 1 1 0 644 977 2153 553
3826 4 3 1 1 0 755 725 709 1564
3827 4 3 1 1 0 1971 1166 1639 1972
3828 4 3 1 1 0 151 1225 730 1243
3829 4 3 1 1 0 2180 863 788 894
3830 4 3 1 1 0 1157 1109 1957 1138
3831 4 3 1 1 0 2273 177 1889 19
3832 4 3 1 1 0 1107 269 233 1081
3833 4 3 1 1 0 1117 229 282 232
3834 4 3 1 1 0 2113 1260 1822 1259
3835 4 3 1 1 0 1376 1401 1402 510
3836 4 3 1 1 0 401 303 2048 368
3837 4 3 1 1 0 1822 2113 1259 1236
3838 4 3 1 1 0 2057 1254 1350 2055
3839 4 3 1 1 0 358 2058 2059 404
3840 4 3 1 1 0 1327 1347 2069 1298
3841 4 3 1 1 0 1349 1517 770 2039
3842 4 3 1 1 0 1204 1202 295 2249
3843 4 3 1 1 0 1319 2005 1326 1240
3844 4 3 1 1 0 2066 1398 2113 2001
3845 4 3 1 1 0 954 81 82 2035
3846 4 3 1 1 0 1050 1550 1384 723
3847 4 3 1 1 0 1933 1911 1047 1647
3848 4 3 1 1 0 1546 1870 1864 1863
3849 4 3 1 1 0 1352 1395 2088 521
3850 4 3 1 1 0 1085 534 1389 415
3851 4 3 1 1 0 2111 2112 1377 1386
3852 4 3 1 1 0 36 2251 145 14
3853 4 3 1 1 0 1641 1637 1753 2195
3854 4 3 1 1 0 972 2215 1761 1733
3855 4 3 1 1 0 2231 938 68 67
3856 4 3 1 1 0 2231 156 2054 68
3857 4 3 1 1 0 1911 1525 1933 1084
3858 4 3 1 1 0 1526 721 724 709
3859 4 3 1 1 0 539 2266 613 78
3860 4 3 1 1 0 1448 744 719 1449
3861 4 3 1 1 0 2231 938 2050 1252
3862 4 3 1 1 0 554 610 2046 555
3863 4 3 1 1 0 1343 1238 1236 1259
3864 4 3 1 1 0 2231 156 68 938
3865 4 3 1 1 0 1238 1343 1366 1259
3866 4 3 1 1 0 938 2231 2050 67
3867 4 3 1 1 0 1822 1343 1236 1259
3868 4 3 1 1 0 1702 1643 1698 1765
3869 4 3 1 1 0 1369 2098 2108 1368
3870 4 3 1 1 0 2184 2176 1572 804
3871 4 3 1 1 0 1078 1079 1909 1855
3872 4 3 1 1 0 1343 1822 1366 1259
3873 4 3 1 1 0 1996 2068 1275 2069
3874 4 3 1 1 0 1770 1122 979 640
3875 4 3 1 1 0 1432 2125 1431 1434
3876 4 3 1 1 0 1024 2255 34 172
3877 4 3 1 1 0 605 1466 2153 644
3878 4 3 1 1 0 1972 1147 980 1680
3879 4 3 1 1 0 1792 1702 1643 1698
3880 4 3 1 1 0 1005 1643 1698 1792
3881 4 3 1 1 0 1792 1702 1698 2220
3882 4 3 1 1 0 1770 1725 1771 1472
3883 4 3 1 1 0 1099 1093 1112 273
3884 4 3 1 1 0 2070 2011 1275 2069
3885 4 3 1 1 0 1528 1873 1548 1559
3886 4 3 1 1 0 263 1108 233 1139
3887 4 3 1 1 0 2013 1528 1873 1018
3888 4 3 1 1 0 1855 1036 1078 1012
3889 4 3 1 1 0 908 1049 1389 910
3890 4 3 1 1 0 1750 1789 1791 1788
3891 4 3 1 1 0 1204 651 601 613
3892 4 3 1 1 0 1905 2021 1376 2009
3893 4 3 1 1 0 1678 959 1104 1161
3894 4 3 1 1 0 1025 2153 1466 1724
3895 4 3 1 1 0 966 588 583 1501
3896 4 3 1 1 0 1205 601 1204 2017
3897 4 3 1 1 0 1726 977 553 645
3898 4 3 1 1 0 978 275 236 979
3899 4 3 1 1 0 963 1724 1169 1031
3900 4 3 1 1 0 1914 1058 1062 1057
3901 4 3 1 1 0 1283 1254 1244 1253
3902 4 3 1 1 0 1070 524 1068 471
3903 4 3 1 1 0 189 1043 241 291
3904 4 3 1 1 0 1754 1757 1638 1753
3905 4 3 1 1 0 1054 1055 1011 1912
3906 4 3 1 1 0 2127 1497 1513 1433
3907 4 3 1 1 0 1070 524 471 491
3908 4 3 1 1 0 1174 2078 1585 1184
3909 4 3 1 1 0 679 1088 680 760
3910 4 3 1 1 0 1942 1181 1336 1247
3911 4 3 1 1 0 253 2283 1109 2258
3912 4 3 1 1 0 1085 90 1389 911
3913 4 3 1 1 0 786 2150 2149 2148
3914 4 3 1 1 0 1244 939 1242 937
3915 4 3 1 1 0 1135 1136 1140 1853
3916 4 3 1 1 0 1174 1180 1585 2138
3917 4 3 1 1 0 399 2269 292 2063
3918 4 3 1 1 0 1249 1343 1242 1366
3919 4 3 1 1 0 1994 1185 1991 1993
3920 4 3 1 1 0 2029 309 2031 2032
3921 4 3 1 1 0 2077 1289 2058 2059
3922 4 3 1 1 0 858 851 1252 791
3923 4 3 1 1 0 939 2050 1244 1242
3924 4 3 1 1 0 1995 1825 1286 1182
3925 4 3 1 1 0 1316 1315 1318 1988
3926 4 3 1 1 0 1276 58 1212 296
3927 4 3 1 1 0 1820 1998 1334 1326
3928 4 3 1 1 0 428 2025 61 513
3929 4 3 1 1 0 1287 1336 337 343
3930 4 3 1 1 0 1345 1985 1323 1984
3931 4 3 1 1 0 2051 1252 1253 1244
3932 4 3 1 1 0 1252 939 2050 1244
3933 4 3 1 1 0 2033 1515 1349 1517
3934 4 3 1 1 0 408 2044 410 1231
3935 4 3 1 1 0 1502 1119 967 1501
3936 4 3 1 1 0 313 314 315 2068
3937 4 3 1 1 0 324 338 1303 1309
3938 4 3 1 1 0 1719 1897 1839 1896
3939 4 3 1 1 0 1180 1174 1585 1976
3940 4 3 1 1 0 1656 1944 1661 1945
3941 4 3 1 1 0 2021 1209 1376 2009
3942 4 3 1 1 0 1840 1791 1132 1749
3943 4 3 1 1 0 227 1888 283 226
3944 4 3 1 1 0 1561 1021 2167 1568
3945 4 3 1 1 0 1415 1069 449 1419
3946 4 3 1 1 0 1888 226 254 283
3947 4 3 1 1 0 2221 1158 2219 1153
3948 4 3 1 1 0 1717 1812 1002 1668
3949 4 3 1 1 0 1842 1701 1172 1008
3950 4 3 1 1 0 1812 1717 1712 1817
3951 4 3 1 1 0 734 1231 1229 782
3952 4 3 1 1 0 1355 1521 1554 2168
3953 4 3 1 1 0 1355 1554 1521 714
3954 4 3 1 1 0 1552 1554 1521 2168
3955 4 3 1 1 0 455 449 457 1419
3956 4 3 1 1 0 1552 1521 1554 714
3957 4 3 1 1 0 1514 1866 1542 1557
3958 4 3 1 1 0 1105 1063 992 993
3959 4 3 1 1 0 2021 1375 1209 2096
3960 4 3 1 1 0 298 358 67 2050
3961 4 3 1 1 0 1408 504 1069 1357
3962 4 3 1 1 0 1005 1643 1792 2223
3963 4 3 1 1 0 525 419 1368 1379
3964 4 3 1 1 0 438 439 440 1404
3965 4 3 1 1 0 1303 1309 1312 2006
3966 4 3 1 1 0 1386 460 506 466
3967 4 3 1 1 0 430 1395 482 521
3968 4 3 1 1 0 1787 1815 1813 1795
3969 4 3 1 1 0 1695 1839 1720 1686
3970 4 3 1 1 0 449 446 1408 1415
3971 4 3 1 1 0 1240 1326 1334 1998
3972 4 3 1 1 0 1586 1669 1610 1628
3973 4 3 1 1 0 1070 1802 1957 2110
3974 4 3 1 1 0 972 1502 1761 1760
3975 4 3 1 1 0 546 2260 2133 2132
3976 4 3 1 1 0 2018 585 586 598
3977 4 3 1 1 0 1214 1203 1215 1455
3978 4 3 1 1 0 654 1202 2015 656
3979 4 3 1 1 0 1669 991 1610 1665
3980 4 3 1 1 0 1815 1813 2092 1420
3981 4 3 1 1 0 1940 1658 2199 1941
3982 4 3 1 1 0 2159 1738 1511 1486
3983 4 3 1 1 0 1449 1467 1456 1458
3984 4 3 1 1 0 2076 1262 558 559
3985 4 3 1 1 0 1901 1051 1892 1389
3986 4 3 1 1 0 1827 2199 1179 1941
3987 4 3 1 1 0 1668 1796 984 1812
3988 4 3 1 1 0 1146 1680 1147 1166
3989 4 3 1 1 0 1542 693 1539 697
3990 4 3 1 1 0 1509 971 1435 1948
3991 4 3 1 1 0 1873 1559 2042 1563
3992 4 3 1 1 0 1492 568 1493 564
3993 4 3 1 1 0 1992 1185 1340 1091
3994 4 3 1 1 0 2083 1992 1340 1091
3995 4 3 1 1 0 2131 1444 2152 595
3996 4 3 1 1 0 1446 2134 1474 1445
3997 4 3 1 1 0 820 1616 828 2192
3998 4 3 1 1 0 627 574 1495 582
3999 4 3 1 1 0 1873 1560 1559 1563
4000 4 3 1 1 0 614 2145 2146 643
4001 4 3 1 1 0 25 1098 255 179
4002 4 3 1 1 0 1001 1834 1812 1852
4003 4 3 1 1 0 236 30 176 2246
4004 4 3 1 1 0 1420 1810 1069 1422
4005 4 3 1 1 0 1741 1299 1346 2069
4006 4 3 1 1 0 161 792 2250 1463
4007 4 3 1 1 0 994 1810 1422 1106
4008 4 3 1 1 0 1911 1014 1860 1913
4009 4 3 1 1 0 1860 1524 1911 1913
4010 4 3 1 1 0 1671 1411 1670 958
4011 4 3 1 1 0 1653 1460 1926 1925
4012 4 3 1 1 0 2128 608 594 639
4013 4 3 1 1 0 1810 1811 1357 1359
4014 4 3 1 1 0 676 767 1354 728
4015 4 3 1 1 0 1828 1328 1319 1800
4016 4 3 1 1 0 1358 1810 1357 1359
4017 4 3 1 1 0 87 2274 367 88
4018 4 3 1 1 0 445 1413 452 448
4019 4 3 1 1 0 706 1528 696 702
4020 4 3 1 1 0 1542 1556 1866 1514
4021 4 3 1 1 0 1676 2119 996 1405
4022 4 3 1 1 0 460 1382 1385 1414
4023 4 3 1 1 0 1610 1672 1628 1795
4024 4 3 1 1 0 7 2243 88 304
4025 4 3 1 1 0 2060 1293 2073 1256
4026 4 3 1 1 0 1553 2167 1568 1561
4027 4 3 1 1 0 1728 970 2205 1729
4028 4 3 1 1 0 1640 970 1729 1636
4029 4 3 1 1 0 1043 1036 1855 1042
4030 4 3 1 1 0 710 1527 713 720
4031 4 3 1 1 0 1547 1535 1017 1545
4032 4 3 1 1 0 1752 970 1729 2205
4033 4 3 1 1 0 1752 1729 970 1636
4034 4 3 1 1 0 331 1332 339 1312
4035 4 3 1 1 0 750 1556 695 692
4036 4 3 1 1 0 321 1325 1314 1320
4037 4 3 1 1 0 1374 1801 1888 1921
4038 4 3 1 1 0 1314 1320 1325 2005
4039 4 3 1 1 0 491 520 1032 1889
4040 4 3 1 1 0 743 2088 2087 1352
4041 4 3 1 1 0 1450 1448 719 1476
4042 4 3 1 1 0 1933 1033 1934 1072
4043 4 3 1 1 0 1033 1432 1047 1025
4044 4 3 1 1 0 743 2087 2088 1521
4045 4 3 1 1 0 1003 1716 1844 1421
4046 4 3 1 1 0 2111 2112 1390 1391
4047 4 3 1 1 0 605 1466 644 612
4048 4 3 1 1 0 1003 1844 1716 1019
4049 4 3 1 1 0 2088 2111 1390 1391
4050 4 3 1 1 0 1835 1716 1003 1841
4051 4 3 1 1 0 1926 1650 1620 1932
4052 4 3 1 1 0 711 2074 722 1018
4053 4 3 1 1 0 1627 1635 1958 1632
4054 4 3 1 1 0 1585 1250 1577 850
4055 4 3 1 1 0 2132 123 623 124
4056 4 3 1 1 0 813 1601 1604 2185
4057 4 3 1 1 0 786 2150 854 2149
4058 4 3 1 1 0 969 960 1685 1694
4059 4 3 1 1 0 1845 1762 1848 1847
4060 4 3 1 1 0 1841 1718 1200 962
4061 4 3 1 1 0 1841 1200 1718 1716
4062 4 3 1 1 0 818 1616 1615 826
4063 4 3 1 1 0 1616 1474 1473 1929
4064 4 3 1 1 0 585 1488 584 577
4065 4 3 1 1 0 1984 2201 1985 1980
4066 4 3 1 1 0 1216 1263 1264 1183
4067 4 3 1 1 0 1156 1802 1071 1158
4068 4 3 1 1 0 1613 1083 1925 1623
4069 4 3 1 1 0 1156 1071 1802 1007
4070 4 3 1 1 0 1594 988 1593 1608
4071 4 3 1 1 0 2088 1424 1391 1396
4072 4 3 1 1 0 1294 1915 1619 1265
4073 4 3 1 1 0 1395 2088 1391 1396
4074 4 3 1 1 0 1654 1849 1763 1848
4075 4 3 1 1 0 1400 1395 1391 1396
4076 4 3 1 1 0 540 608 607 2148
4077 4 3 1 1 0 840 2134 893 2151
4078 4 3 1 1 0 2148 549 607 121
4079 4 3 1 1 0 1424 1400 1391 1396
4080 4 3 1 1 0 1478 1954 1100 1964
4081 4 3 1 1 0 2145 1459 1441 2147
4082 4 3 1 1 0 1389 1892 1400 1391
4083 4 3 1 1 0 1892 1424 1400 1391
4084 4 3 1 1 0 2178 880 2102 883
4085 4 3 1 1 0 2103 2093 2104 993
4086 4 3 1 1 0 1787 1813 1815 1420
4087 4 3 1 1 0 823 830 1621 831
4088 4 3 1 1 0 1700 1135 982 1853
4089 4 3 1 1 0 2128 1438 1496 1436
4090 4 3 1 1 0 831 2180 872 863
4091 4 3 1 1 0 1404 1402 1405 2114
4092 4 3 1 1 0 1184 1250 1585 1976
4093 4 3 1 1 0 2081 794 850 1250
4094 4 3 1 1 0 1585 790 905 1446
4095 4 3 1 1 0 2116 2009 1831 2214
4096 4 3 1 1 0 1434 774 736 1477
4097 4 3 1 1 0 265 1030 272 1857
4098 4 3 1 1 0 1849 1848 1654 1762
4099 4 3 1 1 0 2214 2105 1376 1402
4100 4 3 1 1 0 1137 1007 1853 1156
4101 4 3 1 1 0 1065 785 900 862
4102 4 3 1 1 0 999 1402 2116 2214
4103 4 3 1 1 0 801 789 802 1073
4104 4 3 1 1 0 999 1714 1713 2214
4105 4 3 1 1 0 1849 1622 1654 1653
4106 4 3 1 1 0 615 1726 600 644
4107 4 3 1 1 0 2157 2162 566 1485
4108 4 3 1 1 0 1654 1622 1849 1762
4109 4 3 1 1 0 1892 1051 1901 1906
4110 4 3 1 1 0 1064 1778 1779 1152
4111 4 3 1 1 0 1322 1328 1335 1182
4112 4 3 1 1 0 2114 2214 1407 1376
4113 4 3 1 1 0 1127 1135 1968 1108
4114 4 3 1 1 0 1669 1610 1628 1795
4115 4 3 1 1 0 1322 1989 1335 1339
4116 4 3 1 1 0 1987 126 918 2137
4117 4 3 1 1 0 2109 1814 1415 1419
4118 4 3 1 1 0 1422 1814 2109 1419
4119 4 3 1 1 0 918 126 1987 1986
4120 4 3 1 1 0 1630 1087 1787 1783
4121 4 3 1 1 0 1115 1088 680 679
4122 4 3 1 1 0 710 694 1527 1518
4123 4 3 1 1 0 1408 1814 1420 1069
4124 4 3 1 1 0 1157 257 212 227
4125 4 3 1 1 0 1070 1032 1957 1802
4126 4 3 1 1 0 1589 1630 1628 1783
4127 4 3 1 1 0 1408 1814 1069 1415
4128 4 3 1 1 0 2136 1987 918 2137
4129 4 3 1 1 0 732 1079 1522 1909
4130 4 3 1 1 0 1987 1585 918 1986
4131 4 3 1 1 0 1928 1038 1704 1042
4132 4 3 1 1 0 801 2176 802 803
4133 4 3 1 1 0 1101 1580 1571 1924
4134 4 3 1 1 0 1804 1089 1803 1065
4135 4 3 1 1 0 1631 796 904 897
4136 4 3 1 1 0 1004 1745 1786 1735
4137 4 3 1 1 0 1098 1097 1950 1952
4138 4 3 1 1 0 1814 1069 1415 1419
4139 4 3 1 1 0 1058 1778 1782 986
4140 4 3 1 1 0 801 2176 803 804
4141 4 3 1 1 0 460 1382 1414 450
4142 4 3 1 1 0 1596 830 1597 878
4143 4 3 1 1 0 262 194 1127 1145
4144 4 3 1 1 0 592 1122 1770 640
4145 4 3 1 1 0 1814 1069 1419 1422
4146 4 3 1 1 0 1951 1954 169 1952
4147 4 3 1 1 0 978 1725 964 1648
4148 4 3 1 1 0 1675 2119 1818 958
4149 4 3 1 1 0 1856 1044 1056 1011
4150 4 3 1 1 0 1854 1108 1046 1127
4151 4 3 1 1 0 644 553 2153 605
4152 4 3 1 1 0 1074 802 1073 1574
4153 4 3 1 1 0 1153 1158 1140 985
4154 4 3 1 1 0 1574 801 2176 802
4155 4 3 1 1 0 1378 990 1074 1574
4156 4 3 1 1 0 2153 115 935 1431
4157 4 3 1 1 0 421 1032 536 491
4158 4 3 1 1 0 1542 1540 1557 1016
4159 4 3 1 1 0 1420 1810 1422 994
4160 4 3 1 1 0 1540 1557 1541 1543
4161 4 3 1 1 0 1711 1717 1713 962
4162 4 3 1 1 0 2109 1006 1422 1706
4163 4 3 1 1 0 115 545 114 1431
4164 4 3 1 1 0 1810 1358 1921 2103
4165 4 3 1 1 0 457 1070 471 470
4166 4 3 1 1 0 1910 1168 1936 1935
4167 4 3 1 1 0 2064 2061 2065 1267
4168 4 3 1 1 0 1087 1378 1574 990
4169 4 3 1 1 0 2081 794 1250 1251
4170 4 3 1 1 0 2052 1245 2053 1994
4171 4 3 1 1 0 1828 1319 1328 1322
4172 4 3 1 1 0 2036 2047 1203 1233
4173 4 3 1 1 0 1204 613 2266 2016
4174 4 3 1 1 0 1326 1800 2004 1319
4175 4 3 1 1 0 1341 1898 1874 2013
4176 4 3 1 1 0 387 314 388 1327
4177 4 3 1 1 0 1261 1234 1997 1235
4178 4 3 1 1 0 1119 1501 1962 1472
4179 4 3 1 1 0 672 730 1225 770
4180 4 3 1 1 0 603 1431 2125 1434
4181 4 3 1 1 0 1321 1240 327 321
4182 4 3 1 1 0 183 977 2234 2153
4183 4 3 1 1 0 1962 1501 1119 1164
4184 4 3 1 1 0 1962 1771 1770 1122
4185 4 3 1 1 0 1962 1164 1771 1122
4186 4 3 1 1 0 545 115 605 1431
4187 4 3 1 1 0 1883 1691 1742 1457
4188 4 3 1 1 0 2035 954 129 130
4189 4 3 1 1 0 1304 1301 1187 2011
4190 4 3 1 1 0 1205 2019 1204 1351
4191 4 3 1 1 0 1232 408 2040 1231
4192 4 3 1 1 0 2138 1176 1180 1447
4193 4 3 1 1 0 1755 2156 1482 1493
4194 4 3 1 1 0 1205 1351 1216 1263
4195 4 3 1 1 0 1200 962 1718 1719
4196 4 3 1 1 0 627 1438 1495 1496
4197 4 3 1 1 0 627 1438 1496 639
4198 4 3 1 1 0 1251 399 72 307
4199 4 3 1 1 0 1842 1386 1385 1414
4200 4 3 1 1 0 1996 1299 1741 2069
4201 4 3 1 1 0 942 1366 1249 1242
4202 4 3 1 1 0 156 2054 68 17
4203 4 3 1 1 0 1212 2020 1280 2022
4204 4 3 1 1 0 2158 2159 1499 1205
4205 4 3 1 1 0 2077 1282 396 1286
4206 4 3 1 1 0 1892 1051 1116 1389
4207 4 3 1 1 0 2138 1180 1176 1174
4208 4 3 1 1 0 1116 1051 1892 1906
4209 4 3 1 1 0 1263 1347 1690 1346
4210 4 3 1 1 0 1900 1895 1967 1308
4211 4 3 1 1 0 1299 1275 2011 2069
4212 4 3 1 1 0 1897 2004 1195 1895
4213 4 3 1 1 0 1988 1336 1345 1181
4214 4 3 1 1 0 1743 1785 970 1744
4215 4 3 1 1 0 2199 1624 1612 1090
4216 4 3 1 1 0 1323 1942 1983 1181
4217 4 3 1 1 0 1981 1500 2160 1176
4218 4 3 1 1 0 60 2026 8 100
4219 4 3 1 1 0 1408 2117 2092 1814
4220 4 3 1 1 0 296 376 371 1276
4221 4 3 1 1 0 1276 58 296 376
4222 4 3 1 1 0 375 2026 350 406
4223 4 3 1 1 0 1743 1645 1785 2222
4224 4 3 1 1 0 1337 1341 1277 2072
4225 4 3 1 1 0 300 2023 2026 406
4226 4 3 1 1 0 2030 1233 1235 2029
4227 4 3 1 1 0 1982 1180 1174 1176
4228 4 3 1 1 0 1743 1776 1785 1744
4229 4 3 1 1 0 1785 1776 1743 2222
4230 4 3 1 1 0 1785 1745 970 1744
4231 4 3 1 1 0 1723 1899 1905 1200
4232 4 3 1 1 0 563 2156 1484 561
4233 4 3 1 1 0 1944 1656 1651 1945
4234 4 3 1 1 0 1282 332 396 1286
4235 4 3 1 1 0 970 1745 1785 1004
4236 4 3 1 1 0 1743 970 1785 1645
4237 4 3 1 1 0 1105 992 1063 277
4238 4 3 1 1 0 1785 1645 970 1004
4239 4 3 1 1 0 1382 450 1415 1414
4240 4 3 1 1 0 898 842 1512 1463
4241 4 3 1 1 0 1926 1491 1496 1758
4242 4 3 1 1 0 1926 1491 1758 1102
4243 4 3 1 1 0 270 1066 992 1057
4244 4 3 1 1 0 400 1271 2003 2067
4245 4 3 1 1 0 1191 1338 1999 1271
4246 4 3 1 1 0 239 1057 270 992
4247 4 3 1 1 0 1348 1965 1198 1302
4248 4 3 1 1 0 1377 1391 1116 1389
4249 4 3 1 1 0 1377 1116 1391 2111
4250 4 3 1 1 0 1168 456 1385 469
4251 4 3 1 1 0 1892 1116 1391 1389
4252 4 3 1 1 0 1391 1116 1424 2111
4253 4 3 1 1 0 440 441 1406 442
4254 4 3 1 1 0 1171 1009 961 1137
4255 4 3 1 1 0 1561 2168 1019 1552
4256 4 3 1 1 0 1019 1561 1393 1392
4257 4 3 1 1 0 1930 1931 1929 1620
4258 4 3 1 1 0 1444 1447 2228 1445
4259 4 3 1 1 0 1473 885 1616 828
4260 4 3 1 1 0 1466 1494 2125 1435
4261 4 3 1 1 0 2175 1034 1691 1440
4262 4 3 1 1 0 239 277 1063 992
4263 4 3 1 1 0 636 609 556 1456
4264 4 3 1 1 0 1220 2033 1515 1559
4265 4 3 1 1 0 1614 1762 1847 1848
4266 4 3 1 1 0 1945 1840 1838 1652
4267 4 3 1 1 0 1038 1124 1959 1534
4268 4 3 1 1 0 898 792 867 1463
4269 4 3 1 1 0 1483 1484 1732 1482
4270 4 3 1 1 0 1089 1803 1065 1920
4271 4 3 1 1 0 1981 1982 1503 2229
4272 4 3 1 1 0 2127 2216 2217 1469
4273 4 3 1 1 0 1448 2257 1449 606
4274 4 3 1 1 0 2123 1373 1428 1381
4275 4 3 1 1 0 603 1443 1434 2125
4276 4 3 1 1 0 1682 1688 1737 2206
4277 4 3 1 1 0 2123 1428 1373 1429
4278 4 3 1 1 0 1387 1428 1373 1381
4279 4 3 1 1 0 395 1203 1215 1201
4280 4 3 1 1 0 2028 638 2015 2027
4281 4 3 1 1 0 1520 756 683 757
4282 4 3 1 1 0 1882 1440 2175 1691
4283 4 3 1 1 0 1387 1373 1428 1429
4284 4 3 1 1 0 2250 2148 549 1463
4285 4 3 1 1 0 1026 1756 2216 1755
4286 4 3 1 1 0 1167 1948 1155 1094
4287 4 3 1 1 0 1543 1029 1468 1452
4288 4 3 1 1 0 710 756 694 1518
4289 4 3 1 1 0 1514 1542 697 704
4290 4 3 1 1 0 1116 1386 1385 1842
4291 4 3 1 1 0 1229 1528 1559 2042
4292 4 3 1 1 0 1542 1556 1514 697
4293 4 3 1 1 0 1257 408 1232 1231
4294 4 3 1 1 0 1385 1386 1116 1377
4295 4 3 1 1 0 1448 719 744 771
4296 4 3 1 1 0 1631 1621 2180 1097
4297 4 3 1 1 0 2207 1686 1840 1838
4298 4 3 1 1 0 1422 1006 1708 1851
4299 4 3 1 1 0 2136 1987 2137 2138
4300 4 3 1 1 0 1566 2172 1550 1018
4301 4 3 1 1 0 1636 1638 1753 1729
4302 4 3 1 1 0 1553 2167 1561 1545
4303 4 3 1 1 0 1961 2147 578 1461
4304 4 3 1 1 0 1695 1900 1041 1896
4305 4 3 1 1 0 1753 1752 1636 1729
4306 4 3 1 1 0 1403 1404 440 508
4307 4 3 1 1 0 970 1752 1636 1637
4308 4 3 1 1 0 1396 776 1552 1527
4309 4 3 1 1 0 2103 1810 1359 1378
4310 4 3 1 1 0 1396 1552 776 1521
4311 4 3 1 1 0 1629 1939 1806 1591
4312 4 3 1 1 0 1092 1651 1674 1850
4313 4 3 1 1 0 1327 387 2068 2084
4314 4 3 1 1 0 2173 1220 1866 1556
4315 4 3 1 1 0 2189 830 1597 1596
4316 4 3 1 1 0 1797 1677 1840 1799
4317 4 3 1 1 0 1652 1663 1657 1736
4318 4 3 1 1 0 1324 1319 1187 1314
4319 4 3 1 1 0 2221 2218 1785 2219
4320 4 3 1 1 0 1838 1840 1677 1799
4321 4 3 1 1 0 2124 836 822 899
4322 4 3 1 1 0 2131 574 1495 1498
4323 4 3 1 1 0 1571 1580 2180 1924
4324 4 3 1 1 0 1389 1051 1049 1901
4325 4 3 1 1 0 926 1951 163 928
4326 4 3 1 1 0 2136 2134 1446 1445
4327 4 3 1 1 0 1061 1958 1917 1632
4328 4 3 1 1 0 2122 2107 1380 1428
4329 4 3 1 1 0 1007 1136 1137 1853
4330 4 3 1 1 0 1293 2013 1230 2043
4331 4 3 1 1 0 1708 2221 2219 2218
4332 4 3 1 1 0 1866 1220 2173 1558
4333 4 3 1 1 0 433 432 434 1398
4334 4 3 1 1 0 1866 1220 1562 1556
4335 4 3 1 1 0 2044 2274 1256 367
4336 4 3 1 1 0 1142 1969 2225 1838
4337 4 3 1 1 0 367 2243 304 88
4338 4 3 1 1 0 1716 1020 1835 1721
4339 4 3 1 1 0 1960 1701 1707 1008
4340 4 3 1 1 0 1569 1124 1534 1860
4341 4 3 1 1 0 1781 1783 983 1059
4342 4 3 1 1 0 1947 989 1804 1946
4343 4 3 1 1 0 1672 1664 958 1610
4344 4 3 1 1 0 2013 1341 1311 1529
4345 4 3 1 1 0 1305 1313 1800 1969
4346 4 3 1 1 0 1027 1694 969 1884
4347 4 3 1 1 0 1305 1800 1319 2004
4348 4 3 1 1 0 1874 1566 1873 1898
4349 4 3 1 1 0 1102 2198 2215 1650
4350 4 3 1 1 0 1781 983 1782 1059
4351 4 3 1 1 0 1485 1738 2160 2159
4352 4 3 1 1 0 1738 2159 1485 1486
4353 4 3 1 1 0 1639 1640 1743 1971
4354 4 3 1 1 0 1562 1220 1866 1558
4355 4 3 1 1 0 1143 202 1133 1149
4356 4 3 1 1 0 559 560 1480 1479
4357 4 3 1 1 0 1355 1384 753 778
4358 4 3 1 1 0 1742 1884 1027 1690
4359 4 3 1 1 0 973 965 1169 1509
4360 4 3 1 1 0 1659 1827 1823 2199
4361 4 3 1 1 0 460 1382 450 456
4362 4 3 1 1 0 393 2000 2003 1191
4363 4 3 1 1 0 880 1380 843 833
4364 4 3 1 1 0 1752 1751 2196 1747
4365 4 3 1 1 0 2220 1040 1792 1702
4366 4 3 1 1 0 2003 2000 393 362
4367 4 3 1 1 0 1735 1654 1763 1848
4368 4 3 1 1 0 1927 1631 1097 1938
4369 4 3 1 1 0 1102 2198 1650 1932
4370 4 3 1 1 0 1615 1929 1616 1620
4371 4 3 1 1 0 648 596 621 2137
4372 4 3 1 1 0 1490 2162 567 565
4373 4 3 1 1 0 2003 336 393 1191
4374 4 3 1 1 0 1637 1752 1753 2195
4375 4 3 1 1 0 1000 1832 1283 1292
4376 4 3 1 1 0 1970 206 1147 1143
4377 4 3 1 1 0 200 1150 197 1140
4378 4 3 1 1 0 393 336 2003 362
4379 4 3 1 1 0 2183 1938 1089 1596
4380 4 3 1 1 0 1773 1122 1772 1126
4381 4 3 1 1 0 1970 1154 1148 1639
4382 4 3 1 1 0 1798 1735 1763 1848
4383 4 3 1 1 0 2183 832 1938 1596
4384 4 3 1 1 0 1431 1432 1025 1466
4385 4 3 1 1 0 1147 206 199 1143
4386 4 3 1 1 0 570 1487 1485 566
4387 4 3 1 1 0 2183 832 848 1938
4388 4 3 1 1 0 1529 1311 1563 1966
4389 4 3 1 1 0 1784 1783 1059 983
4390 4 3 1 1 0 2183 832 1596 878
4391 4 3 1 1 0 1481 2156 1483 1737
4392 4 3 1 1 0 1686 1797 1840 1799
4393 4 3 1 1 0 1824 1399 1821 1237
4394 4 3 1 1 0 1165 1973 1171 1936
4395 4 3 1 1 0 541 1442 649 2139
4396 4 3 1 1 0 1824 1399 1237 1236
4397 4 3 1 1 0 1133 1030 1949 1096
4398 4 3 1 1 0 1050 1018 2074 1875
4399 4 3 1 1 0 1007 1136 216 1138
4400 4 3 1 1 0 285 232 233 1081
4401 4 3 1 1 0 2109 1382 1842 1706
4402 4 3 1 1 0 1311 1348 1563 1966
4403 4 3 1 1 0 1935 1009 1910 1051
4404 4 3 1 1 0 981 258 1150 1152
4405 4 3 1 1 0 1050 2074 1018 722
4406 4 3 1 1 0 2074 1875 1874 1903
4407 4 3 1 1 0 1785 1846 1782 2222
4408 4 3 1 1 0 2222 1782 1775 1846
4409 4 3 1 1 0 1058 1784 1937 1059
4410 4 3 1 1 0 983 2221 1782 1059
4411 4 3 1 1 0 1980 1503 1263 2229
4412 4 3 1 1 0 813 818 1601 819
4413 4 3 1 1 0 1181 1984 1339 1345
4414 4 3 1 1 0 1039 1021 1520 1527
4415 4 3 1 1 0 2070 1301 2068 2084
4416 4 3 1 1 0 1716 1020 1841 1835
4417 4 3 1 1 0 1716 1721 1835 1567
4418 4 3 1 1 0 1530 1050 2090 1384
4419 4 3 1 1 0 1390 1353 1356 2087
4420 4 3 1 1 0 1361 1360 2090 1354
4421 4 3 1 1 0 1893 2212 1704 1702
4422 4 3 1 1 0 1039 1021 1527 1561
4423 4 3 1 1 0 1171 1960 961 1009
4424 4 3 1 1 0 1153 1780 1140 1156
4425 4 3 1 1 0 1153 1140 1780 981
4426 4 3 1 1 0 1714 1826 1713 1897
4427 4 3 1 1 0 1891 1767 1858 1124
4428 4 3 1 1 0 1910 282 181 244
4429 4 3 1 1 0 460 1382 456 1385
4430 4 3 1 1 0 1861 1124 1767 1766
4431 4 3 1 1 0 1470 2209 1692 1026
4432 4 3 1 1 0 1714 1830 1826 1897
4433 4 3 1 1 0 1515 750 1516 1556
4434 4 3 1 1 0 753 1547 1554 698
4435 4 3 1 1 0 1820 1714 1830 1826
4436 4 3 1 1 0 2089 728 735 1353
4437 4 3 1 1 0 2089 728 1353 1354
4438 4 3 1 1 0 698 1547 1545 691
4439 4 3 1 1 0 1528 1293 702 1018
4440 4 3 1 1 0 1040 1864 1870 1881
4441 4 3 1 1 0 1890 963 1030 1024
4442 4 3 1 1 0 1007 1140 1853 1156
4443 4 3 1 1 0 972 1728 1502 1746
4444 4 3 1 1 0 1796 1788 984 1812
4445 4 3 1 1 0 1525 761 1084 1911
4446 4 3 1 1 0 1025 2153 1724 1024
4447 4 3 1 1 0 1169 1948 963 1155
4448 4 3 1 1 0 1129 975 1130 1768
4449 4 3 1 1 0 2089 728 1354 767
4450 4 3 1 1 0 2089 728 767 735
4451 4 3 1 1 0 1439 1470 1882 1440
4452 4 3 1 1 0 2020 1213 1258 2026
4453 4 3 1 1 0 1775 1633 1774 2222
4454 4 3 1 1 0 1439 1471 1451 2140
4455 4 3 1 1 0 2203 1774 1679 1635
4456 4 3 1 1 0 2070 313 315 2068
4457 4 3 1 1 0 1527 1520 1039 1523
4458 4 3 1 1 0 1039 1928 1520 1021
4459 4 3 1 1 0 712 1550 753 752
4460 4 3 1 1 0 1695 1900 1895 1967
4461 4 3 1 1 0 1896 1897 1898 1719
4462 4 3 1 1 0 1722 1421 1905 1200
4463 4 3 1 1 0 1695 1895 1900 1896
4464 4 3 1 1 0 1326 1800 1319 1328
4465 4 3 1 1 0 1852 1006 1701 1834
4466 4 3 1 1 0 1719 1899 1898 1200
4467 4 3 1 1 0 1054 1035 1048 1912
4468 4 3 1 1 0 1529 2041 1257 1966
4469 4 3 1 1 0 1152 211 1057 1066
4470 4 3 1 1 0 1633 1774 2203 1635
4471 4 3 1 1 0 245 225 1057 1064
4472 4 3 1 1 0 1059 1937 1058 1062
4473 4 3 1 1 0 1584 1982 1981 1655
4474 4 3 1 1 0 1111 1958 1917 1097
4475 4 3 1 1 0 1103 1954 1100 1952
4476 4 3 1 1 0 1438 1926 1495 1496
4477 4 3 1 1 0 812 2186 877 809
4478 4 3 1 1 0 1495 1926 1931 1932
4479 4 3 1 1 0 1935 1009 1960 1171
4480 4 3 1 1 0 1135 1140 197 982
4481 4 3 1 1 0 1391 1424 1116 1892
4482 4 3 1 1 0 1926 1491 1102 1495
4483 4 3 1 1 0 911 43 907 1908
4484 4 3 1 1 0 1080 1052 1081 1908
4485 4 3 1 1 0 1175 1446 1474 1445
4486 4 3 1 1 0 1943 1184 1992 1991
4487 4 3 1 1 0 1584 1981 1982 1176
4488 4 3 1 1 0 2052 409 1991 366
4489 4 3 1 1 0 1926 1495 1102 1932
4490 4 3 1 1 0 1098 796 2259 164
4491 4 3 1 1 0 1924 1600 1627 1621
4492 4 3 1 1 0 1924 1952 1097 1634
4493 4 3 1 1 0 859 1077 847 1927
4494 4 3 1 1 0 1459 1478 2146 1101
4495 4 3 1 1 0 1631 1098 1097 1950
4496 4 3 1 1 0 685 1531 1862 1532
4497 4 3 1 1 0 536 1070 470 491
4498 4 3 1 1 0 1926 1491 1495 1496
4499 4 3 1 1 0 1519 1518 1021 1531
4500 4 3 1 1 0 2283 1032 173 1109
4501 4 3 1 1 0 1725 624 625 1770
4502 4 3 1 1 0 625 1770 624 640
4503 4 3 1 1 0 1963 1478 1126 1964
4504 4 3 1 1 0 184 1123 276 28
4505 4 3 1 1 0 1472 1770 625 1962
4506 4 3 1 1 0 685 1531 1532 686
4507 4 3 1 1 0 1519 1518 1531 756
4508 4 3 1 1 0 1145 982 1765 1968
4509 4 3 1 1 0 263 1135 1108 1139
4510 4 3 1 1 0 1135 1140 982 1853
4511 4 3 1 1 0 761 1055 1911 783
4512 4 3 1 1 0 1071 1156 1140 1007
4513 4 3 1 1 0 206 202 199 1143
4514 4 3 1 1 0 1727 1472 599 600
4515 4 3 1 1 0 1038 1124 1037 1959
4516 4 3 1 1 0 1746 1646 1654 1735
4517 4 3 1 1 0 1160 220 219 980
4518 4 3 1 1 0 1616 1474 1929 1583
4519 4 3 1 1 0 993 1378 1784 1106
4520 4 3 1 1 0 1489 1732 1485 2161
4521 4 3 1 1 0 1535 1532 1531 686
4522 4 3 1 1 0 1474 1616 826 1583
4523 4 3 1 1 0 1652 1657 1663 1656
4524 4 3 1 1 0 993 1784 1378 1087
4525 4 3 1 1 0 1317 1187 1988 1315
4526 4 3 1 1 0 732 1079 760 764
4527 4 3 1 1 0 1406 1404 440 1403
4528 4 3 1 1 0 1319 2005 1240 1314
4529 4 3 1 1 0 336 381 1338 328
4530 4 3 1 1 0 1732 2161 2198 1955
4531 4 3 1 1 0 1537 1533 1862 754
4532 4 3 1 1 0 1519 1518 756 1520
4533 4 3 1 1 0 715 1281 711 1293
4534 4 3 1 1 0 1485 1955 2161 1732
4535 4 3 1 1 0 1150 1780 1140 981
4536 4 3 1 1 0 2070 2037 1275 1272
4537 4 3 1 1 0 295 2266 78 373
4538 4 3 1 1 0 295 2285 2249 1202
4539 4 3 1 1 0 1360 1208 526 1209
4540 4 3 1 1 0 1476 1467 1449 1458
4541 4 3 1 1 0 2025 1213 2024 1210
4542 4 3 1 1 0 99 1208 922 923
4543 4 3 1 1 0 2116 2230 2009 2008
4544 4 3 1 1 0 1517 730 770 1225
4545 4 3 1 1 0 1002 1836 1720 1686
4546 4 3 1 1 0 1996 2037 1275 2068
4547 4 3 1 1 0 1440 1882 1457 1691
4548 4 3 1 1 0 1029 1470 1887 1557
4549 4 3 1 1 0 609 1449 606 641
4550 4 3 1 1 0 1518 1531 1545 2167
4551 4 3 1 1 0 543 2086 556 555
4552 4 3 1 1 0 1226 1218 1297 1273
4553 4 3 1 1 0 2030 1233 2029 2032
4554 4 3 1 1 0 326 321 1320 323
4555 4 3 1 1 0 1272 1275 1198 1273
4556 4 3 1 1 0 1291 2053 1942 1992
4557 4 3 1 1 0 306 1207 2237 76
4558 4 3 1 1 0 1990 1263 1264 1983
4559 4 3 1 1 0 1545 1527 1561 1552
4560 4 3 1 1 0 2068 2070 1275 2069
4561 4 3 1 1 0 756 687 1518 1531
4562 4 3 1 1 0 364 2040 1223 392
4563 4 3 1 1 0 1529 2041 1966 2042
4564 4 3 1 1 0 364 1223 2031 312
4565 4 3 1 1 0 1318 1983 1988 1315
4566 4 3 1 1 0 1519 684 756 1531
4567 4 3 1 1 0 1561 1019 1545 1552
4568 4 3 1 1 0 1562 1220 1565 1556
4569 4 3 1 1 0 654 1202 656 539
4570 4 3 1 1 0 1519 756 684 683
4571 4 3 1 1 0 1488 2158 2159 1499
4572 4 3 1 1 0 1567 1019 1017 1553
4573 4 3 1 1 0 1476 1516 1514 1034
4574 4 3 1 1 0 1218 1234 2030 1297
4575 4 3 1 1 0 1967 1299 1346 1884
4576 4 3 1 1 0 2045 360 80 305
4577 4 3 1 1 0 1092 1651 1763 1945
4578 4 3 1 1 0 2035 554 2046 2085
4579 4 3 1 1 0 1859 1094 1949 1030
4580 4 3 1 1 0 1738 1739 1690 969
4581 4 3 1 1 0 1545 1017 1019 1553
4582 4 3 1 1 0 1486 631 1485 1484
4583 4 3 1 1 0 2118 2092 1410 1409
4584 4 3 1 1 0 1083 1925 1623 1926
4585 4 3 1 1 0 459 1371 1357 458
4586 4 3 1 1 0 519 1382 1383 1168
4587 4 3 1 1 0 1565 1220 1562 1558
4588 4 3 1 1 0 1690 1481 1511 1738
4589 4 3 1 1 0 1197 1999 2008 1331
4590 4 3 1 1 0 1258 1213 2024 2023
4591 4 3 1 1 0 1421 1393 2091 1844
4592 4 3 1 1 0 1096 955 1155 1949
4593 4 3 1 1 0 1653 972 1102 1758
4594 4 3 1 1 0 504 1358 459 516
4595 4 3 1 1 0 1204 651 613 2016
4596 4 3 1 1 0 994 1158 1106 1422
4597 4 3 1 1 0 1785 1004 1745 1786
4598 4 3 1 1 0 180 2281 53 274
4599 4 3 1 1 0 1785 1750 1745 1744
4600 4 3 1 1 0 480 1361 497 1353
4601 4 3 1 1 0 1019 1423 1835 1003
4602 4 3 1 1 0 444 1412 505 442
4603 4 3 1 1 0 1402 1404 1397 438
4604 4 3 1 1 0 195 1129 1133 264
4605 4 3 1 1 0 1212 2020 1211 2026
4606 4 3 1 1 0 1745 1750 1785 1786
4607 4 3 1 1 0 1191 2000 2003 2001
4608 4 3 1 1 0 1465 841 828 2192
4609 4 3 1 1 0 2097 467 1209 1360
4610 4 3 1 1 0 1413 1401 2121 1376
4611 4 3 1 1 0 1712 1002 962 1717
4612 4 3 1 1 0 478 1372 479 1365
4613 4 3 1 1 0 972 2215 1102 1761
4614 4 3 1 1 0 864 798 849 1373
4615 4 3 1 1 0 962 2213 1715 1712
4616 4 3 1 1 0 632 586 2158 584
4617 4 3 1 1 0 1484 1485 1732 1482
4618 4 3 1 1 0 1533 755 758 685
4619 4 3 1 1 0 1124 1856 1959 1011
4620 4 3 1 1 0 1647 1432 1047 1879
4621 4 3 1 1 0 1444 2137 2133 652
4622 4 3 1 1 0 2151 853 2132 893
4623 4 3 1 1 0 633 1480 1471 2156
4624 4 3 1 1 0 2148 540 122 607
4625 4 3 1 1 0 2071 2044 352 355
4626 4 3 1 1 0 1496 1436 1926 1441
4627 4 3 1 1 0 1438 1926 1496 1436
4628 4 3 1 1 0 2129 540 2148 608
4629 4 3 1 1 0 1104 1954 169 1964
4630 4 3 1 1 0 1517 1217 1219 1243
4631 4 3 1 1 0 1002 1812 1712 1837
4632 4 3 1 1 0 1812 1712 1717 1002
4633 4 3 1 1 0 596 2130 2137 1447
4634 4 3 1 1 0 126 1986 127 542
4635 4 3 1 1 0 1002 1720 1839 1686
4636 4 3 1 1 0 2228 1930 1175 1176
4637 4 3 1 1 0 1393 1392 2091 1844
4638 4 3 1 1 0 1293 702 711 715
4639 4 3 1 1 0 2102 843 880 1380
4640 4 3 1 1 0 1806 1061 1632 1807
4641 4 3 1 1 0 1101 1759 1627 1758
4642 4 3 1 1 0 1089 848 900 1938
4643 4 3 1 1 0 1631 847 1938 1927
4644 4 3 1 1 0 1654 1758 1627 1759
4645 4 3 1 1 0 1631 1621 832 831
4646 4 3 1 1 0 831 832 1631 844
4647 4 3 1 1 0 1674 1612 1659 1660
4648 4 3 1 1 0 1134 1129 1133 195
4649 4 3 1 1 0 1617 817 1607 1609
4650 4 3 1 1 0 1119 1639 956 1681
4651 4 3 1 1 0 218 264 202 1133
4652 4 3 1 1 0 1541 2226 1557 1863
4653 4 3 1 1 0 1071 1170 1888 1801
4654 4 3 1 1 0 1139 1138 216 1136
4655 4 3 1 1 0 1855 1078 1036 1043
4656 4 3 1 1 0 1329 1330 1309 2006
4657 4 3 1 1 0 1674 1659 1612 2200
4658 4 3 1 1 0 1661 1838 1142 2207
4659 4 3 1 1 0 1520 683 760 757
4660 4 3 1 1 0 178 1909 241 1078
4661 4 3 1 1 0 2007 1302 1324 1308
4662 4 3 1 1 0 1167 1094 1155 1949
4663 4 3 1 1 0 1838 1686 1840 1799
4664 4 3 1 1 0 2166 1492 1507 2164
4665 4 3 1 1 0 524 1374 1068 471
4666 4 3 1 1 0 1133 1030 1095 1949
4667 4 3 1 1 0 192 1046 1127 1125
4668 4 3 1 1 0 1653 1460 1925 1622
4669 4 3 1 1 0 2196 970 1743 1637
4670 4 3 1 1 0 524 1889 1068 1374
4671 4 3 1 1 0 1560 1900 1563 1873
4672 4 3 1 1 0 972 1760 1761 1758
4673 4 3 1 1 0 1324 1187 1319 1305
4674 4 3 1 1 0 1760 1761 1758 1461
4675 4 3 1 1 0 1316 1287 1989 1336
4676 4 3 1 1 0 1406 1404 1403 2114
4677 4 3 1 1 0 1683 1132 2204 1652
4678 4 3 1 1 0 1181 1942 1339 1984
4679 4 3 1 1 0 352 2044 2071 1256
4680 4 3 1 1 0 2217 1493 1469 2216
4681 4 3 1 1 0 969 1483 1732 1682
4682 4 3 1 1 0 969 1483 1481 1732
4683 4 3 1 1 0 1549 2174 1867 1551
4684 4 3 1 1 0 171 1105 254 50
4685 4 3 1 1 0 352 2044 405 355
4686 4 3 1 1 0 1240 1328 1319 1322
4687 4 3 1 1 0 1343 1283 1292 1819
4688 4 3 1 1 0 2275 1082 1077 1927
4689 4 3 1 1 0 1803 1919 1805 1062
4690 4 3 1 1 0 926 25 164 1951
4691 4 3 1 1 0 1738 2159 1511 1263
4692 4 3 1 1 0 870 2064 1251 886
4693 4 3 1 1 0 2010 1210 2008 2020
4694 4 3 1 1 0 1361 2089 1426 1356
4695 4 3 1 1 0 1229 1528 2042 1230
4696 4 3 1 1 0 2176 990 1809 1574
4697 4 3 1 1 0 880 1617 833 879
4698 4 3 1 1 0 2123 1428 1429 1388
4699 4 3 1 1 0 1502 1761 1731 1733
4700 4 3 1 1 0 1484 1511 2027 1510
4701 4 3 1 1 0 1714 999 1821 2115
4702 4 3 1 1 0 1574 1572 2176 1573
4703 4 3 1 1 0 1486 1484 1738 1511
4704 4 3 1 1 0 139 768 661 1333
4705 4 3 1 1 0 1475 1126 1678 1164
4706 4 3 1 1 0 1270 486 514 433
4707 4 3 1 1 0 1244 939 937 940
4708 4 3 1 1 0 437 1397 436 438
4709 4 3 1 1 0 999 1402 1237 2115
4710 4 3 1 1 0 989 1077 1089 1804
4711 4 3 1 1 0 269 1043 1907 1107
4712 4 3 1 1 0 39 185 2245 40
4713 4 3 1 1 0 178 2245 2271 1078
4714 4 3 1 1 0 240 272 1035 1857
4715 4 3 1 1 0 2127 1497 1433 1494
4716 4 3 1 1 0 262 1127 194 193
4717 4 3 1 1 0 1594 1608 1593 1605
4718 4 3 1 1 0 1972 956 1970 1639
4719 4 3 1 1 0 1077 989 1946 1804
4720 4 3 1 1 0 1723 1721 1200 1716
4721 4 3 1 1 0 1601 1594 1593 1605
4722 4 3 1 1 0 1200 1721 1566 1041
4723 4 3 1 1 0 1134 194 196 1145
4724 4 3 1 1 0 1118 222 261 1120
4725 4 3 1 1 0 1718 1200 1721 1716
4726 4 3 1 1 0 1103 256 223 219
4727 4 3 1 1 0 1083 1473 1929 1616
4728 4 3 1 1 0 1543 1526 2143 1022
4729 4 3 1 1 0 2155 1432 1431 1434
4730 4 3 1 1 0 1718 1721 1200 1041
4731 4 3 1 1 0 1024 172 34 250
4732 4 3 1 1 0 229 217 1117 216
4733 4 3 1 1 0 252 2273 2263 48
4734 4 3 1 1 0 1968 1135 982 1700
4735 4 3 1 1 0 1139 216 1138 1117
4736 4 3 1 1 0 1640 1728 1502 967
4737 4 3 1 1 0 1580 162 1463 867
4738 4 3 1 1 0 1631 796 897 1927
4739 4 3 1 1 0 1119 1639 1681 1760
4740 4 3 1 1 0 1954 1580 1100 1952
4741 4 3 1 1 0 1083 1931 1620 1929
4742 4 3 1 1 0 1328 998 1824 1826
4743 4 3 1 1 0 1093 1947 1804 1946
4744 4 3 1 1 0 619 2252 1442 136
4745 4 3 1 1 0 263 1135 1139 215
4746 4 3 1 1 0 41 144 912 1909
4747 4 3 1 1 0 759 2265 1045 2245
4748 4 3 1 1 0 931 936 1048 1072
4749 4 3 1 1 0 1227 1349 770 2039
4750 4 3 1 1 0 84 308 301 1225
4751 4 3 1 1 0 2039 1517 770 1225
4752 4 3 1 1 0 313 314 2068 2037
4753 4 3 1 1 0 1264 1983 1315 1990
4754 4 3 1 1 0 1681 1760 1639 1163
4755 4 3 1 1 0 1670 1916 1284 1000
4756 4 3 1 1 0 1214 1203 1455 1183
4757 4 3 1 1 0 1942 1983 1181 1247
4758 4 3 1 1 0 981 1764 1159 1150
4759 4 3 1 1 0 157 1250 2253 73
4760 4 3 1 1 0 329 1248 1318 325
4761 4 3 1 1 0 1987 648 621 2137
4762 4 3 1 1 0 1159 1776 1764 1151
4763 4 3 1 1 0 1926 1650 1932 1102
4764 4 3 1 1 0 1272 2070 316 1300
4765 4 3 1 1 0 1322 1328 1182 1240
4766 4 3 1 1 0 1903 1050 2075 2074
4767 4 3 1 1 0 1212 919 921 922
4768 4 3 1 1 0 1635 1774 1114 1777
4769 4 3 1 1 0 2026 350 2023 1258
4770 4 3 1 1 0 1344 348 334 393
4771 4 3 1 1 0 1777 1633 1774 1775
4772 4 3 1 1 0 87 86 293 2244
4773 4 3 1 1 0 1427 1381 1373 427
4774 4 3 1 1 0 1725 625 1727 1472
4775 4 3 1 1 0 2181 806 2178 1588
4776 4 3 1 1 0 1039 1527 1400 1396
4777 4 3 1 1 0 1814 1069 1422 1420
4778 4 3 1 1 0 1714 1713 1826 1821
4779 4 3 1 1 0 1672 1664 1610 1595
4780 4 3 1 1 0 1759 2203 1635 1633
4781 4 3 1 1 0 1417 1407 2121 1715
4782 4 3 1 1 0 448 1401 1413 1376
4783 4 3 1 1 0 1403 443 442 1412
4784 4 3 1 1 0 985 993 1784 1106
4785 4 3 1 1 0 1058 1784 2221 985
4786 4 3 1 1 0 2117 443 1409 1403
4787 4 3 1 1 0 1241 1238 1249 2048
4788 4 3 1 1 0 1158 1784 985 2221
4789 4 3 1 1 0 1759 1161 1635 2203
4790 4 3 1 1 0 2098 797 1363 2099
4791 4 3 1 1 0 1058 2221 1784 1059
4792 4 3 1 1 0 2002 2001 2003 2000
4793 4 3 1 1 0 1388 1429 1832 1292
4794 4 3 1 1 0 1817 1405 2114 1403
4795 4 3 1 1 0 528 1427 427 535
4796 4 3 1 1 0 1390 507 532 2112
4797 4 3 1 1 0 2020 1212 1208 923
4798 4 3 1 1 0 1333 768 1530 1362
4799 4 3 1 1 0 138 139 661 1333
4800 4 3 1 1 0 1158 1784 2221 994
4801 4 3 1 1 0 847 1077 902 900
4802 4 3 1 1 0 463 479 1372 509
4803 4 3 1 1 0 2221 1784 983 994
4804 4 3 1 1 0 461 1364 1409 508
4805 4 3 1 1 0 461 1364 2118 1409
4806 4 3 1 1 0 439 1260 509 1364
4807 4 3 1 1 0 2114 2214 1376 1402
4808 4 3 1 1 0 427 105 1381 2254
4809 4 3 1 1 0 419 494 499 1379
4810 4 3 1 1 0 2178 2181 1586 1617
4811 4 3 1 1 0 1077 902 900 785
4812 4 3 1 1 0 2264 1073 2104 943
4813 4 3 1 1 0 987 1809 1572 1588
4814 4 3 1 1 0 2094 1811 1378 1359
4815 4 3 1 1 0 914 1978 1207 1986
4816 4 3 1 1 0 1076 1460 1512 1441
4817 4 3 1 1 0 1538 2171 1757 1513
4818 4 3 1 1 0 1760 1119 1501 1164
4819 4 3 1 1 0 1925 1083 1436 1926
4820 4 3 1 1 0 1498 1488 2160 1499
4821 4 3 1 1 0 574 1487 570 569
4822 4 3 1 1 0 1041 1720 1867 1872
4823 4 3 1 1 0 1023 1569 1638 1641
4824 4 3 1 1 0 1486 631 1484 632
4825 4 3 1 1 0 1760 1119 1164 1681
4826 4 3 1 1 0 2157 563 566 565
4827 4 3 1 1 0 2151 853 893 854
4828 4 3 1 1 0 1831 1830 1897 1331
4829 4 3 1 1 0 597 2140 2141 634
4830 4 3 1 1 0 1537 1564 1541 1862
4831 4 3 1 1 0 1753 1865 1638 1023
4832 4 3 1 1 0 587 576 2126 590
4833 4 3 1 1 0 625 1727 1472 599
4834 4 3 1 1 0 1329 1897 1830 1331
4835 4 3 1 1 0 1615 1929 1620 1649
4836 4 3 1 1 0 1512 2148 1463 1462
4837 4 3 1 1 0 1963 1478 118 544
4838 4 3 1 1 0 1761 1490 1491 1461
4839 4 3 1 1 0 647 608 594 2128
4840 4 3 1 1 0 1513 971 1757 1647
4841 4 3 1 1 0 1930 1981 1176 1500
4842 4 3 1 1 0 1513 971 1647 1435
4843 4 3 1 1 0 619 1443 552 618
4844 4 3 1 1 0 992 993 1914 985
4845 4 3 1 1 0 1058 1914 993 985
4846 4 3 1 1 0 1725 978 1771 1648
4847 4 3 1 1 0 682 681 758 1015
4848 4 3 1 1 0 1491 1461 572 1496
4849 4 3 1 1 0 2199 1658 1618 2200
4850 4 3 1 1 0 625 599 1472 588
4851 4 3 1 1 0 1901 2282 1389 1400
4852 4 3 1 1 0 908 1389 91 910
4853 4 3 1 1 0 750 1515 1516 762
4854 4 3 1 1 0 1514 750 697 1556
4855 4 3 1 1 0 2200 957 1075 1651
4856 4 3 1 1 0 2200 957 1651 1658
4857 4 3 1 1 0 1961 1501 579 1962
4858 4 3 1 1 0 1940 1340 1979 2078
4859 4 3 1 1 0 178 2245 1078 185
4860 4 3 1 1 0 2200 957 1658 1618
4861 4 3 1 1 0 1515 750 695 703
4862 4 3 1 1 0 2174 2173 1549 1560
4863 4 3 1 1 0 625 592 1962 1770
4864 4 3 1 1 0 1516 1243 731 1517
4865 4 3 1 1 0 448 1401 1376 510
4866 4 3 1 1 0 1898 1341 1311 2013
4867 4 3 1 1 0 2057 1265 1186 2062
4868 4 3 1 1 0 1898 1311 1341 1337
4869 4 3 1 1 0 1828 1673 2202 1823
4870 4 3 1 1 0 1544 1532 1869 1535
4871 4 3 1 1 0 2167 1546 1531 1869
4872 4 3 1 1 0 2182 881 2184 2183
4873 4 3 1 1 0 1066 213 270 992
4874 4 3 1 1 0 1713 1826 1711 1897
4875 4 3 1 1 0 1061 1958 1632 1627
4876 4 3 1 1 0 2150 2148 1436 2129
4877 4 3 1 1 0 893 2136 795 2133
4878 4 3 1 1 0 958 1795 984 1672
4879 4 3 1 1 0 1575 2190 1915 1060
4880 4 3 1 1 0 1961 592 1962 579
4881 4 3 1 1 0 1060 1619 1612 1624
4882 4 3 1 1 0 1673 1284 1916 1285
4883 4 3 1 1 0 427 104 1373 490
4884 4 3 1 1 0 1672 1610 958 1795
4885 4 3 1 1 0 529 473 498 1363
4886 4 3 1 1 0 1672 1664 1595 1666
4887 4 3 1 1 0 2148 786 869 122
4888 4 3 1 1 0 1437 1464 2152 2151
4889 4 3 1 1 0 2161 2198 1932 1956
4890 4 3 1 1 0 1002 1711 962 1717
4891 4 3 1 1 0 1075 1594 1605 1602
4892 4 3 1 1 0 914 1986 127 915
4893 4 3 1 1 0 2238 2061 2056 378
4894 4 3 1 1 0 824 819 825 1581
4895 4 3 1 1 0 2082 825 1581 888
4896 4 3 1 1 0 1991 2053 1184 1992
4897 4 3 1 1 0 1610 1669 958 1795
4898 4 3 1 1 0 870 2064 886 871
4899 4 3 1 1 0 2009 1722 1200 2214
4900 4 3 1 1 0 1787 1087 1378 1784
4901 4 3 1 1 0 2062 2057 845 861
4902 4 3 1 1 0 1265 835 2079 845
4903 4 3 1 1 0 2081 850 1577 1250
4904 4 3 1 1 0 1669 1610 958 1665
4905 4 3 1 1 0 1798 1850 1793 1794
4906 4 3 1 1 0 1798 1793 1850 1092
4907 4 3 1 1 0 1685 1683 2207 1693
4908 4 3 1 1 0 405 2044 352 1256
4909 4 3 1 1 0 483 2026 100 428
4910 4 3 1 1 0 1714 999 1713 1821
4911 4 3 1 1 0 1255 1241 1242 2050
4912 4 3 1 1 0 1241 2059 1282 365
4913 4 3 1 1 0 1595 1850 1794 1793
4914 4 3 1 1 0 1829 1002 1717 1711
4915 4 3 1 1 0 154 1244 940 1252
4916 4 3 1 1 0 557 637 560 1479
4917 4 3 1 1 0 1674 1850 1793 1092
4918 4 3 1 1 0 1227 672 1225 770
4919 4 3 1 1 0 718 746 769 1467
4920 4 3 1 1 0 1839 1719 1896 1695
4921 4 3 1 1 0 1059 986 1782 1629
4922 4 3 1 1 0 1224 949 2035 2085
4923 4 3 1 1 0 984 1786 1791 1790
4924 4 3 1 1 0 1781 1789 984 1786
4925 4 3 1 1 0 1471 1493 2216 1469
4926 4 3 1 1 0 984 1791 1786 1789
4927 4 3 1 1 0 1089 1939 1596 1938
4928 4 3 1 1 0 984 1788 1789 983
4929 4 3 1 1 0 1006 1708 1698 1788
4930 4 3 1 1 0 405 2044 367 355
4931 4 3 1 1 0 1131 1693 1695 1886
4932 4 3 1 1 0 1985 1661 1179 1838
4933 4 3 1 1 0 1698 2220 1006 1788
4934 4 3 1 1 0 1185 1626 1340 1091
4935 4 3 1 1 0 2108 2102 887 2098
4936 4 3 1 1 0 2142 2139 1451 1453
4937 4 3 1 1 0 1061 1632 1807 1762
4938 4 3 1 1 0 1131 1693 1886 1694
4939 4 3 1 1 0 1906 1039 1707 1928
4940 4 3 1 1 0 1021 1704 1707 1928
4941 4 3 1 1 0 979 1118 1771 978
4942 4 3 1 1 0 1701 961 1707 1702
4943 4 3 1 1 0 1133 1030 1096 218
4944 4 3 1 1 0 1005 1750 2223 1792
4945 4 3 1 1 0 1836 1878 1686 1132
4946 4 3 1 1 0 1005 2223 1750 1744
4947 4 3 1 1 0 1959 1860 1534 1124
4948 4 3 1 1 0 1084 670 1048 1054
4949 4 3 1 1 0 2171 1543 1468 1513
4950 4 3 1 1 0 1014 1858 1859 1767
4951 4 3 1 1 0 779 1072 777 662
4952 4 3 1 1 0 1795 1787 984 1783
4953 4 3 1 1 0 1765 2219 1698 1699
4954 4 3 1 1 0 983 984 1787 1783
4955 4 3 1 1 0 1541 1557 1016 1863
4956 4 3 1 1 0 1569 1023 1638 1865
4957 4 3 1 1 0 1533 685 1862 754
4958 4 3 1 1 0 783 681 733 1055
4959 4 3 1 1 0 761 783 733 1055
4960 4 3 1 1 0 1897 1895 1839 1896
4961 4 3 1 1 0 1066 211 270 258
4962 4 3 1 1 0 1348 1967 1900 1965
4963 4 3 1 1 0 993 1937 1574 1573
4964 4 3 1 1 0 1647 1948 1432 1435
4965 4 3 1 1 0 2095 1378 1073 2093
4966 4 3 1 1 0 258 981 1150 1140
4967 4 3 1 1 0 367 2044 405 1256
4968 4 3 1 1 0 979 1118 978 275
4969 4 3 1 1 0 1104 959 1772 1121
4970 4 3 1 1 0 989 1947 1110 1111
4971 4 3 1 1 0 1567 1723 1844 1716
4972 4 3 1 1 0 1567 1844 1723 1876
4973 4 3 1 1 0 1972 1971 1163 1639
4974 4 3 1 1 0 1723 1421 1905 1844
4975 4 3 1 1 0 258 200 1150 203
4976 4 3 1 1 0 206 1970 1147 1120
4977 4 3 1 1 0 1972 956 1639 1681
4978 4 3 1 1 0 1426 1723 1905 1844
4979 4 3 1 1 0 1253 1252 1254 1244
4980 4 3 1 1 0 1150 200 198 203
4981 4 3 1 1 0 1010 1037 1704 1893
4982 4 3 1 1 0 1135 262 201 215
4983 4 3 1 1 0 1040 1642 1893 1710
4984 4 3 1 1 0 2204 1733 1748 2205
4985 4 3 1 1 0 1939 1917 1596 1938
4986 4 3 1 1 0 1710 1040 1642 1861
4987 4 3 1 1 0 1140 1780 982 1853
4988 4 3 1 1 0 1040 1893 1642 1643
4989 4 3 1 1 0 1880 1881 1753 1877
4990 4 3 1 1 0 1005 1708 1788 1698
4991 4 3 1 1 0 1785 1005 2219 2218
4992 4 3 1 1 0 983 1789 2218 1788
4993 4 3 1 1 0 1766 1710 1893 1642
4994 4 3 1 1 0 1150 1764 1159 1144
4995 4 3 1 1 0 1627 1635 1634 1958
4996 4 3 1 1 0 959 1121 1162 1681
4997 4 3 1 1 0 1776 1159 1764 1144
4998 4 3 1 1 0 2187 1918 1807 1602
4999 4 3 1 1 0 1236 1344 1191 1193
5000 4 3 1 1 0 820 823 816 2188
5001 4 3 1 1 0 1175 1584 1649 1979
5002 4 3 1 1 0 2081 1250 1577 2083
5003 4 3 1 1 0 1948 1155 1638 1167
5004 4 3 1 1 0 1790 1840 1791 1797
5005 4 3 1 1 0 1398 2067 2002 1192
5006 4 3 1 1 0 1356 1421 1844 1905
5007 4 3 1 1 0 1305 1313 1740 1346
5008 4 3 1 1 0 382 1321 337 327
5009 4 3 1 1 0 1182 1285 1335 1995
5010 4 3 1 1 0 1820 1190 1998 1830
5011 4 3 1 1 0 2019 1180 1207 1188
5012 4 3 1 1 0 1426 1723 1844 1876
5013 4 3 1 1 0 1975 1978 1977 299
5014 4 3 1 1 0 1740 1313 1305 1142
5015 4 3 1 1 0 2078 1992 2083 1184
5016 4 3 1 1 0 1313 1739 1740 1346
5017 4 3 1 1 0 1740 1739 1313 1142
5018 4 3 1 1 0 1668 1797 1799 1675
5019 4 3 1 1 0 837 876 1576 901
5020 4 3 1 1 0 1991 2053 1992 1994
5021 4 3 1 1 0 1412 2117 1817 1403
5022 4 3 1 1 0 1716 1019 1844 1567
5023 4 3 1 1 0 1524 2169 1860 1911
5024 4 3 1 1 0 1524 1860 2169 1015
5025 4 3 1 1 0 302 358 394 2054
5026 4 3 1 1 0 1254 1244 2050 1255
5027 4 3 1 1 0 347 365 1282 396
5028 4 3 1 1 0 2139 2140 1448 1451
5029 4 3 1 1 0 1912 1047 1859 1934
5030 4 3 1 1 0 2139 2140 1451 2141
5031 4 3 1 1 0 1282 1289 1286 2077
5032 4 3 1 1 0 597 2140 634 641
5033 4 3 1 1 0 2000 1191 1193 2001
5034 4 3 1 1 0 433 1270 1398 434
5035 4 3 1 1 0 2139 2140 641 1448
5036 4 3 1 1 0 1258 1999 1338 1271
5037 4 3 1 1 0 1420 1357 1418 1408
5038 4 3 1 1 0 1455 1288 2028 2076
5039 4 3 1 1 0 1418 1357 1420 1811
5040 4 3 1 1 0 1457 1439 1882 1440
5041 4 3 1 1 0 1439 1262 1454 1479
5042 4 3 1 1 0 1187 1990 1315 1317
5043 4 3 1 1 0 1224 82 951 83
5044 4 3 1 1 0 1344 1240 1334 1998
5045 4 3 1 1 0 1969 2225 1838 1799
5046 4 3 1 1 0 1344 1334 1240 1239
5047 4 3 1 1 0 1035 1912 1859 1934
5048 4 3 1 1 0 1014 1912 1047 1859
5049 4 3 1 1 0 1676 1829 1675 1717
5050 4 3 1 1 0 1620 1956 1662 1649
5051 4 3 1 1 0 1013 1912 1014 1859
5052 4 3 1 1 0 1511 1883 1690 1455
5053 4 3 1 1 0 1883 1481 1511 1690
5054 4 3 1 1 0 1392 2168 1396 1521
5055 4 3 1 1 0 742 1395 2282 1400
5056 4 3 1 1 0 1014 1167 1859 1047
5057 4 3 1 1 0 1352 1395 726 743
5058 4 3 1 1 0 1454 1883 1481 1511
5059 4 3 1 1 0 1352 489 482 521
5060 4 3 1 1 0 1650 1651 957 1662
5061 4 3 1 1 0 2218 1005 2219 1708
5062 4 3 1 1 0 1651 1658 957 1662
5063 4 3 1 1 0 836 864 2107 865
5064 4 3 1 1 0 2101 416 1366 531
5065 4 3 1 1 0 1259 1365 1822 1366
5066 4 3 1 1 0 1406 1404 2114 1401
5067 4 3 1 1 0 1711 1831 1897 1719
5068 4 3 1 1 0 1412 1403 1817 1406
5069 4 3 1 1 0 1698 2219 1005 1708
5070 4 3 1 1 0 1360 1904 2096 2090
5071 4 3 1 1 0 1425 1414 1386 1842
5072 4 3 1 1 0 1425 1386 1414 1416
5073 4 3 1 1 0 2177 1576 1832 1833
5074 4 3 1 1 0 1651 1848 1602 1850
5075 4 3 1 1 0 1115 1519 1959 1015
5076 4 3 1 1 0 1956 1620 1662 1650
5077 4 3 1 1 0 680 1015 681 682
5078 4 3 1 1 0 1493 568 571 564
5079 4 3 1 1 0 2143 1543 1468 1452
5080 4 3 1 1 0 708 1540 1450 700
5081 4 3 1 1 0 1765 1642 1893 1643
5082 4 3 1 1 0 2228 1930 1176 1500
5083 4 3 1 1 0 1636 1640 1119 967
5084 4 3 1 1 0 2189 2188 1621 1599
5085 4 3 1 1 0 1632 1759 1627 1635
5086 4 3 1 1 0 1599 1600 1627 1622
5087 4 3 1 1 0 1653 972 1758 1654
5088 4 3 1 1 0 1082 989 1097 1111
5089 4 3 1 1 0 1501 1504 1119 967
5090 4 3 1 1 0 1644 1128 1642 1130
5091 4 3 1 1 0 2095 1378 1370 1074
5092 4 3 1 1 0 1041 1020 1718 1721
5093 4 3 1 1 0 1472 625 1770 1725
5094 4 3 1 1 0 2150 841 1465 1512
5095 4 3 1 1 0 990 1370 1378 1074
5096 4 3 1 1 0 646 2131 1438 2152
5097 4 3 1 1 0 1615 1929 1649 1583
5098 4 3 1 1 0 1719 1041 1718 1200
5099 4 3 1 1 0 2130 626 581 1498
5100 4 3 1 1 0 1465 1473 1436 1083
5101 4 3 1 1 0 572 1490 567 573
5102 4 3 1 1 0 1615 1604 1620 1616
5103 4 3 1 1 0 597 649 590 1453
5104 4 3 1 1 0 979 2248 1123 184
5105 4 3 1 1 0 1118 1681 1771 956
5106 4 3 1 1 0 655 644 1466 612
5107 4 3 1 1 0 1448 1450 1887 1476
5108 4 3 1 1 0 1883 1691 1457 1882
5109 4 3 1 1 0 2085 1261 1222 2086
5110 4 3 1 1 0 1996 1189 1297 1226
5111 4 3 1 1 0 1123 548 979 1773
5112 4 3 1 1 0 1278 2014 2071 2072
5113 4 3 1 1 0 1437 1930 1929 1474
5114 4 3 1 1 0 1638 1155 1641 1167
5115 4 3 1 1 0 2021 2008 2009 2230
5116 4 3 1 1 0 958 995 1671 1816
5117 4 3 1 1 0 1020 1716 1718 1721
5118 4 3 1 1 0 1544 688 1535 691
5119 4 3 1 1 0 1841 1423 1703 1425
5120 4 3 1 1 0 706 2172 751 1548
5121 4 3 1 1 0 1797 1668 1002 1791
5122 4 3 1 1 0 690 695 696 1548
5123 4 3 1 1 0 701 695 1559 696
5124 4 3 1 1 0 1514 750 705 697
5125 4 3 1 1 0 1813 1671 995 1816
5126 4 3 1 1 0 1322 1314 1240 1321
5127 4 3 1 1 0 1724 249 1031 1024
5128 4 3 1 1 0 1769 249 251 284
5129 4 3 1 1 0 1570 745 673 781
5130 4 3 1 1 0 1448 1442 2142 740
5131 4 3 1 1 0 1585 2078 1582 1577
5132 4 3 1 1 0 1353 1390 1352 2087
5133 4 3 1 1 0 740 2142 1450 1452
5134 4 3 1 1 0 823 1600 827 872
5135 4 3 1 1 0 1985 2202 1838 1179
5136 4 3 1 1 0 1352 1390 1353 489
5137 4 3 1 1 0 2202 1944 1179 1659
5138 4 3 1 1 0 1882 1737 1480 1481
5139 4 3 1 1 0 1882 1480 1737 1471
5140 4 3 1 1 0 1606 819 1601 1581
5141 4 3 1 1 0 1727 615 657 1726
5142 4 3 1 1 0 1581 1603 1090 1615
5143 4 3 1 1 0 1175 1583 1582 1979
5144 4 3 1 1 0 2156 1480 1737 1481
5145 4 3 1 1 0 2156 1737 1480 1471
5146 4 3 1 1 0 2118 2119 1816 2120
5147 4 3 1 1 0 2139 2141 1451 1453
5148 4 3 1 1 0 2082 1340 2080 1296
5149 4 3 1 1 0 2118 2119 2120 1405
5150 4 3 1 1 0 1371 473 2100 503
5151 4 3 1 1 0 1364 2119 1411 2118
5152 4 3 1 1 0 1727 615 1726 600
5153 4 3 1 1 0 882 1074 2099 855
5154 4 3 1 1 0 817 1607 1609 814
5155 4 3 1 1 0 2118 2119 1411 1816
5156 4 3 1 1 0 1631 796 1927 1098
5157 4 3 1 1 0 1551 1544 1532 1869
5158 4 3 1 1 0 1968 1699 1128 961
5159 4 3 1 1 0 1765 1141 1764 1145
5160 4 3 1 1 0 1432 1435 1948 1025
5161 4 3 1 1 0 1845 1004 1735 1646
5162 4 3 1 1 0 823 1621 1600 872
5163 4 3 1 1 0 2122 1579 1418 1813
5164 4 3 1 1 0 1741 1183 1298 1347
5165 4 3 1 1 0 1754 971 1729 1638
5166 4 3 1 1 0 1706 1006 1422 1851
5167 4 3 1 1 0 843 2107 1380 2108
5168 4 3 1 1 0 1741 1298 1183 1203
5169 4 3 1 1 0 976 956 1648 973
5170 4 3 1 1 0 978 1118 1771 1648
5171 4 3 1 1 0 1727 615 600 599
5172 4 3 1 1 0 655 1505 1113 600
5173 4 3 1 1 0 1641 1155 1638 1636
5174 4 3 1 1 0 2036 2047 1233 310
5175 4 3 1 1 0 2070 2037 1272 313
5176 4 3 1 1 0 1561 2167 1021 1527
5177 4 3 1 1 0 2209 1027 1882 1691
5178 4 3 1 1 0 2167 1021 1527 1518
5179 4 3 1 1 0 633 1480 2156 561
5180 4 3 1 1 0 2086 636 556 1456
5181 4 3 1 1 0 1700 1136 1137 1139
5182 4 3 1 1 0 1520 1527 1021 1518
5183 4 3 1 1 0 1947 986 1064 1804
5184 4 3 1 1 0 1947 986 1804 1110
5185 4 3 1 1 0 1928 1523 1520 1079
5186 4 3 1 1 0 1394 468 1390 507
5187 4 3 1 1 0 2021 2008 2230 2010
5188 4 3 1 1 0 444 450 505 1414
5189 4 3 1 1 0 1720 1886 1693 1878
5190 4 3 1 1 0 1417 1716 1841 1003
5191 4 3 1 1 0 971 1636 1729 1638
5192 4 3 1 1 0 188 1125 268 1044
5193 4 3 1 1 0 1727 615 599 657
5194 4 3 1 1 0 207 218 202 1096
5195 4 3 1 1 0 1641 1155 955 1167
5196 4 3 1 1 0 1637 955 1148 1130
5197 4 3 1 1 0 1867 1886 1720 1878
5198 4 3 1 1 0 1562 1691 2211 2175
5199 4 3 1 1 0 1732 1482 1485 1731
5200 4 3 1 1 0 1747 2204 1132 1748
5201 4 3 1 1 0 1495 1498 2161 1500
5202 4 3 1 1 0 2094 1378 1370 2095
5203 4 3 1 1 0 2194 2193 1614 1598
5204 4 3 1 1 0 1640 1760 1746 1639
5205 4 3 1 1 0 341 1327 1201 1264
5206 4 3 1 1 0 129 547 2045 554
5207 4 3 1 1 0 746 2144 1467 1458
5208 4 3 1 1 0 1443 2125 2126 1433
5209 4 3 1 1 0 1061 2189 1621 1599
5210 4 3 1 1 0 2207 1696 1142 1685
5211 4 3 1 1 0 1471 1470 2216 1737
5212 4 3 1 1 0 1061 2189 1599 1918
5213 4 3 1 1 0 1736 1748 1733 2215
5214 4 3 1 1 0 2094 1378 1579 1370
5215 4 3 1 1 0 1848 1004 1735 1845
5216 4 3 1 1 0 1814 994 1422 1006
5217 4 3 1 1 0 1769 965 1648 1726
5218 4 3 1 1 0 1035 1890 1048 1934
5219 4 3 1 1 0 963 1094 1948 1025
5220 4 3 1 1 0 2255 35 34 172
5221 4 3 1 1 0 1473 1465 1616 1083
5222 4 3 1 1 0 1725 624 978 2246
5223 4 3 1 1 0 1025 2153 1024 1431
5224 4 3 1 1 0 239 171 238 1063
5225 4 3 1 1 0 1432 2125 1435 1466
5226 4 3 1 1 0 1736 1682 1732 968
5227 4 3 1 1 0 1026 2209 1688 1737
5228 4 3 1 1 0 1807 1592 1629 1591
5229 4 3 1 1 0 1132 1749 1748 1652
5230 4 3 1 1 0 1087 1784 1787 1783
5231 4 3 1 1 0 1810 1787 1420 1811
5232 4 3 1 1 0 1783 1784 1787 983
5233 4 3 1 1 0 1806 1807 1629 1591
5234 4 3 1 1 0 1785 1846 2222 1004
5235 4 3 1 1 0 2189 830 1596 1621
5236 4 3 1 1 0 1847 1798 1794 1850
5237 4 3 1 1 0 968 2205 2206 1730
5238 4 3 1 1 0 1848 1004 1845 1847
5239 4 3 1 1 0 438 1397 439 1404
5240 4 3 1 1 0 1778 985 2221 1153
5241 4 3 1 1 0 1848 1651 1849 1763
5242 4 3 1 1 0 1574 1572 1573 1937
5243 4 3 1 1 0 1579 1370 1378 1808
5244 4 3 1 1 0 1669 1671 1579 991
5245 4 3 1 1 0 1786 1781 1785 1004
5246 4 3 1 1 0 1505 965 1113 600
5247 4 3 1 1 0 1612 1823 2199 1659
5248 4 3 1 1 0 1793 1797 984 1666
5249 4 3 1 1 0 1915 2177 1575 1350
5250 4 3 1 1 0 966 965 600 1472
5251 4 3 1 1 0 2117 1817 1403 2120
5252 4 3 1 1 0 1333 1279 1212 2075
5253 4 3 1 1 0 1668 1797 984 1791
5254 4 3 1 1 0 537 515 1259 487
5255 4 3 1 1 0 1658 1177 2201 1941
5256 4 3 1 1 0 1569 1865 1534 1861
5257 4 3 1 1 0 1856 1037 1036 1891
5258 4 3 1 1 0 1279 1333 1281 2075
5259 4 3 1 1 0 1580 1478 1100 1101
5260 4 3 1 1 0 1845 1004 1633 1846
5261 4 3 1 1 0 2128 2145 1462 1441
5262 4 3 1 1 0 1892 1008 1116 1906
5263 4 3 1 1 0 1737 1755 2156 1483
5264 4 3 1 1 0 1755 2156 1493 1471
5265 4 3 1 1 0 1483 1484 1482 2156
5266 4 3 1 1 0 1890 280 1030 1035
5267 4 3 1 1 0 2142 1029 1452 1468
5268 4 3 1 1 0 2127 2143 1513 1468
5269 4 3 1 1 0 1537 1016 1532 1862
5270 4 3 1 1 0 1717 962 2213 1713
5271 4 3 1 1 0 237 172 1048 1035
5272 4 3 1 1 0 1416 1406 1413 445
5273 4 3 1 1 0 442 1416 1406 1412
5274 4 3 1 1 0 756 710 1520 1518
5275 4 3 1 1 0 1600 823 2188 1621
5276 4 3 1 1 0 1416 1406 1412 2121
5277 4 3 1 1 0 1271 336 1191 1338
5278 4 3 1 1 0 1416 1406 2121 1413
5279 4 3 1 1 0 958 984 1795 995
5280 4 3 1 1 0 1487 2162 569 1491
5281 4 3 1 1 0 1917 1596 1938 1621
5282 4 3 1 1 0 1596 832 1938 1621
5283 4 3 1 1 0 1609 988 1610 1608
5284 4 3 1 1 0 1609 988 1607 1610
5285 4 3 1 1 0 1538 1022 1513 1647
5286 4 3 1 1 0 2162 1485 1487 566
5287 4 3 1 1 0 265 272 1030 228
5288 4 3 1 1 0 965 1769 973 1169
5289 4 3 1 1 0 1933 1912 1084 1934
5290 4 3 1 1 0 955 1155 1641 1636
5291 4 3 1 1 0 1617 991 1665 1610
5292 4 3 1 1 0 1895 1308 1897 2004
5293 4 3 1 1 0 1197 2020 2022 2010
5294 4 3 1 1 0 1293 1341 2074 1874
5295 4 3 1 1 0 1899 2021 2230 1903
5296 4 3 1 1 0 1222 2030 1224 1217
5297 4 3 1 1 0 1355 753 1554 714
5298 4 3 1 1 0 466 1377 1386 465
5299 4 3 1 1 0 1109 1117 289 1086
5300 4 3 1 1 0 1709 1906 1707 1928
5301 4 3 1 1 0 1009 232 1053 1081
5302 4 3 1 1 0 1140 1156 1071 1158
5303 4 3 1 1 0 501 2276 425 89
5304 4 3 1 1 0 2184 2176 804 805
5305 4 3 1 1 0 898 841 2148 1512
5306 4 3 1 1 0 1825 1286 1239 1282
5307 4 3 1 1 0 52 20 180 2247
5308 4 3 1 1 0 1825 1239 1286 1240
5309 4 3 1 1 0 332 1239 1286 1282
5310 4 3 1 1 0 227 1888 226 1071
5311 4 3 1 1 0 1099 1112 1947 1114
5312 4 3 1 1 0 1110 989 1111 1917
5313 4 3 1 1 0 332 1286 1239 1240
5314 4 3 1 1 0 1077 902 785 859
5315 4 3 1 1 0 285 287 232 1053
5316 4 3 1 1 0 248 1117 1138 216
5317 4 3 1 1 0 2219 1153 1764 1151
5318 4 3 1 1 0 1688 1682 1737 1697
5319 4 3 1 1 0 1682 969 1737 1697
5320 4 3 1 1 0 1153 981 1764 1151
5321 4 3 1 1 0 1980 1985 1984 1323
5322 4 3 1 1 0 1501 1507 2166 1490
5323 4 3 1 1 0 2196 1745 2223 1744
5324 4 3 1 1 0 1571 1600 1512 1076
5325 4 3 1 1 0 1075 1598 1604 2185
5326 4 3 1 1 0 1098 1103 255 271
5327 4 3 1 1 0 1115 1856 1056 1011
5328 4 3 1 1 0 264 191 1095 265
5329 4 3 1 1 0 685 1532 754 686
5330 4 3 1 1 0 1483 1482 1734 1755
5331 4 3 1 1 0 1959 1860 1124 1913
5332 4 3 1 1 0 1039 1400 1523 1901
5333 4 3 1 1 0 1162 231 220 261
5334 4 3 1 1 0 1122 611 1773 650
5335 4 3 1 1 0 1459 1478 1101 1126
5336 4 3 1 1 0 1773 1963 1126 1964
5337 4 3 1 1 0 789 167 882 1073
5338 4 3 1 1 0 1122 1961 1126 611
5339 4 3 1 1 0 1305 1696 1740 1142
5340 4 3 1 1 0 1391 534 1389 1377
5341 4 3 1 1 0 2043 1231 2041 1230
5342 4 3 1 1 0 519 1382 1168 456
5343 4 3 1 1 0 969 1483 1737 1481
5344 4 3 1 1 0 2159 1488 1485 1486
5345 4 3 1 1 0 1313 1317 1988 1323
5346 4 3 1 1 0 126 2135 621 125
5347 4 3 1 1 0 2228 1175 1474 1445
5348 4 3 1 1 0 1920 1919 1573 856
5349 4 3 1 1 0 1920 1573 1919 1062
5350 4 3 1 1 0 1943 369 1993 2065
5351 4 3 1 1 0 1711 1831 1719 962
5352 4 3 1 1 0 2058 394 2056 379
5353 4 3 1 1 0 799 2057 890 2055
5354 4 3 1 1 0 1995 1825 1182 1285
5355 4 3 1 1 0 1713 1897 1831 1714
5356 4 3 1 1 0 1331 1337 1899 1277
5357 4 3 1 1 0 1620 1075 1849 2193
5358 4 3 1 1 0 1332 1330 1211 1197
5359 4 3 1 1 0 1331 1337 1897 1899
5360 4 3 1 1 0 1331 1897 1337 1329
5361 4 3 1 1 0 1256 671 763 1279
5362 4 3 1 1 0 1365 537 1259 1260
5363 4 3 1 1 0 1190 2066 1999 2115
5364 4 3 1 1 0 1404 1405 1402 1397
5365 4 3 1 1 0 468 1394 1356 453
5366 4 3 1 1 0 2076 2028 1214 2027
5367 4 3 1 1 0 320 319 321 1314
5368 4 3 1 1 0 814 874 811 1593
5369 4 3 1 1 0 1190 2066 2115 1399
5370 4 3 1 1 0 1190 2066 1399 1191
5371 4 3 1 1 0 1516 705 731 769
5372 4 3 1 1 0 1190 2066 1191 1999
5373 4 3 1 1 0 1273 1272 1226 2031
5374 4 3 1 1 0 1278 2071 1256 352
5375 4 3 1 1 0 2159 1263 1503 1351
5376 4 3 1 1 0 695 1556 1548 692
5377 4 3 1 1 0 1575 876 1576 837
5378 4 3 1 1 0 1503 1263 2159 1738
5379 4 3 1 1 0 2040 2244 1231 293
5380 4 3 1 1 0 1214 1263 1216 1183
5381 4 3 1 1 0 1196 1324 1308 2007
5382 4 3 1 1 0 1304 1302 2007 1300
5383 4 3 1 1 0 717 762 1349 703
5384 4 3 1 1 0 837 1430 1576 1575
5385 4 3 1 1 0 2013 1341 1529 1199
5386 4 3 1 1 0 1970 974 1147 1166
5387 4 3 1 1 0 1822 1364 1237 996
5388 4 3 1 1 0 2147 1441 1496 1461
5389 4 3 1 1 0 416 2101 533 531
5390 4 3 1 1 0 1970 974 1166 1148
5391 4 3 1 1 0 1036 1012 1855 1042
5392 4 3 1 1 0 1427 1372 475 478
5393 4 3 1 1 0 1283 1832 1253 1244
5394 4 3 1 1 0 1894 1718 1837 1836
5395 4 3 1 1 0 819 829 825 1581
5396 4 3 1 1 0 378 2267 69 302
5397 4 3 1 1 0 1718 1837 1836 1002
5398 4 3 1 1 0 1005 1744 1765 2223
5399 4 3 1 1 0 2197 1765 1744 2223
5400 4 3 1 1 0 1971 2222 1645 1743
5401 4 3 1 1 0 2075 1212 1333 1280
5402 4 3 1 1 0 517 2276 1910 425
5403 4 3 1 1 0 1212 1276 2022 2075
5404 4 3 1 1 0 1645 2222 1971 1646
5405 4 3 1 1 0 1774 2222 2203 1680
5406 4 3 1 1 0 2203 2222 1774 1633
5407 4 3 1 1 0 1972 1970 1120 1147
5408 4 3 1 1 0 1978 914 1975 1986
5409 4 3 1 1 0 1782 1151 1785 2222
5410 4 3 1 1 0 2208 1684 1753 2205
5411 4 3 1 1 0 398 307 1250 359
5412 4 3 1 1 0 372 1188 1206 2016
5413 4 3 1 1 0 2199 1827 1624 1941
5414 4 3 1 1 0 1980 1317 1739 1323
5415 4 3 1 1 0 1061 1958 1627 1621
5416 4 3 1 1 0 97 2256 429 9
5417 4 3 1 1 0 1455 2076 1511 1454
5418 4 3 1 1 0 1510 1511 2076 1454
5419 4 3 1 1 0 1375 1722 1376 2121
5420 4 3 1 1 0 1810 1358 2103 1359
5421 4 3 1 1 0 425 2276 2279 89
5422 4 3 1 1 0 1358 523 485 1374
5423 4 3 1 1 0 2123 1381 2107 864
5424 4 3 1 1 0 1972 1970 1147 1166
5425 4 3 1 1 0 103 2101 490 416
5426 4 3 1 1 0 1373 2051 1429 1244
5427 4 3 1 1 0 2107 1381 2123 1428
5428 4 3 1 1 0 2177 1254 1253 1350
5429 4 3 1 1 0 2107 2124 2123 864
5430 4 3 1 1 0 2123 2124 2107 1428
5431 4 3 1 1 0 2120 1717 1812 1817
5432 4 3 1 1 0 247 42 170 1052
5433 4 3 1 1 0 1138 1165 1007 1137
5434 4 3 1 1 0 1773 1123 1964 1772
5435 4 3 1 1 0 874 1601 813 811
5436 4 3 1 1 0 2220 1837 1834 1812
5437 4 3 1 1 0 1904 1875 1905 1426
5438 4 3 1 1 0 1748 1657 1763 2215
5439 4 3 1 1 0 1393 2091 1394 1421
5440 4 3 1 1 0 1796 2220 1812 1837
5441 4 3 1 1 0 246 979 1121 1772
5442 4 3 1 1 0 461 1364 1372 2118
5443 4 3 1 1 0 1897 2004 1830 1826
5444 4 3 1 1 0 1071 1158 985 1140
5445 4 3 1 1 0 1428 1430 2123 2124
5446 4 3 1 1 0 942 937 1242 939
5447 4 3 1 1 0 2136 860 790 1446
5448 4 3 1 1 0 2190 2177 1916 1833
5449 4 3 1 1 0 2021 1360 1280 1904
5450 4 3 1 1 0 2149 123 540 623
5451 4 3 1 1 0 2162 1487 1485 1955
5452 4 3 1 1 0 841 827 828 2192
5453 4 3 1 1 0 824 1615 1583 826
5454 4 3 1 1 0 1498 2131 2130 1437
5455 4 3 1 1 0 246 1123 979 1772
5456 4 3 1 1 0 1881 1023 2195 1642
5457 4 3 1 1 0 1029 1470 2170 1468
5458 4 3 1 1 0 633 1471 560 634
5459 4 3 1 1 0 1464 1437 1473 2151
5460 4 3 1 1 0 840 2134 1474 1446
5461 4 3 1 1 0 1394 1003 1393 1421
5462 4 3 1 1 0 2150 841 2148 892
5463 4 3 1 1 0 2228 2138 1175 1445
5464 4 3 1 1 0 885 1616 828 873
5465 4 3 1 1 0 563 562 1484 631
5466 4 3 1 1 0 2228 1930 1437 1474
5467 4 3 1 1 0 1729 1730 1508 2208
5468 4 3 1 1 0 1482 2162 1485 1731
5469 4 3 1 1 0 1514 1556 1034 1516
5470 4 3 1 1 0 2136 790 860 889
5471 4 3 1 1 0 1687 1697 2211 1694
5472 4 3 1 1 0 690 695 1548 692
5473 4 3 1 1 0 1532 1551 1539 1544
5474 4 3 1 1 0 751 688 1544 691
5475 4 3 1 1 0 986 1782 1629 1775
5476 4 3 1 1 0 2121 1425 1394 1003
5477 4 3 1 1 0 106 2268 419 499
5478 4 3 1 1 0 1394 1425 2121 1416
5479 4 3 1 1 0 1965 1565 1558 1563
5480 4 3 1 1 0 1965 1558 1900 1563
5481 4 3 1 1 0 1103 1104 1100 1954
5482 4 3 1 1 0 1635 1111 1114 1634
5483 4 3 1 1 0 1529 1873 2042 1563
5484 4 3 1 1 0 2053 1173 1184 1174
5485 4 3 1 1 0 1845 1846 1807 1847
5486 4 3 1 1 0 1976 1184 1173 1174
5487 4 3 1 1 0 1529 2042 1966 1563
5488 4 3 1 1 0 1614 2193 1075 1598
5489 4 3 1 1 0 2041 2033 1966 2042
5490 4 3 1 1 0 2040 2270 293 370
5491 4 3 1 1 0 2040 2270 370 1227
5492 4 3 1 1 0 2040 408 293 1231
5493 4 3 1 1 0 2040 293 408 370
5494 4 3 1 1 0 1759 1746 1646 1654
5495 4 3 1 1 0 1510 1511 1481 1484
5496 4 3 1 1 0 2042 2033 1559 1229
5497 4 3 1 1 0 2215 2198 1657 1650
5498 4 3 1 1 0 2223 2196 2195 1751
5499 4 3 1 1 0 1444 1474 1445 2228
5500 4 3 1 1 0 2161 2198 1956 1489
5501 4 3 1 1 0 1965 1348 1198 1273
5502 4 3 1 1 0 1444 1445 1474 2134
5503 4 3 1 1 0 1817 1715 2213 1712
5504 4 3 1 1 0 1330 1999 1338 1258
5505 4 3 1 1 0 1330 1999 1830 1338
5506 4 3 1 1 0 1191 1999 1338 1190
5507 4 3 1 1 0 335 1338 1258 1330
5508 4 3 1 1 0 959 1972 1679 1163
5509 4 3 1 1 0 1162 1147 1120 260
5510 4 3 1 1 0 1639 973 956 1154
5511 4 3 1 1 0 1153 2221 1151 2219
5512 4 3 1 1 0 1004 1845 1633 1646
5513 4 3 1 1 0 1789 2218 1788 1750
5514 4 3 1 1 0 1651 1798 1848 1850
5515 4 3 1 1 0 1290 1342 1915 1625
5516 4 3 1 1 0 1747 2204 1748 2205
5517 4 3 1 1 0 984 1672 1793 1666
5518 4 3 1 1 0 2042 2033 1563 1559
5519 4 3 1 1 0 1827 1659 1179 2199
5520 4 3 1 1 0 335 1258 1338 1271
5521 4 3 1 1 0 1336 1185 1994 1993
5522 4 3 1 1 0 1304 1324 1303 2007
5523 4 3 1 1 0 2150 1465 828 1473
5524 4 3 1 1 0 1994 1185 1336 1942
5525 4 3 1 1 0 1777 1917 1635 1806
5526 4 3 1 1 0 823 1621 872 831
5527 4 3 1 1 0 809 2186 1594 2185
5528 4 3 1 1 0 1777 1917 1806 1110
5529 4 3 1 1 0 715 1293 773 763
5530 4 3 1 1 0 296 58 1212 59
5531 4 3 1 1 0 1082 235 271 179
5532 4 3 1 1 0 1600 2180 1621 1924
5533 4 3 1 1 0 2042 2033 1966 1563
5534 4 3 1 1 0 1892 1424 1039 1400
5535 4 3 1 1 0 92 1395 141 3
5536 4 3 1 1 0 729 1049 144 1909
5537 4 3 1 1 0 1777 1917 1110 1111
5538 4 3 1 1 0 1146 1744 2197 1764
5539 4 3 1 1 0 483 1213 1210 2020
5540 4 3 1 1 0 203 1112 204 1159
5541 4 3 1 1 0 1317 1980 1983 1323
5542 4 3 1 1 0 330 341 344 1216
5543 4 3 1 1 0 1245 1983 1248 1178
5544 4 3 1 1 0 306 1207 76 357
5545 4 3 1 1 0 1147 1134 1143 199
5546 4 3 1 1 0 1777 1917 1111 1635
5547 4 3 1 1 0 1973 1168 1383 1382
5548 4 3 1 1 0 1086 1383 527 488
5549 4 3 1 1 0 1070 1888 1068 1889
5550 4 3 1 1 0 2093 500 417 110
5551 4 3 1 1 0 651 2017 2018 658
5552 4 3 1 1 0 129 81 2045 22
5553 4 3 1 1 0 1907 1043 1042 1107
5554 4 3 1 1 0 1054 1115 1011 1055
5555 4 3 1 1 0 1044 188 186 187
5556 4 3 1 1 0 2250 121 12 549
5557 4 3 1 1 0 120 643 1463 549
5558 4 3 1 1 0 1903 2075 1904 1280
5559 4 3 1 1 0 1525 1084 777 1933
5560 4 3 1 1 0 1854 1891 1766 1125
5561 4 3 1 1 0 1774 1679 980 1680
5562 4 3 1 1 0 197 1144 1145 1150
5563 4 3 1 1 0 197 1144 1150 198
5564 4 3 1 1 0 981 1153 1140 985
5565 4 3 1 1 0 1903 1050 2074 1875
5566 4 3 1 1 0 1152 211 1064 1057
5567 4 3 1 1 0 1970 206 1149 1120
5568 4 3 1 1 0 1032 1070 536 491
5569 4 3 1 1 0 279 1157 227 257
5570 4 3 1 1 0 712 1050 1550 1018
5571 4 3 1 1 0 279 1032 252 227
5572 4 3 1 1 0 801 800 1922 1573
5573 4 3 1 1 0 1549 1869 1544 1551
5574 4 3 1 1 0 229 1117 282 289
5575 4 3 1 1 0 279 1032 173 252
5576 4 3 1 1 0 2279 2276 425 1910
5577 4 3 1 1 0 1961 1501 1962 1164
5578 4 3 1 1 0 1723 1421 1844 1716
5579 4 3 1 1 0 655 630 1505 600
5580 4 3 1 1 0 1947 989 1946 1111
5581 4 3 1 1 0 1829 1717 1713 1711
5582 4 3 1 1 0 1125 1854 1046 1127
5583 4 3 1 1 0 1859 1857 1030 1095
5584 4 3 1 1 0 1010 1081 1108 961
5585 4 3 1 1 0 1107 1036 1010 1046
5586 4 3 1 1 0 961 1108 1128 1968
5587 4 3 1 1 0 1084 1054 1055 733
5588 4 3 1 1 0 1763 972 1735 1733
5589 4 3 1 1 0 955 1154 1096 1155
5590 4 3 1 1 0 207 976 284 1031
5591 4 3 1 1 0 1724 1769 1169 1031
5592 4 3 1 1 0 1233 2034 1235 2029
5593 4 3 1 1 0 1312 1310 340 338
5594 4 3 1 1 0 1187 1324 1314 1304
5595 4 3 1 1 0 325 330 1248 1264
5596 4 3 1 1 0 314 313 311 2037
5597 4 3 1 1 0 2119 1405 1676 1717
5598 4 3 1 1 0 341 387 388 1327
5599 4 3 1 1 0 1245 2053 1246 1178
5600 4 3 1 1 0 1237 1676 1821 1824
5601 4 3 1 1 0 1257 1310 340 2071
5602 4 3 1 1 0 1341 2014 2072 1199
5603 4 3 1 1 0 1306 320 317 385
5604 4 3 1 1 0 1819 1825 997 1283
5605 4 3 1 1 0 1398 2002 2067 432
5606 4 3 1 1 0 2000 1238 2001 1193
5607 4 3 1 1 0 196 259 1144 198
5608 4 3 1 1 0 1241 347 365 1282
5609 4 3 1 1 0 65 303 397 1249
5610 4 3 1 1 0 1241 298 368 397
5611 4 3 1 1 0 378 2267 302 2056
5612 4 3 1 1 0 969 1483 1682 1737
5613 4 3 1 1 0 347 1282 1241 1239
5614 4 3 1 1 0 937 942 1366 102
5615 4 3 1 1 0 439 509 1260 512
5616 4 3 1 1 0 1316 382 383 322
5617 4 3 1 1 0 1399 1998 1820 1190
5618 4 3 1 1 0 1292 1284 1822 1819
5619 4 3 1 1 0 1322 1316 1989 1336
5620 4 3 1 1 0 342 1287 337 343
5621 4 3 1 1 0 2065 353 369 1993
5622 4 3 1 1 0 1252 851 2055 2054
5623 4 3 1 1 0 71 399 72 2242
5624 4 3 1 1 0 1292 1388 1284 1000
5625 4 3 1 1 0 1292 1283 1284 1819
5626 4 3 1 1 0 1284 1283 1292 1000
5627 4 3 1 1 0 1284 1824 996 1819
5628 4 3 1 1 0 2049 1238 487 2002
5629 4 3 1 1 0 478 479 1372 463
5630 4 3 1 1 0 438 439 1397 436
5631 4 3 1 1 0 442 1416 1412 505
5632 4 3 1 1 0 92 1395 430 522
5633 4 3 1 1 0 1032 421 536 1109
5634 4 3 1 1 0 1086 481 488 527
5635 4 3 1 1 0 841 1512 827 2192
5636 4 3 1 1 0 1001 1412 1814 1817
5637 4 3 1 1 0 495 2097 467 530
5638 4 3 1 1 0 1547 706 752 1550
5639 4 3 1 1 0 1425 1842 1386 1423
5640 4 3 1 1 0 1285 1328 1284 1819
5641 4 3 1 1 0 1285 1284 1328 1673
5642 4 3 1 1 0 2200 1602 1605 1674
5643 4 3 1 1 0 2104 1073 993 2093
5644 4 3 1 1 0 1516 1467 1219 1034
5645 4 3 1 1 0 2104 484 1889 112
5646 4 3 1 1 0 484 417 1374 485
5647 4 3 1 1 0 1058 1784 985 993
5648 4 3 1 1 0 944 167 945 1073
5649 4 3 1 1 0 1611 1388 1670 1665
5650 4 3 1 1 0 1383 519 527 488
5651 4 3 1 1 0 1403 440 1406 442
5652 4 3 1 1 0 1270 433 514 434
5653 4 3 1 1 0 1337 1330 1277 1331
5654 4 3 1 1 0 530 468 1356 453
5655 4 3 1 1 0 1213 2025 2023 2026
5656 4 3 1 1 0 500 529 423 2099
5657 4 3 1 1 0 2200 1602 1674 1651
5658 4 3 1 1 0 1329 1897 1337 1308
5659 4 3 1 1 0 473 1371 458 503
5660 4 3 1 1 0 2200 1602 1651 1075
5661 4 3 1 1 0 569 1487 570 566
5662 4 3 1 1 0 583 1490 1507 1501
5663 4 3 1 1 0 1158 1784 994 1106
5664 4 3 1 1 0 588 966 583 589
5665 4 3 1 1 0 1489 1981 2160 1503
5666 4 3 1 1 0 1654 1763 1849 1653
5667 4 3 1 1 0 1739 1346 1313 1317
5668 4 3 1 1 0 2220 1006 1834 1701
5669 4 3 1 1 0 2016 1188 1206 2019
5670 4 3 1 1 0 648 1987 542 617
5671 4 3 1 1 0 2220 1006 1701 1698
5672 4 3 1 1 0 1702 1705 961 1699
5673 4 3 1 1 0 1442 619 541 649
5674 4 3 1 1 0 1628 1592 1587 1588
5675 4 3 1 1 0 603 1443 2125 618
5676 4 3 1 1 0 1547 706 751 752
5677 4 3 1 1 0 1592 987 1587 1588
5678 4 3 1 1 0 1448 1449 2140 641
5679 4 3 1 1 0 541 2257 606 134
5680 4 3 1 1 0 1698 1702 1701 2220
5681 4 3 1 1 0 1034 1691 1565 1562
5682 4 3 1 1 0 2211 1697 2209 1027
5683 4 3 1 1 0 1224 950 951 952
5684 4 3 1 1 0 2028 2076 660 2027
5685 4 3 1 1 0 2211 2209 1697 1688
5686 4 3 1 1 0 376 1276 1279 412
5687 4 3 1 1 0 1300 316 385 317
5688 4 3 1 1 0 1588 1590 1587 1628
5689 4 3 1 1 0 1737 2209 1697 1027
5690 4 3 1 1 0 1390 1394 2091 1356
5691 4 3 1 1 0 1006 1834 1852 1812
5692 4 3 1 1 0 1737 1697 2209 1688
5693 4 3 1 1 0 994 984 1788 1812
5694 4 3 1 1 0 1824 998 1284 996
5695 4 3 1 1 0 1279 1281 1333 747
5696 4 3 1 1 0 2041 2033 2042 1229
5697 4 3 1 1 0 994 1788 984 983
5698 4 3 1 1 0 1218 1223 2039 1221
5699 4 3 1 1 0 1230 701 702 765
5700 4 3 1 1 0 723 722 1530 1050
5701 4 3 1 1 0 1818 1668 984 1812
5702 4 3 1 1 0 706 712 752 1550
5703 4 3 1 1 0 998 1328 1284 1673
5704 4 3 1 1 0 1084 670 1054 733
5705 4 3 1 1 0 1879 1513 2154 1022
5706 4 3 1 1 0 1818 1668 1812 1717
5707 4 3 1 1 0 1818 1668 1717 1675
5708 4 3 1 1 0 1015 1534 1519 1959
5709 4 3 1 1 0 998 1667 1284 996
5710 4 3 1 1 0 1555 1017 1869 1553
5711 4 3 1 1 0 1284 1667 998 1673
5712 4 3 1 1 0 350 2026 1211 1258
5713 4 3 1 1 0 727 734 667 1231
5714 4 3 1 1 0 1818 1668 1675 984
5715 4 3 1 1 0 1825 1282 997 1289
5716 4 3 1 1 0 1644 1643 1765 2223
5717 4 3 1 1 0 1446 840 839 1474
5718 4 3 1 1 0 1975 75 299 74
5719 4 3 1 1 0 354 1994 1991 1993
5720 4 3 1 1 0 399 2269 2063 2242
5721 4 3 1 1 0 1644 1643 2223 2195
5722 4 3 1 1 0 1904 2075 1050 1530
5723 4 3 1 1 0 848 847 900 1938
5724 4 3 1 1 0 1644 1643 2195 1642
5725 4 3 1 1 0 1644 1643 1642 1765
5726 4 3 1 1 0 1589 987 1588 1809
5727 4 3 1 1 0 1644 1128 1130 1141
5728 4 3 1 1 0 2184 987 1588 1587
5729 4 3 1 1 0 1473 1931 1436 1083
5730 4 3 1 1 0 2186 2189 816 877
5731 4 3 1 1 0 1017 1535 1869 1545
5732 4 3 1 1 0 1283 1255 1289 997
5733 4 3 1 1 0 841 2150 1465 828
5734 4 3 1 1 0 1629 1939 1591 1805
5735 4 3 1 1 0 1804 1805 1110 986
5736 4 3 1 1 0 1629 1939 1805 1110
5737 4 3 1 1 0 1825 1283 1289 997
5738 4 3 1 1 0 1601 1075 1923 1604
5739 4 3 1 1 0 1908 912 42 907
5740 4 3 1 1 0 1367 1244 1429 1292
5741 4 3 1 1 0 1085 1908 1910 911
5742 4 3 1 1 0 1606 874 829 875
5743 4 3 1 1 0 875 1609 821 1575
5744 4 3 1 1 0 858 2051 1253 1576
5745 4 3 1 1 0 1629 1110 1805 986
5746 4 3 1 1 0 198 1150 1159 1144
5747 4 3 1 1 0 1596 832 1621 830
5748 4 3 1 1 0 831 1621 832 830
5749 4 3 1 1 0 2132 1444 2133 652
5750 4 3 1 1 0 824 1979 888 1582
5751 4 3 1 1 0 824 888 1979 1581
5752 4 3 1 1 0 1751 1747 1132 1749
5753 4 3 1 1 0 143 1049 909 912
5754 4 3 1 1 0 2082 888 1979 1582
5755 4 3 1 1 0 2082 1979 888 1581
5756 4 3 1 1 0 2279 2276 44 89
5757 4 3 1 1 0 1038 1704 1710 1536
5758 4 3 1 1 0 235 2275 55 56
5759 4 3 1 1 0 163 1580 1950 788
5760 4 3 1 1 0 26 1954 27 169
5761 4 3 1 1 0 1710 1536 1704 2212
5762 4 3 1 1 0 1951 1952 169 255
5763 4 3 1 1 0 256 1160 288 230
5764 4 3 1 1 0 1568 1536 1704 1021
5765 4 3 1 1 0 1924 1950 1952 1580
5766 4 3 1 1 0 925 2146 1580 929
5767 4 3 1 1 0 1536 1021 1531 1519
5768 4 3 1 1 0 2193 1849 2194 1614
5769 4 3 1 1 0 1921 1801 1888 1170
5770 4 3 1 1 0 213 1071 1140 212
5771 4 3 1 1 0 109 500 2232 110
5772 4 3 1 1 0 1664 1660 1666 1667
5773 4 3 1 1 0 177 283 1032 1888
5774 4 3 1 1 0 1032 1071 1802 1888
5775 4 3 1 1 0 1223 1217 2038 2031
5776 4 3 1 1 0 1016 1546 1541 1863
5777 4 3 1 1 0 1568 2212 1536 1871
5778 4 3 1 1 0 1501 579 583 573
5779 4 3 1 1 0 1550 1876 1554 2172
5780 4 3 1 1 0 1532 688 689 686
5781 4 3 1 1 0 1558 1131 1900 1872
5782 4 3 1 1 0 2138 1585 1175 1446
5783 4 3 1 1 0 978 236 176 2246
5784 4 3 1 1 0 935 2255 34 1024
5785 4 3 1 1 0 1072 932 1434 1431
5786 4 3 1 1 0 761 733 739 1084
5787 4 3 1 1 0 33 183 2153 250
5788 4 3 1 1 0 630 1505 589 629
5789 4 3 1 1 0 1474 839 826 840
5790 4 3 1 1 0 1422 1802 1921 1419
5791 4 3 1 1 0 1420 994 1815 1787
5792 4 3 1 1 0 1474 826 839 1583
5793 4 3 1 1 0 1677 1675 1797 1666
5794 4 3 1 1 0 1766 1124 1891 1037
5795 4 3 1 1 0 1015 1533 1524 758
5796 4 3 1 1 0 1145 1968 1765 1128
5797 4 3 1 1 0 2169 1569 1860 1911
5798 4 3 1 1 0 1154 1970 1143 1149
5799 4 3 1 1 0 687 686 1531 684
5800 4 3 1 1 0 1544 751 1548 690
5801 4 3 1 1 0 1747 2204 2205 1684
5802 4 3 1 1 0 2140 1456 1449 1439
5803 4 3 1 1 0 1449 1456 1467 1439
5804 4 3 1 1 0 1682 1697 1687 960
5805 4 3 1 1 0 960 1687 1683 1693
5806 4 3 1 1 0 1432 1433 1513 1435
5807 4 3 1 1 0 1043 189 1107 291
5808 4 3 1 1 0 1796 2220 1837 2224
5809 4 3 1 1 0 1699 1968 1128 1765
5810 4 3 1 1 0 291 189 1107 266
5811 4 3 1 1 0 986 1803 1062 1065
5812 4 3 1 1 0 881 2182 878 2183
5813 4 3 1 1 0 1111 989 1097 1917
5814 4 3 1 1 0 1756 1754 1755 1026
5815 4 3 1 1 0 1845 1633 1646 1654
5816 4 3 1 1 0 2196 1745 1744 970
5817 4 3 1 1 0 803 2176 805 804
5818 4 3 1 1 0 551 1449 1456 1458
5819 4 3 1 1 0 163 1950 1951 164
5820 4 3 1 1 0 1456 1449 551 609
5821 4 3 1 1 0 1103 1104 1634 1100
5822 4 3 1 1 0 1926 1650 1102 1653
5823 4 3 1 1 0 796 1950 1631 904
5824 4 3 1 1 0 1802 1422 2110 1419
5825 4 3 1 1 0 470 455 1419 1383
5826 4 3 1 1 0 449 455 1415 1419
5827 4 3 1 1 0 1070 1032 536 1109
5828 4 3 1 1 0 1157 279 248 257
5829 4 3 1 1 0 1650 1623 1653 1926
5830 4 3 1 1 0 1851 2110 1802 1422
5831 4 3 1 1 0 1494 2217 1506 2164
5832 4 3 1 1 0 682 683 1519 684
5833 4 3 1 1 0 2090 1426 1050 1904
5834 4 3 1 1 0 1108 1968 961 1700
5835 4 3 1 1 0 1711 1718 962 1719
5836 4 3 1 1 0 1960 1171 1701 1172
5837 4 3 1 1 0 1637 1644 2196 2195
5838 4 3 1 1 0 1080 1081 1052 1907
5839 4 3 1 1 0 1776 1144 1764 1146
5840 4 3 1 1 0 1700 1136 1853 1137
5841 4 3 1 1 0 982 1699 1764 1765
5842 4 3 1 1 0 234 183 249 977
5843 4 3 1 1 0 1216 1204 344 1206
5844 4 3 1 1 0 1160 1121 1162 959
5845 4 3 1 1 0 1739 1738 1980 1663
5846 4 3 1 1 0 2016 372 306 373
5847 4 3 1 1 0 1984 2201 1980 1941
5848 4 3 1 1 0 1980 1942 1246 1983
5849 4 3 1 1 0 1943 1184 1991 1250
5850 4 3 1 1 0 321 1314 1240 1320
5851 4 3 1 1 0 321 1240 1314 1321
5852 4 3 1 1 0 1310 1300 386 1303
5853 4 3 1 1 0 1270 486 433 2025
5854 4 3 1 1 0 44 2276 2279 1910
5855 4 3 1 1 0 1303 1312 1309 338
5856 4 3 1 1 0 1269 1999 1271 2066
5857 4 3 1 1 0 1824 1399 1236 1820
5858 4 3 1 1 0 1075 2193 1614 1849
5859 4 3 1 1 0 1528 1293 1018 2013
5860 4 3 1 1 0 1824 1399 1820 1821
5861 4 3 1 1 0 1737 1026 1755 2206
5862 4 3 1 1 0 841 1465 1512 2192
5863 4 3 1 1 0 1483 1737 1755 2206
5864 4 3 1 1 0 1232 408 356 392
5865 4 3 1 1 0 2040 2244 293 2270
5866 4 3 1 1 0 2014 1278 2071 1256
5867 4 3 1 1 0 1247 345 384 1994
5868 4 3 1 1 0 1245 1983 1246 1247
5869 4 3 1 1 0 2047 1997 2046 1215
5870 4 3 1 1 0 1117 232 1139 217
5871 4 3 1 1 0 1986 1180 1585 1976
5872 4 3 1 1 0 44 2276 911 89
5873 4 3 1 1 0 1233 2047 1203 1997
5874 4 3 1 1 0 1910 1053 1117 282
5875 4 3 1 1 0 2175 2209 2211 1692
5876 4 3 1 1 0 1360 2010 2021 1280
5877 4 3 1 1 0 1856 1044 1891 1036
5878 4 3 1 1 0 1046 1044 1036 1891
5879 4 3 1 1 0 429 495 480 1354
5880 4 3 1 1 0 1365 1822 1411 1364
5881 4 3 1 1 0 2021 2010 2230 1280
5882 4 3 1 1 0 2078 2138 1174 1585
5883 4 3 1 1 0 2199 2200 1618 1612
5884 4 3 1 1 0 1057 1067 1065 1062
5885 4 3 1 1 0 1268 1267 2065 2061
5886 4 3 1 1 0 580 627 572 1496
5887 4 3 1 1 0 1978 1180 1976 1174
5888 4 3 1 1 0 1083 1623 1620 1926
5889 4 3 1 1 0 2278 299 1975 1977
5890 4 3 1 1 0 627 1438 582 1495
5891 4 3 1 1 0 1302 1304 1187 2011
5892 4 3 1 1 0 1849 957 1651 1075
5893 4 3 1 1 0 1057 1067 1062 1914
5894 4 3 1 1 0 314 387 2068 1327
5895 4 3 1 1 0 1299 1297 1273 1996
5896 4 3 1 1 0 351 344 1216 403
5897 4 3 1 1 0 1611 1000 1833 1916
5898 4 3 1 1 0 1612 2191 1823 1660
5899 4 3 1 1 0 2005 1306 1329 1325
5900 4 3 1 1 0 1558 1220 1560 1563
5901 4 3 1 1 0 353 342 1287 1268
5902 4 3 1 1 0 1984 1323 1345 1181
5903 4 3 1 1 0 1811 1810 1378 1359
5904 4 3 1 1 0 1089 900 1065 1077
5905 4 3 1 1 0 797 1363 108 852
5906 4 3 1 1 0 2093 2103 1378 993
5907 4 3 1 1 0 2094 1811 1359 1371
5908 4 3 1 1 0 2100 1811 1579 2094
5909 4 3 1 1 0 451 1408 1418 1357
5910 4 3 1 1 0 1714 2115 1830 2116
5911 4 3 1 1 0 1650 1623 1926 1620
5912 4 3 1 1 0 562 563 1484 561
5913 4 3 1 1 0 1852 1423 1842 1425
5914 4 3 1 1 0 1709 1010 1042 1704
5915 4 3 1 1 0 1412 1425 1715 1001
5916 4 3 1 1 0 1841 1423 1425 1003
5917 4 3 1 1 0 1417 1715 2121 1425
5918 4 3 1 1 0 1709 1928 1704 1042
5919 4 3 1 1 0 461 2118 1410 1409
5920 4 3 1 1 0 502 1168 1085 1385
5921 4 3 1 1 0 562 1484 1480 561
5922 4 3 1 1 0 1920 1803 1065 1062
5923 4 3 1 1 0 444 449 1415 446
5924 4 3 1 1 0 1704 1928 1709 1707
5925 4 3 1 1 0 1703 1020 1841 1718
5926 4 3 1 1 0 2113 1398 2066 1397
5927 4 3 1 1 0 1018 1873 1874 1566
5928 4 3 1 1 0 1569 1167 1638 1641
5929 4 3 1 1 0 2127 2141 1469 2126
5930 4 3 1 1 0 2125 1494 653 2126
5931 4 3 1 1 0 637 560 1479 634
5932 4 3 1 1 0 1220 2033 1563 1565
5933 4 3 1 1 0 2125 603 618 620
5934 4 3 1 1 0 1449 1476 1458 775
5935 4 3 1 1 0 2169 1569 1647 1538
5936 4 3 1 1 0 1476 718 775 719
5937 4 3 1 1 0 1451 1029 2142 1468
5938 4 3 1 1 0 1526 725 1564 709
5939 4 3 1 1 0 1440 1457 1467 1034
5940 4 3 1 1 0 563 2156 2157 1484
5941 4 3 1 1 0 1516 731 1243 769
5942 4 3 1 1 0 2129 540 608 646
5943 4 3 1 1 0 734 765 1229 1230
5944 4 3 1 1 0 1229 765 734 716
5945 4 3 1 1 0 582 2131 1495 1438
5946 4 3 1 1 0 2149 2152 623 646
5947 4 3 1 1 0 1464 1931 1437 1438
5948 4 3 1 1 0 2193 1604 1616 1620
5949 4 3 1 1 0 1928 1038 1042 1079
5950 4 3 1 1 0 559 560 561 1480
5951 4 3 1 1 0 1650 1623 1620 1849
5952 4 3 1 1 0 1482 1492 1490 2166
5953 4 3 1 1 0 1493 564 2156 2157
5954 4 3 1 1 0 459 1357 1359 1358
5955 4 3 1 1 0 644 977 553 1726
5956 4 3 1 1 0 1538 1513 1757 1647
5957 4 3 1 1 0 965 1113 1169 1509
5958 4 3 1 1 0 563 2156 564 2157
5959 4 3 1 1 0 653 591 576 1494
5960 4 3 1 1 0 710 699 1527 694
5961 4 3 1 1 0 1520 1038 1928 1079
5962 4 3 1 1 0 1137 1699 1156 1853
5963 4 3 1 1 0 1115 681 1913 1055
5964 4 3 1 1 0 1913 1011 1115 1055
5965 4 3 1 1 0 2074 1874 1875 1018
5966 4 3 1 1 0 321 1325 1320 323
5967 4 3 1 1 0 1325 320 1314 1306
5968 4 3 1 1 0 453 1375 1356 2097
5969 4 3 1 1 0 1032 1070 491 1889
5970 4 3 1 1 0 2172 1528 706 1018
5971 4 3 1 1 0 2170 1557 1543 1541
5972 4 3 1 1 0 1928 1901 1080 1906
5973 4 3 1 1 0 1433 2127 1453 2143
5974 4 3 1 1 0 1567 1553 1721 1835
5975 4 3 1 1 0 1894 1718 1836 1020
5976 4 3 1 1 0 1520 1088 1519 1038
5977 4 3 1 1 0 694 698 1545 691
5978 4 3 1 1 0 1552 698 714 1554
5979 4 3 1 1 0 1541 2226 2227 2170
5980 4 3 1 1 0 1720 1878 1836 1867
5981 4 3 1 1 0 2123 1832 2051 1576
5982 4 3 1 1 0 1428 1430 2124 1665
5983 4 3 1 1 0 1606 874 875 814
5984 4 3 1 1 0 1433 2127 2126 1453
5985 4 3 1 1 0 1590 1588 2181 1586
5986 4 3 1 1 0 1617 2124 1430 1665
5987 4 3 1 1 0 1665 1617 1609 1430
5988 4 3 1 1 0 1540 1541 1557 1016
5989 4 3 1 1 0 911 2276 44 1910
5990 4 3 1 1 0 1601 874 1593 811
5991 4 3 1 1 0 1982 2019 1503 1351
5992 4 3 1 1 0 1503 2019 1982 1499
5993 4 3 1 1 0 1503 2019 2159 1351
5994 4 3 1 1 0 1615 1929 1583 1616
5995 4 3 1 1 0 1792 1870 1877 1881
5996 4 3 1 1 0 1877 1870 1792 1836
5997 4 3 1 1 0 1242 1366 1343 1292
5998 4 3 1 1 0 2170 1543 1029 1468
5999 4 3 1 1 0 1154 1970 1148 1143
6000 4 3 1 1 0 1775 1806 1633 1846
6001 4 3 1 1 0 644 977 1726 1113
6002 4 3 1 1 0 184 246 979 275
6003 4 3 1 1 0 1472 1501 1504 1119
6004 4 3 1 1 0 1160 1121 959 1104
6005 4 3 1 1 0 1765 2219 1699 1764
6006 4 3 1 1 0 1134 196 199 1144
6007 4 3 1 1 0 1239 1236 997 1193
6008 4 3 1 1 0 1316 1315 1307 322
6009 4 3 1 1 0 2219 1699 1764 1780
6010 4 3 1 1 0 1800 1969 1828 2202
6011 4 3 1 1 0 1240 1321 327 1286
6012 4 3 1 1 0 1558 2174 1557 1868
6013 4 3 1 1 0 1557 2211 1558 1868
6014 4 3 1 1 0 1549 2174 1872 1867
6015 4 3 1 1 0 2049 1238 2048 1249
6016 4 3 1 1 0 1799 1675 998 1829
6017 4 3 1 1 0 512 435 537 1260
6018 4 3 1 1 0 1558 1565 1220 1563
6019 4 3 1 1 0 957 1658 1649 1662
6020 4 3 1 1 0 1675 1829 1799 1668
6021 4 3 1 1 0 875 1609 1575 1606
6022 4 3 1 1 0 1244 1366 1292 1367
6023 4 3 1 1 0 1197 1330 1331 1277
6024 4 3 1 1 0 1969 1142 2225 1305
6025 4 3 1 1 0 875 1609 1606 814
6026 4 3 1 1 0 1526 1477 1570 2154
6027 4 3 1 1 0 943 50 947 2104
6028 4 3 1 1 0 1520 1928 1038 1021
6029 4 3 1 1 0 1570 2142 2143 1442
6030 4 3 1 1 0 1570 2142 1442 740
6031 4 3 1 1 0 2090 1904 2096 1426
6032 4 3 1 1 0 1360 496 1362 1354
6033 4 3 1 1 0 735 2087 2089 1353
6034 4 3 1 1 0 1362 1530 1280 2090
6035 4 3 1 1 0 1505 1507 966 629
6036 4 3 1 1 0 1526 1570 1477 774
6037 4 3 1 1 0 1769 251 977 964
6038 4 3 1 1 0 1504 1508 2164 1509
6039 4 3 1 1 0 1434 1570 1477 2154
6040 4 3 1 1 0 1484 2027 1511 1486
6041 4 3 1 1 0 2053 1174 1178 1188
6042 4 3 1 1 0 1434 1477 1570 774
6043 4 3 1 1 0 1570 721 1526 1452
6044 4 3 1 1 0 1756 1757 1026 2170
6045 4 3 1 1 0 1496 572 1491 627
6046 4 3 1 1 0 1482 1493 2156 2157
6047 4 3 1 1 0 1570 1526 2143 1452
6048 4 3 1 1 0 2159 2019 1503 1499
6049 4 3 1 1 0 1589 2179 1588 1628
6050 4 3 1 1 0 1441 1758 1461 1475
6051 4 3 1 1 0 2136 790 1585 1446
6052 4 3 1 1 0 1040 2212 1893 1702
6053 4 3 1 1 0 1692 1026 2226 2170
6054 4 3 1 1 0 1109 1383 1957 1936
6055 4 3 1 1 0 552 15 2252 136
6056 4 3 1 1 0 2136 790 889 159
6057 4 3 1 1 0 1470 1026 1692 2170
6058 4 3 1 1 0 1854 1766 1037 1893
6059 4 3 1 1 0 1765 1141 2197 1764
6060 4 3 1 1 0 982 1140 1150 1780
6061 4 3 1 1 0 256 1160 230 219
6062 4 3 1 1 0 959 1160 1161 1679
6063 4 3 1 1 0 1632 1759 1635 1633
6064 4 3 1 1 0 1779 1777 1774 1775
6065 4 3 1 1 0 989 1082 1946 1111
6066 4 3 1 1 0 1746 1760 1163 1639
6067 4 3 1 1 0 2136 790 159 1585
6068 4 3 1 1 0 1960 1009 1051 1709
6069 4 3 1 1 0 1471 1469 633 1493
6070 4 3 1 1 0 2196 970 1744 1743
6071 4 3 1 1 0 1589 1630 1809 2179
6072 4 3 1 1 0 2176 802 803 883
6073 4 3 1 1 0 1418 1420 1813 1811
6074 4 3 1 1 0 1675 1660 1667 1666
6075 4 3 1 1 0 1852 1001 1414 1814
6076 4 3 1 1 0 1005 1708 2218 1788
6077 4 3 1 1 0 1651 1798 1850 1092
6078 4 3 1 1 0 1787 1813 1420 1811
6079 4 3 1 1 0 2024 1213 2020 1210
6080 4 3 1 1 0 483 1210 1213 486
6081 4 3 1 1 0 887 2098 2102 855
6082 4 3 1 1 0 1614 1602 1849 1848
6083 4 3 1 1 0 1583 826 1615 1616
6084 4 3 1 1 0 1197 2024 2008 1999
6085 4 3 1 1 0 1344 1193 1236 1239
6086 4 3 1 1 0 1607 810 2181 1593
6087 4 3 1 1 0 823 820 2192 2188
6088 4 3 1 1 0 1351 1204 1206 2019
6089 4 3 1 1 0 192 1046 193 1127
6090 4 3 1 1 0 1450 1540 1029 1542
6091 4 3 1 1 0 1383 1973 2110 1957
6092 4 3 1 1 0 407 1206 1245 1248
6093 4 3 1 1 0 1888 1801 1105 226
6094 4 3 1 1 0 1806 1632 1845 1807
6095 4 3 1 1 0 1321 1322 1182 1240
6096 4 3 1 1 0 1683 1736 1682 1685
6097 4 3 1 1 0 1685 1736 1682 969
6098 4 3 1 1 0 1364 461 1372 509
6099 4 3 1 1 0 1397 434 435 1398
6100 4 3 1 1 0 1311 1896 1308 1337
6101 4 3 1 1 0 1388 1822 1367 1292
6102 4 3 1 1 0 1044 1011 1858 1013
6103 4 3 1 1 0 1583 1446 1175 1582
6104 4 3 1 1 0 1821 1820 1824 1826
6105 4 3 1 1 0 1797 1791 1002 1686
6106 4 3 1 1 0 1685 1736 969 1663
6107 4 3 1 1 0 1340 1090 1979 1581
6108 4 3 1 1 0 1340 1979 1090 1940
6109 4 3 1 1 0 1982 1178 1246 1174
6110 4 3 1 1 0 1752 1636 1637 1753
6111 4 3 1 1 0 1038 1124 1534 1861
6112 4 3 1 1 0 1124 1766 1861 1037
6113 4 3 1 1 0 1125 1129 1127 192
6114 4 3 1 1 0 1890 1033 1048 1934
6115 4 3 1 1 0 968 2205 1730 1733
6116 4 3 1 1 0 1890 1048 1033 1431
6117 4 3 1 1 0 2212 1707 1704 1702
6118 4 3 1 1 0 1072 1048 1033 1934
6119 4 3 1 1 0 597 2141 2139 1453
6120 4 3 1 1 0 1012 1959 1037 1856
6121 4 3 1 1 0 1167 1569 1638 1647
6122 4 3 1 1 0 1072 1033 1048 1431
6123 4 3 1 1 0 1047 1167 1948 1647
6124 4 3 1 1 0 1920 1067 800 1573
6125 4 3 1 1 0 1470 1026 2170 1756
6126 4 3 1 1 0 1469 576 1494 2126
6127 4 3 1 1 0 800 856 1920 1573
6128 4 3 1 1 0 1170 1921 1106 1422
6129 4 3 1 1 0 1049 144 143 729
6130 4 3 1 1 0 1072 739 662 146
6131 4 3 1 1 0 662 1072 147 736
6132 4 3 1 1 0 761 739 777 1084
6133 4 3 1 1 0 1734 1483 1755 2206
6134 4 3 1 1 0 1863 2227 1865 1541
6135 4 3 1 1 0 143 1902 1049 729
6136 4 3 1 1 0 2171 1757 2170 2227
6137 4 3 1 1 0 558 557 1262 555
6138 4 3 1 1 0 1881 1643 1792 1040
6139 4 3 1 1 0 1029 2142 1452 1450
6140 4 3 1 1 0 2174 1863 1867 1551
6141 4 3 1 1 0 1049 1389 1908 1051
6142 4 3 1 1 0 1959 1088 1038 1519
6143 4 3 1 1 0 1881 1643 1040 1642
6144 4 3 1 1 0 247 1043 269 241
6145 4 3 1 1 0 1642 1861 1040 1881
6146 4 3 1 1 0 189 188 186 1036
6147 4 3 1 1 0 1928 1523 1079 1522
6148 4 3 1 1 0 1107 1036 1042 1010
6149 4 3 1 1 0 1049 1052 1909 1080
6150 4 3 1 1 0 1117 1109 248 1138
6151 4 3 1 1 0 1012 1959 1088 1038
6152 4 3 1 1 0 1684 1687 2226 1885
6153 4 3 1 1 0 785 2286 1065 2239
6154 4 3 1 1 0 999 1676 1713 1821
6155 4 3 1 1 0 1061 1599 1622 1762
6156 4 3 1 1 0 209 273 210 1112
6157 4 3 1 1 0 1103 1953 1634 1114
6158 4 3 1 1 0 1927 1077 1938 989
6159 4 3 1 1 0 1930 1956 1620 1649
6160 4 3 1 1 0 1620 1650 957 1662
6161 4 3 1 1 0 1028 1684 2226 1885
6162 4 3 1 1 0 1165 1973 1936 1957
6163 4 3 1 1 0 823 820 827 2192
6164 4 3 1 1 0 1881 1643 1642 2195
6165 4 3 1 1 0 1931 1083 1926 1436
6166 4 3 1 1 0 1584 1981 1649 1655
6167 4 3 1 1 0 1881 1643 2195 1792
6168 4 3 1 1 0 1927 1082 1077 989
6169 4 3 1 1 0 1395 492 1391 521
6170 4 3 1 1 0 1041 1721 1566 1555
6171 4 3 1 1 0 1970 956 1120 1149
6172 4 3 1 1 0 1948 1167 1638 1647
6173 4 3 1 1 0 1879 1513 1022 1647
6174 4 3 1 1 0 1169 1948 1509 1025
6175 4 3 1 1 0 1921 1801 1170 1106
6176 4 3 1 1 0 1093 224 1064 209
6177 4 3 1 1 0 732 1078 1079 1909
6178 4 3 1 1 0 1039 1424 1396 1400
6179 4 3 1 1 0 1567 1566 1721 1555
6180 4 3 1 1 0 1875 1550 1050 1018
6181 4 3 1 1 0 1684 1028 1878 1885
6182 4 3 1 1 0 946 2232 110 944
6183 4 3 1 1 0 694 687 1545 1518
6184 4 3 1 1 0 1421 1417 2121 1003
6185 4 3 1 1 0 1647 1538 1569 1638
6186 4 3 1 1 0 1085 90 2276 501
6187 4 3 1 1 0 1006 1852 1701 1706
6188 4 3 1 1 0 498 1368 473 525
6189 4 3 1 1 0 1565 1515 1556 1220
6190 4 3 1 1 0 2159 2019 1205 1351
6191 4 3 1 1 0 2170 1543 1557 1029
6192 4 3 1 1 0 1569 2169 1647 1911
6193 4 3 1 1 0 1163 1759 1678 1760
6194 4 3 1 1 0 1985 1980 1739 1323
6195 4 3 1 1 0 1141 1130 1148 1768
6196 4 3 1 1 0 1129 975 1125 1854
6197 4 3 1 1 0 268 1044 1858 1013
6198 4 3 1 1 0 1863 1865 1880 1864
6199 4 3 1 1 0 1432 1033 1431 1025
6200 4 3 1 1 0 1863 1880 1865 2227
6201 4 3 1 1 0 2197 2196 1744 1743
6202 4 3 1 1 0 2228 2138 1445 1447
6203 4 3 1 1 0 1464 1931 1438 1436
6204 4 3 1 1 0 1444 2134 1474 2151
6205 4 3 1 1 0 1437 2151 1474 1473
6206 4 3 1 1 0 2061 2238 292 378
6207 4 3 1 1 0 1687 1684 1878 1885
6208 4 3 1 1 0 1984 1828 1339 1345
6209 4 3 1 1 0 887 843 2108 895
6210 4 3 1 1 0 1791 1751 1132 1749
6211 4 3 1 1 0 1675 1660 1666 1677
6212 4 3 1 1 0 1132 1751 1791 1836
6213 4 3 1 1 0 2120 1812 1717 1818
6214 4 3 1 1 0 1818 2120 1812 1815
6215 4 3 1 1 0 1815 1814 2092 2120
6216 4 3 1 1 0 1815 1814 2120 1812
6217 4 3 1 1 0 1189 1996 1741 1298
6218 4 3 1 1 0 1883 1691 1882 1027
6219 4 3 1 1 0 1719 1839 1897 1711
6220 4 3 1 1 0 1579 1795 1630 1787
6221 4 3 1 1 0 1711 1718 1719 1720
6222 4 3 1 1 0 1876 1050 1426 1875
6223 4 3 1 1 0 999 2114 2213 1405
6224 4 3 1 1 0 2011 1299 2069 1346
6225 4 3 1 1 0 1630 1795 1579 1669
6226 4 3 1 1 0 1257 1529 2072 2012
6227 4 3 1 1 0 1277 1278 1312 2072
6228 4 3 1 1 0 1312 1278 339 2071
6229 4 3 1 1 0 406 349 2023 350
6230 4 3 1 1 0 1333 2075 1530 1281
6231 4 3 1 1 0 1212 2075 2022 1280
6232 4 3 1 1 0 1790 1840 1797 1092
6233 4 3 1 1 0 1550 723 712 753
6234 4 3 1 1 0 137 2243 57 1279
6235 4 3 1 1 0 1132 1791 1686 1836
6236 4 3 1 1 0 661 1530 1333 768
6237 4 3 1 1 0 2021 2008 2010 1209
6238 4 3 1 1 0 466 1377 465 476
6239 4 3 1 1 0 525 503 1379 1368
6240 4 3 1 1 0 1791 1797 984 1790
6241 4 3 1 1 0 1653 1460 1622 1758
6242 4 3 1 1 0 1617 2124 1665 1380
6243 4 3 1 1 0 2060 1230 2043 1293
6244 4 3 1 1 0 773 727 1231 734
6245 4 3 1 1 0 2042 2043 1230 2013
6246 4 3 1 1 0 304 376 57 1279
6247 4 3 1 1 0 1229 1515 1559 703
6248 4 3 1 1 0 1455 1234 1997 1261
6249 4 3 1 1 0 1257 1966 1232 1274
6250 4 3 1 1 0 408 2044 1231 1257
6251 4 3 1 1 0 2033 1218 1563 1565
6252 4 3 1 1 0 606 2240 2257 1449
6253 4 3 1 1 0 1516 1517 1219 1243
6254 4 3 1 1 0 1124 1011 1014 1858
6255 4 3 1 1 0 424 1249 487 2049
6256 4 3 1 1 0 1290 2177 1283 1916
6257 4 3 1 1 0 1591 2187 1597 1807
6258 4 3 1 1 0 1249 1343 1366 1238
6259 4 3 1 1 0 1653 1758 1622 1654
6260 4 3 1 1 0 1829 1713 1717 1676
6261 4 3 1 1 0 1321 1182 1322 1989
6262 4 3 1 1 0 1943 1250 1991 1251
6263 4 3 1 1 0 1340 2082 2083 1296
6264 4 3 1 1 0 1943 1185 1091 1993
6265 4 3 1 1 0 1205 2019 2159 1499
6266 4 3 1 1 0 671 763 1279 747
6267 4 3 1 1 0 1341 1293 2074 2073
6268 4 3 1 1 0 1891 1767 1124 1766
6269 4 3 1 1 0 1199 2073 2060 1293
6270 4 3 1 1 0 1839 1719 1695 1720
6271 4 3 1 1 0 1767 1949 975 1095
6272 4 3 1 1 0 1760 1761 1501 1502
6273 4 3 1 1 0 1584 2138 1176 1174
6274 4 3 1 1 0 819 824 1615 1581
6275 4 3 1 1 0 1893 1010 1854 1128
6276 4 3 1 1 0 1471 1439 1470 1882
6277 4 3 1 1 0 1893 1854 1010 1037
6278 4 3 1 1 0 2127 2141 2126 1453
6279 4 3 1 1 0 1707 1701 1702 2212
6280 4 3 1 1 0 1561 2168 1396 1392
6281 4 3 1 1 0 1561 1843 1707 1568
6282 4 3 1 1 0 1747 2205 1748 1735
6283 4 3 1 1 0 1675 1660 1677 998
6284 4 3 1 1 0 500 472 1359 523
6285 4 3 1 1 0 1677 1675 998 1799
6286 4 3 1 1 0 2103 1810 1106 1921
6287 4 3 1 1 0 1909 674 144 729
6288 4 3 1 1 0 2271 41 178 1909
6289 4 3 1 1 0 1116 1960 1172 1935
6290 4 3 1 1 0 1625 1285 1673 1916
6291 4 3 1 1 0 712 1050 1018 722
6292 4 3 1 1 0 1625 1285 1916 1290
6293 4 3 1 1 0 1620 1618 1615 1649
6294 4 3 1 1 0 1394 1390 468 1356
6295 4 3 1 1 0 1355 1876 1426 1844
6296 4 3 1 1 0 1620 1615 1618 1923
6297 4 3 1 1 0 1399 1191 2066 2001
6298 4 3 1 1 0 1271 1191 2003 2066
6299 4 3 1 1 0 437 1397 438 1402
6300 4 3 1 1 0 2102 843 1380 2108
6301 4 3 1 1 0 676 738 768 1362
6302 4 3 1 1 0 965 1504 1509 973
6303 4 3 1 1 0 1493 564 571 633
6304 4 3 1 1 0 1956 1649 1177 1662
6305 4 3 1 1 0 1738 1489 1485 2160
6306 4 3 1 1 0 1930 1981 1500 1956
6307 4 3 1 1 0 2018 2165 1180 1499
6308 4 3 1 1 0 1638 1753 1729 1754
6309 4 3 1 1 0 1098 1082 271 179
6310 4 3 1 1 0 1625 1285 1290 1335
6311 4 3 1 1 0 604 1963 118 544
6312 4 3 1 1 0 1586 1617 1610 991
6313 4 3 1 1 0 1963 1478 1964 930
6314 4 3 1 1 0 708 721 1452 709
6315 4 3 1 1 0 724 779 1477 777
6316 4 3 1 1 0 779 1072 662 736
6317 4 3 1 1 0 761 1525 1084 777
6318 4 3 1 1 0 2154 1443 1570 2143
6319 4 3 1 1 0 1586 1610 1617 1607
6320 4 3 1 1 0 1877 1028 1878 1684
6321 4 3 1 1 0 1527 1520 720 710
6322 4 3 1 1 0 1520 710 1527 1518
6323 4 3 1 1 0 1505 2163 2164 1507
6324 4 3 1 1 0 1759 1654 1758 972
6325 4 3 1 1 0 1505 2164 2163 1494
6326 4 3 1 1 0 2127 2141 1453 1468
6327 4 3 1 1 0 1533 1525 1524 725
6328 4 3 1 1 0 2127 2216 1469 2141
6329 4 3 1 1 0 688 751 1544 690
6330 4 3 1 1 0 766 1227 737 672
6331 4 3 1 1 0 1237 1676 1824 996
6332 4 3 1 1 0 1293 2060 1199 2043
6333 4 3 1 1 0 1229 1528 1230 701
6334 4 3 1 1 0 1628 1589 1783 1592
6335 4 3 1 1 0 1237 1676 996 1405
6336 4 3 1 1 0 2178 2102 1808 1578
6337 4 3 1 1 0 1805 987 1591 1629
6338 4 3 1 1 0 429 2256 1362 1354
6339 4 3 1 1 0 1918 1602 1075 1614
6340 4 3 1 1 0 988 1595 1608 1594
6341 4 3 1 1 0 503 2122 1379 1368
6342 4 3 1 1 0 2108 1379 2122 1368
6343 4 3 1 1 0 1617 817 822 833
6344 4 3 1 1 0 503 473 2100 1368
6345 4 3 1 1 0 676 1354 738 1362
6346 4 3 1 1 0 836 2124 822 833
6347 4 3 1 1 0 899 1430 2124 2123
6348 4 3 1 1 0 1816 2092 1418 1410
6349 4 3 1 1 0 738 1354 676 767
6350 4 3 1 1 0 503 494 1379 1387
6351 4 3 1 1 0 1015 1533 685 1862
6352 4 3 1 1 0 1796 2220 2224 1788
6353 4 3 1 1 0 1703 1001 1712 1841
6354 4 3 1 1 0 1044 1125 1858 1891
6355 4 3 1 1 0 312 309 2032 2031
6356 4 3 1 1 0 1413 445 441 448
6357 4 3 1 1 0 312 2032 309 311
6358 4 3 1 1 0 1245 345 407 1248
6359 4 3 1 1 0 1355 1550 1554 753
6360 4 3 1 1 0 1896 1900 1041 1898
6361 4 3 1 1 0 407 345 1245 2052
6362 4 3 1 1 0 1883 1691 1027 1742
6363 4 3 1 1 0 1245 1206 407 2052
6364 4 3 1 1 0 1880 1881 1023 1753
6365 4 3 1 1 0 676 768 140 1362
6366 4 3 1 1 0 971 1497 1757 1754
6367 4 3 1 1 0 768 738 1530 1362
6368 4 3 1 1 0 1973 1383 1936 1957
6369 4 3 1 1 0 2221 983 1784 1059
6370 4 3 1 1 0 1530 738 2090 1362
6371 4 3 1 1 0 2044 410 2274 367
6372 4 3 1 1 0 1790 984 1786 1794
6373 4 3 1 1 0 1674 1612 1605 2200
6374 4 3 1 1 0 293 2274 367 87
6375 4 3 1 1 0 1348 1302 2007 1308
6376 4 3 1 1 0 1284 1283 1916 1285
6377 4 3 1 1 0 1274 389 356 386
6378 4 3 1 1 0 2017 1205 601 2018
6379 4 3 1 1 0 2222 1151 1785 1776
6380 4 3 1 1 0 1744 1785 1151 1776
6381 4 3 1 1 0 789 801 1922 1073
6382 4 3 1 1 0 619 1442 135 136
6383 4 3 1 1 0 1854 1891 1037 1766
6384 4 3 1 1 0 789 800 1922 801
6385 4 3 1 1 0 1450 749 719 771
6386 4 3 1 1 0 1890 1030 1859 1035
6387 4 3 1 1 0 583 1490 1501 573
6388 4 3 1 1 0 657 2272 645 538
6389 4 3 1 1 0 252 2273 48 177
6390 4 3 1 1 0 789 800 166 1922
6391 4 3 1 1 0 1071 1157 212 227
6392 4 3 1 1 0 213 1071 212 226
6393 4 3 1 1 0 358 302 68 2054
6394 4 3 1 1 0 347 368 1193 1241
6395 4 3 1 1 0 1516 718 1467 1476
6396 4 3 1 1 0 82 297 1224 2034
6397 4 3 1 1 0 226 1105 992 1801
6398 4 3 1 1 0 1319 1322 1988 1314
6399 4 3 1 1 0 1448 1449 719 1476
6400 4 3 1 1 0 2020 1212 1280 1208
6401 4 3 1 1 0 1073 166 1922 789
6402 4 3 1 1 0 1141 1146 974 1148
6403 4 3 1 1 0 183 13 2234 32
6404 4 3 1 1 0 1316 1307 1988 1314
6405 4 3 1 1 0 2234 2287 977 234
6406 4 3 1 1 0 238 2264 171 51
6407 4 3 1 1 0 1451 1440 1449 1887
6408 4 3 1 1 0 1526 725 709 724
6409 4 3 1 1 0 1073 166 789 167
6410 4 3 1 1 0 1718 1837 1002 1712
6411 4 3 1 1 0 1455 1883 1457 1454
6412 4 3 1 1 0 2102 1370 1808 1578
6413 4 3 1 1 0 1712 1718 1703 1841
6414 4 3 1 1 0 1175 1930 1474 1929
6415 4 3 1 1 0 1051 1960 1116 1935
6416 4 3 1 1 0 286 231 1121 261
6417 4 3 1 1 0 1930 1175 1649 1929
6418 4 3 1 1 0 259 1159 1144 198
6419 4 3 1 1 0 1070 2110 1383 1419
6420 4 3 1 1 0 1812 1814 2120 1817
6421 4 3 1 1 0 1085 534 415 502
6422 4 3 1 1 0 212 1007 208 1157
6423 4 3 1 1 0 1140 1136 208 1007
6424 4 3 1 1 0 964 1118 976 243
6425 4 3 1 1 0 1080 1709 1051 1081
6426 4 3 1 1 0 280 172 1024 250
6427 4 3 1 1 0 1842 1706 1974 1172
6428 4 3 1 1 0 290 1077 175 242
6429 4 3 1 1 0 1631 1097 2180 1950
6430 4 3 1 1 0 1077 1065 785 900
6431 4 3 1 1 0 26 1951 169 255
6432 4 3 1 1 0 1065 290 1077 175
6433 4 3 1 1 0 1920 793 862 856
6434 4 3 1 1 0 1958 1917 1097 1621
6435 4 3 1 1 0 253 2283 2258 46
6436 4 3 1 1 0 253 2283 46 173
6437 4 3 1 1 0 1960 1171 961 1701
6438 4 3 1 1 0 269 285 233 1081
6439 4 3 1 1 0 1053 1052 1908 1081
6440 4 3 1 1 0 1709 1010 1704 961
6441 4 3 1 1 0 1080 1709 1081 1042
6442 4 3 1 1 0 1600 823 2192 2188
6443 4 3 1 1 0 1815 1814 1420 2092
6444 4 3 1 1 0 1600 1925 1613 2192
6445 4 3 1 1 0 1160 1104 288 230
6446 4 3 1 1 0 978 979 2280 1770
6447 4 3 1 1 0 275 243 1118 978
6448 4 3 1 1 0 2087 1521 1355 2168
6449 4 3 1 1 0 1664 958 1665 1670
6450 4 3 1 1 0 1938 1917 1621 1097
6451 4 3 1 1 0 1671 958 1670 1665
6452 4 3 1 1 0 1833 1576 1832 1430
6453 4 3 1 1 0 1187 1301 1307 1315
6454 4 3 1 1 0 1203 1189 1741 1298
6455 4 3 1 1 0 371 1278 412 352
6456 4 3 1 1 0 2037 1272 312 2031
6457 4 3 1 1 0 1323 1313 1345 1988
6458 4 3 1 1 0 2038 309 2031 2029
6459 4 3 1 1 0 353 342 343 1287
6460 4 3 1 1 0 1943 369 2065 1251
6461 4 3 1 1 0 1675 1660 998 1667
6462 4 3 1 1 0 1667 1675 1666 958
6463 4 3 1 1 0 2064 1251 2065 2063
6464 4 3 1 1 0 1099 1947 1946 1111
6465 4 3 1 1 0 1247 345 1994 1245
6466 4 3 1 1 0 1332 402 1276 1211
6467 4 3 1 1 0 1248 1247 1318 1983
6468 4 3 1 1 0 1268 2058 2056 379
6469 4 3 1 1 0 1099 1946 1082 1111
6470 4 3 1 1 0 304 405 412 1256
6471 4 3 1 1 0 1099 1082 1946 281
6472 4 3 1 1 0 88 727 2274 2243
6473 4 3 1 1 0 1218 1223 1273 2031
6474 4 3 1 1 0 2037 313 311 312
6475 4 3 1 1 0 1228 667 782 1231
6476 4 3 1 1 0 75 1978 1975 299
6477 4 3 1 1 0 1226 1233 2036 1189
6478 4 3 1 1 0 297 308 1224 2029
6479 4 3 1 1 0 1382 1842 1974 1385
6480 4 3 1 1 0 1332 402 1211 380
6481 4 3 1 1 0 2052 299 1978 374
6482 4 3 1 1 0 2007 1302 1198 1300
6483 4 3 1 1 0 355 1257 340 2071
6484 4 3 1 1 0 2243 1256 304 1279
6485 4 3 1 1 0 1309 335 1330 1338
6486 4 3 1 1 0 1114 1947 1111 1777
6487 4 3 1 1 0 2284 1354 480 1353
6488 4 3 1 1 0 1330 331 380 335
6489 4 3 1 1 0 429 496 1354 1362
6490 4 3 1 1 0 422 489 1353 497
6491 4 3 1 1 0 495 467 1360 496
6492 4 3 1 1 0 2213 1717 999 1405
6493 4 3 1 1 0 1427 1372 478 1367
6494 4 3 1 1 0 1960 1171 1172 1935
6495 4 3 1 1 0 474 467 1209 464
6496 4 3 1 1 0 1171 1973 1974 1935
6497 4 3 1 1 0 502 1168 1385 469
6498 4 3 1 1 0 1109 1086 1383 1936
6499 4 3 1 1 0 419 2241 1368 2268
6500 4 3 1 1 0 1085 1908 911 1389
6501 4 3 1 1 0 1364 2118 1403 1405
6502 4 3 1 1 0 1579 1630 1808 1378
6503 4 3 1 1 0 1487 1488 2161 1498
6504 4 3 1 1 0 1627 1101 1758 1460
6505 4 3 1 1 0 1338 336 328 335
6506 4 3 1 1 0 1500 1489 2160 2161
6507 4 3 1 1 0 2100 1811 2094 1371
6508 4 3 1 1 0 1956 1489 1500 2161
6509 4 3 1 1 0 1347 1690 1741 1183
6510 4 3 1 1 0 498 2241 1363 1368
6511 4 3 1 1 0 1427 528 427 490
6512 4 3 1 1 0 1386 507 466 506
6513 4 3 1 1 0 381 326 1344 1320
6514 4 3 1 1 0 1758 1622 1627 1460
6515 4 3 1 1 0 1361 497 1353 1356
6516 4 3 1 1 0 1998 1338 1344 1320
6517 4 3 1 1 0 519 1382 456 455
6518 4 3 1 1 0 1358 1068 1921 1374
6519 4 3 1 1 0 2161 2160 1485 1489
6520 4 3 1 1 0 444 1414 1412 1415
6521 4 3 1 1 0 321 1325 320 1314
6522 4 3 1 1 0 1139 1009 1117 1138
6523 4 3 1 1 0 1951 164 1098 25
6524 4 3 1 1 0 1956 1932 2161 1500
6525 4 3 1 1 0 1741 1996 2069 1298
6526 4 3 1 1 0 2052 1206 374 1188
6527 4 3 1 1 0 1214 1215 2028 1455
6528 4 3 1 1 0 1747 1735 1748 1749
6529 4 3 1 1 0 1122 592 1770 1962
6530 4 3 1 1 0 1505 966 589 629
6531 4 3 1 1 0 973 956 1154 1149
6532 4 3 1 1 0 1492 628 1490 1507
6533 4 3 1 1 0 1100 1772 1104 1678
6534 4 3 1 1 0 1098 164 1951 1950
6535 4 3 1 1 0 1498 1500 2160 2161
6536 4 3 1 1 0 611 1773 604 1963
6537 4 3 1 1 0 1498 1487 1495 2161
6538 4 3 1 1 0 1488 1498 2160 2161
6539 4 3 1 1 0 2227 1865 1753 1880
6540 4 3 1 1 0 2227 1753 1865 1757
6541 4 3 1 1 0 2140 1456 1439 637
6542 4 3 1 1 0 2111 1008 1424 1423
6543 4 3 1 1 0 637 1479 1439 2140
6544 4 3 1 1 0 998 1799 2202 1677
6545 4 3 1 1 0 466 1377 2112 1386
6546 4 3 1 1 0 2098 2241 852 787
6547 4 3 1 1 0 1246 1983 1178 2229
6548 4 3 1 1 0 622 1207 550 658
6549 4 3 1 1 0 320 1307 1314 1306
6550 4 3 1 1 0 1499 2159 2160 1503
6551 4 3 1 1 0 2202 1838 1677 1799
6552 4 3 1 1 0 2248 28 1123 184
6553 4 3 1 1 0 925 2146 929 119
6554 4 3 1 1 0 1126 659 611 2147
6555 4 3 1 1 0 275 1118 243 286
6556 4 3 1 1 0 161 162 1463 929
6557 4 3 1 1 0 1824 1236 1237 1819
6558 4 3 1 1 0 1571 842 894 867
6559 4 3 1 1 0 1288 1455 2028 1215
6560 4 3 1 1 0 712 1050 722 723
6561 4 3 1 1 0 1585 1250 917 1976
6562 4 3 1 1 0 610 547 554 2046
6563 4 3 1 1 0 633 564 561 2156
6564 4 3 1 1 0 1263 1205 1511 1214
6565 4 3 1 1 0 681 1055 1115 678
6566 4 3 1 1 0 2098 2241 1363 852
6567 4 3 1 1 0 1534 1038 1861 1536
6568 4 3 1 1 0 670 1054 733 677
6569 4 3 1 1 0 1909 1080 1079 1522
6570 4 3 1 1 0 1928 1080 1079 1042
6571 4 3 1 1 0 1928 1079 1080 1522
6572 4 3 1 1 0 1982 1180 1176 1499
6573 4 3 1 1 0 2256 9 96 429
6574 4 3 1 1 0 1353 422 497 480
6575 4 3 1 1 0 429 2284 96 2256
6576 4 3 1 1 0 1361 1360 495 2097
6577 4 3 1 1 0 1756 1513 1757 2171
6578 4 3 1 1 0 1756 2171 1468 1513
6579 4 3 1 1 0 1982 1180 1499 2019
6580 4 3 1 1 0 597 2140 641 2139
6581 4 3 1 1 0 1169 1025 1466 1724
6582 4 3 1 1 0 1525 1022 2169 1647
6583 4 3 1 1 0 1476 1516 1034 1467
6584 4 3 1 1 0 1199 2060 2012 2043
6585 4 3 1 1 0 716 1229 701 703
6586 4 3 1 1 0 766 1228 667 737
6587 4 3 1 1 0 1222 1224 1243 1217
6588 4 3 1 1 0 689 690 1544 692
6589 4 3 1 1 0 774 724 736 1477
6590 4 3 1 1 0 1466 1113 1169 1724
6591 4 3 1 1 0 1072 2155 1431 1434
6592 4 3 1 1 0 1072 146 662 147
6593 4 3 1 1 0 1174 2053 1291 1184
6594 4 3 1 1 0 419 2241 498 1368
6595 4 3 1 1 0 925 2146 119 1478
6596 4 3 1 1 0 1918 1598 1075 1594
6597 4 3 1 1 0 2144 2085 1224 1222
6598 4 3 1 1 0 2144 1224 2085 949
6599 4 3 1 1 0 1943 2081 2083 1250
6600 4 3 1 1 0 1603 1581 1090 1619
6601 4 3 1 1 0 2102 843 2108 887
6602 4 3 1 1 0 1082 2259 179 1098
6603 4 3 1 1 0 1600 1599 2188 1613
6604 4 3 1 1 0 1740 1696 1967 1884
6605 4 3 1 1 0 2166 1501 1502 967
6606 4 3 1 1 0 1601 1075 2185 1594
6607 4 3 1 1 0 1942 1291 1340 1941
6608 4 3 1 1 0 1305 1696 1967 1740
6609 4 3 1 1 0 1429 1292 1244 1832
6610 4 3 1 1 0 1244 937 941 940
6611 4 3 1 1 0 1427 1372 1367 1387
6612 4 3 1 1 0 1428 1379 1381 1387
6613 4 3 1 1 0 2101 478 531 1367
6614 4 3 1 1 0 1367 1244 1373 1429
6615 4 3 1 1 0 478 1427 1367 2101
6616 4 3 1 1 0 1396 743 1395 2088
6617 4 3 1 1 0 842 898 867 1463
6618 4 3 1 1 0 898 2148 841 869
6619 4 3 1 1 0 1954 1104 1100 1964
6620 4 3 1 1 0 1103 256 255 271
6621 4 3 1 1 0 1599 2194 1613 1622
6622 4 3 1 1 0 1395 743 1396 741
6623 4 3 1 1 0 1915 2190 1916 1625
6624 4 3 1 1 0 2065 1295 1993 1091
6625 4 3 1 1 0 2100 1369 2098 1370
6626 4 3 1 1 0 2102 2098 1369 1370
6627 4 3 1 1 0 1033 2155 1432 1431
6628 4 3 1 1 0 1570 721 781 774
6629 4 3 1 1 0 931 936 1072 933
6630 4 3 1 1 0 131 2085 543 130
6631 4 3 1 1 0 1363 1371 529 473
6632 4 3 1 1 0 1131 1965 1967 1884
6633 4 3 1 1 0 1696 1131 1967 1884
6634 4 3 1 1 0 2085 554 543 130
6635 4 3 1 1 0 500 2095 529 2099
6636 4 3 1 1 0 500 529 2095 1359
6637 4 3 1 1 0 968 1733 1730 1731
6638 4 3 1 1 0 1363 529 2095 2099
6639 4 3 1 1 0 976 222 1120 1149
6640 4 3 1 1 0 1248 1983 1264 1351
6641 4 3 1 1 0 1242 1343 1255 1292
6642 4 3 1 1 0 1937 1914 1058 1062
6643 4 3 1 1 0 987 1059 1805 1572
6644 4 3 1 1 0 2094 529 2095 1363
6645 4 3 1 1 0 239 1057 992 1063
6646 4 3 1 1 0 1898 1874 2013 1873
6647 4 3 1 1 0 1942 1339 1340 1185
6648 4 3 1 1 0 1032 1070 1957 1109
6649 4 3 1 1 0 1791 1836 1002 1686
6650 4 3 1 1 0 1547 2172 1544 751
6651 4 3 1 1 0 1016 2174 1551 1863
6652 4 3 1 1 0 1455 1234 1189 1997
6653 4 3 1 1 0 1890 172 1024 280
6654 4 3 1 1 0 1455 1742 1741 1189
6655 4 3 1 1 0 35 172 1048 237
6656 4 3 1 1 0 237 36 182 1048
6657 4 3 1 1 0 1011 1013 1014 1858
6658 4 3 1 1 0 1031 1096 1154 963
6659 4 3 1 1 0 1896 1898 1897 1337
6660 4 3 1 1 0 1940 1658 1941 1649
6661 4 3 1 1 0 1299 1965 1742 1884
6662 4 3 1 1 0 1751 1745 2223 2196
6663 4 3 1 1 0 1898 2013 1311 1873
6664 4 3 1 1 0 1973 1165 2110 1957
6665 4 3 1 1 0 1311 1896 1337 1898
6666 4 3 1 1 0 1415 443 444 446
6667 4 3 1 1 0 366 359 1977 299
6668 4 3 1 1 0 2146 1580 929 1463
6669 4 3 1 1 0 1263 1983 1351 1264
6670 4 3 1 1 0 359 398 366 1977
6671 4 3 1 1 0 398 1991 366 1977
6672 4 3 1 1 0 1900 1898 1311 1873
6673 4 3 1 1 0 1924 1950 1580 2180
6674 4 3 1 1 0 1078 1043 1855 1909
6675 4 3 1 1 0 1037 1856 1959 1124
6676 4 3 1 1 0 1928 1901 1906 1039
6677 4 3 1 1 0 2010 1280 2020 2022
6678 4 3 1 1 0 1088 1856 1012 1045
6679 4 3 1 1 0 2116 1831 1899 1331
6680 4 3 1 1 0 764 760 1520 1079
6681 4 3 1 1 0 1856 1115 1045 1088
6682 4 3 1 1 0 2021 2008 1209 2009
6683 4 3 1 1 0 1316 1314 1322 1321
6684 4 3 1 1 0 916 1986 913 1975
6685 4 3 1 1 0 1569 1124 1860 1014
6686 4 3 1 1 0 1088 1079 1012 1038
6687 4 3 1 1 0 1633 1846 2222 1775
6688 4 3 1 1 0 916 1986 1975 914
6689 4 3 1 1 0 913 917 1975 1976
6690 4 3 1 1 0 1871 1536 1568 1553
6691 4 3 1 1 0 1802 1170 1422 1921
6692 4 3 1 1 0 1141 1146 2197 1764
6693 4 3 1 1 0 1331 1277 2230 1197
6694 4 3 1 1 0 1936 1117 1009 1138
6695 4 3 1 1 0 1140 208 1136 201
6696 4 3 1 1 0 1709 1009 1051 1081
6697 4 3 1 1 0 1343 1283 1255 1292
6698 4 3 1 1 0 342 353 379 1268
6699 4 3 1 1 0 1975 917 913 916
6700 4 3 1 1 0 2082 2081 896 1577
6701 4 3 1 1 0 1943 1185 1993 1991
6702 4 3 1 1 0 2031 2037 2032 312
6703 4 3 1 1 0 1233 2047 2034 310
6704 4 3 1 1 0 1180 1986 1978 1976
6705 4 3 1 1 0 2039 2033 1349 1517
6706 4 3 1 1 0 2070 2037 313 2068
6707 4 3 1 1 0 1480 1882 1481 1454
6708 4 3 1 1 0 1978 1986 1180 1207
6709 4 3 1 1 0 1966 1311 1257 1529
6710 4 3 1 1 0 847 1077 900 1938
6711 4 3 1 1 0 1217 1218 2030 2031
6712 4 3 1 1 0 1234 1189 2030 1297
6713 4 3 1 1 0 2046 2035 2047 2045
6714 4 3 1 1 0 1203 1233 1997 1189
6715 4 3 1 1 0 847 1077 1938 1927
6716 4 3 1 1 0 1843 2212 1568 1871
6717 4 3 1 1 0 1650 1623 1849 1653
6718 4 3 1 1 0 1203 1455 1189 1997
6719 4 3 1 1 0 1719 1899 1200 1831
6720 4 3 1 1 0 2278 299 1977 359
6721 4 3 1 1 0 1437 2130 1498 1447
6722 4 3 1 1 0 2078 1992 1291 1340
6723 4 3 1 1 0 1975 916 74 917
6724 4 3 1 1 0 790 1585 850 158
6725 4 3 1 1 0 2193 1849 1620 1623
6726 4 3 1 1 0 1090 1979 1581 1615
6727 4 3 1 1 0 1626 1091 1294 1340
6728 4 3 1 1 0 829 835 1266 875
6729 4 3 1 1 0 1606 829 1266 875
6730 4 3 1 1 0 1943 2065 1993 1091
6731 4 3 1 1 0 1073 166 167 945
6732 4 3 1 1 0 1625 1060 1612 1624
6733 4 3 1 1 0 1187 1990 1301 1315
6734 4 3 1 1 0 1275 1299 1198 1273
6735 4 3 1 1 0 1908 910 1049 907
6736 4 3 1 1 0 1908 910 907 911
6737 4 3 1 1 0 1908 910 911 1389
6738 4 3 1 1 0 296 1211 1276 402
6739 4 3 1 1 0 1348 1198 2007 1302
6740 4 3 1 1 0 320 1307 1306 317
6741 4 3 1 1 0 320 1307 317 319
6742 4 3 1 1 0 1942 1992 1185 1340
6743 4 3 1 1 0 1049 1908 1389 910
6744 4 3 1 1 0 314 387 315 2068
6745 4 3 1 1 0 704 1450 719 1476
6746 4 3 1 1 0 954 949 2035 951
6747 4 3 1 1 0 150 149 2144 746
6748 4 3 1 1 0 1183 1741 1203 1455
6749 4 3 1 1 0 1458 636 551 132
6750 4 3 1 1 0 1563 1900 1965 1348
6751 4 3 1 1 0 1295 1185 1993 1091
6752 4 3 1 1 0 970 1752 2196 1747
6753 4 3 1 1 0 1316 1315 322 1318
6754 4 3 1 1 0 1886 1028 1868 1885
6755 4 3 1 1 0 1327 1990 2084 1301
6756 4 3 1 1 0 1762 1614 1847 1807
6757 4 3 1 1 0 1817 1715 1712 1001
6758 4 3 1 1 0 458 503 1418 454
6759 4 3 1 1 0 1602 1614 1847 1848
6760 4 3 1 1 0 1558 1965 1900 1131
6761 4 3 1 1 0 1070 457 1068 1419
6762 4 3 1 1 0 1973 1168 1382 1974
6763 4 3 1 1 0 1301 2070 1307 2084
6764 4 3 1 1 0 217 263 1139 215
6765 4 3 1 1 0 1008 1423 1842 1701
6766 4 3 1 1 0 1602 1847 1614 1807
6767 4 3 1 1 0 962 2214 1713 1831
6768 4 3 1 1 0 1713 1676 1826 1821
6769 4 3 1 1 0 999 2115 1237 1821
6770 4 3 1 1 0 1825 1328 1819 1334
6771 4 3 1 1 0 2050 1254 2054 1252
6772 4 3 1 1 0 1751 1745 2196 1747
6773 4 3 1 1 0 1236 1239 997 1334
6774 4 3 1 1 0 1413 1416 452 1394
6775 4 3 1 1 0 1394 468 507 452
6776 4 3 1 1 0 441 445 1406 442
6777 4 3 1 1 0 1418 1409 1410 2092
6778 4 3 1 1 0 1217 1224 1225 2029
6779 4 3 1 1 0 1386 507 506 1394
6780 4 3 1 1 0 429 2284 2256 1354
6781 4 3 1 1 0 1412 1416 2121 1425
6782 4 3 1 1 0 2168 1876 1355 1844
6783 4 3 1 1 0 1960 1172 1701 1008
6784 4 3 1 1 0 1038 1704 1536 1021
6785 4 3 1 1 0 1400 772 1902 742
6786 4 3 1 1 0 2214 1713 1831 1714
6787 4 3 1 1 0 2271 41 1909 144
6788 4 3 1 1 0 2162 569 572 567
6789 4 3 1 1 0 824 1615 826 818
6790 4 3 1 1 0 1695 1041 1900 1872
6791 4 3 1 1 0 627 1438 639 582
6792 4 3 1 1 0 977 1113 2153 1724
6793 4 3 1 1 0 1464 1437 2152 1438
6794 4 3 1 1 0 962 2214 1831 1200
6795 4 3 1 1 0 1996 2037 2068 1298
6796 4 3 1 1 0 1825 1819 1328 1285
6797 4 3 1 1 0 1261 1454 1288 1455
6798 4 3 1 1 0 1824 1819 1328 1334
6799 4 3 1 1 0 1455 1288 1261 1997
6800 4 3 1 1 0 1218 1234 1742 1219
6801 4 3 1 1 0 1002 1668 1812 1796
6802 4 3 1 1 0 359 1250 1977 2278
6803 4 3 1 1 0 602 632 2027 635
6804 4 3 1 1 0 1181 1323 1345 1988
6805 4 3 1 1 0 1443 2126 618 590
6806 4 3 1 1 0 1261 1454 1262 1288
6807 4 3 1 1 0 1451 1029 1468 1470
6808 4 3 1 1 0 1752 1747 2205 1684
6809 4 3 1 1 0 2143 2142 1468 1453
6810 4 3 1 1 0 1812 1837 1002 1796
6811 4 3 1 1 0 2228 2138 1447 1176
6812 4 3 1 1 0 1499 1180 2018 2019
6813 4 3 1 1 0 622 1987 1986 1180
6814 4 3 1 1 0 577 1487 574 1498
6815 4 3 1 1 0 2166 1734 1730 1731
6816 4 3 1 1 0 1498 2131 1437 1495
6817 4 3 1 1 0 1263 1347 1183 1690
6818 4 3 1 1 0 1702 1705 1699 1698
6819 4 3 1 1 0 1202 395 1215 1201
6820 4 3 1 1 0 1187 1307 1988 1315
6821 4 3 1 1 0 1470 1029 2170 1557
6822 4 3 1 1 0 1756 1757 1513 1497
6823 4 3 1 1 0 1698 1705 1699 1708
6824 4 3 1 1 0 1983 1181 1318 1988
6825 4 3 1 1 0 1624 1626 1294 1340
6826 4 3 1 1 0 1890 1033 1047 1025
6827 4 3 1 1 0 1569 1534 1865 1538
6828 4 3 1 1 0 1708 1158 1422 1851
6829 4 3 1 1 0 1537 1541 1564 1540
6830 4 3 1 1 0 1041 1549 1566 1873
6831 4 3 1 1 0 1863 1886 2174 1867
6832 4 3 1 1 0 1708 1422 1158 994
6833 4 3 1 1 0 1553 1546 1020 1871
6834 4 3 1 1 0 1101 1126 1100 1678
6835 4 3 1 1 0 1868 1028 2226 1885
6836 4 3 1 1 0 1866 2173 2174 1558
6837 4 3 1 1 0 1556 1514 1034 1562
6838 4 3 1 1 0 1883 1882 1457 1454
6839 4 3 1 1 0 1696 1131 1884 1694
6840 4 3 1 1 0 1512 1463 2148 898
6841 4 3 1 1 0 1983 1323 1181 1988
6842 4 3 1 1 0 1317 1323 1983 1988
6843 4 3 1 1 0 1178 1983 1248 1351
6844 4 3 1 1 0 1951 926 927 928
6845 4 3 1 1 0 2146 2145 1463 643
6846 4 3 1 1 0 1806 1061 1807 1596
6847 4 3 1 1 0 1631 847 844 832
6848 4 3 1 1 0 2189 2186 1918 1597
6849 4 3 1 1 0 1101 1100 1126 1478
6850 4 3 1 1 0 1100 1772 1678 1126
6851 4 3 1 1 0 2189 1061 1596 1597
6852 4 3 1 1 0 1964 1126 1100 1478
6853 4 3 1 1 0 2188 1600 1621 1599
6854 4 3 1 1 0 2128 2145 1441 594
6855 4 3 1 1 0 1613 820 1604 1598
6856 4 3 1 1 0 1613 2193 1598 1604
6857 4 3 1 1 0 1494 1509 1466 1505
6858 4 3 1 1 0 1506 1435 1494 1509
6859 4 3 1 1 0 1459 1475 1441 2147
6860 4 3 1 1 0 1750 1751 2223 1792
6861 4 3 1 1 0 1864 1023 1881 1861
6862 4 3 1 1 0 1166 1743 1639 1148
6863 4 3 1 1 0 1900 1873 1872 1041
6864 4 3 1 1 0 1095 1767 1949 1859
6865 4 3 1 1 0 1639 1743 1166 1971
6866 4 3 1 1 0 330 407 345 1248
6867 4 3 1 1 0 1763 1749 1748 1735
6868 4 3 1 1 0 1659 1944 2200 1674
6869 4 3 1 1 0 820 1613 1604 1616
6870 4 3 1 1 0 2194 2193 1598 1613
6871 4 3 1 1 0 1659 1658 2199 2200
6872 4 3 1 1 0 330 341 1264 325
6873 4 3 1 1 0 1751 1745 1747 1749
6874 4 3 1 1 0 1847 1798 1850 1848
6875 4 3 1 1 0 1955 1491 1102 1761
6876 4 3 1 1 0 1843 2212 1871 1701
6877 4 3 1 1 0 1880 1877 1684 1028
6878 4 3 1 1 0 2225 2207 1838 1686
6879 4 3 1 1 0 1689 1880 2226 2227
6880 4 3 1 1 0 2212 1871 1701 1040
6881 4 3 1 1 0 1863 1886 1867 1028
6882 4 3 1 1 0 1007 1136 208 216
6883 4 3 1 1 0 1115 1913 1959 1011
6884 4 3 1 1 0 1843 2212 1701 1707
6885 4 3 1 1 0 1715 2213 1407 2114
6886 4 3 1 1 0 1841 1423 1003 1835
6887 4 3 1 1 0 1558 1886 1868 2211
6888 4 3 1 1 0 1682 1685 960 1683
6889 4 3 1 1 0 1683 1736 1685 1652
6890 4 3 1 1 0 1417 1425 1003 1841
6891 4 3 1 1 0 962 1722 2214 1200
6892 4 3 1 1 0 962 1722 1200 1417
6893 4 3 1 1 0 1685 1736 1663 1652
6894 4 3 1 1 0 1682 1685 969 960
6895 4 3 1 1 0 1962 1771 1164 1119
6896 4 3 1 1 0 1178 1248 1206 1351
6897 4 3 1 1 0 1750 1005 2218 1788
6898 4 3 1 1 0 1790 1798 1749 1092
6899 4 3 1 1 0 1102 1955 1495 1491
6900 4 3 1 1 0 2162 1955 1491 1487
6901 4 3 1 1 0 1160 1161 1679 1114
6902 4 3 1 1 0 364 1223 312 414
6903 4 3 1 1 0 1313 1985 1739 1323
6904 4 3 1 1 0 1827 1828 1823 1335
6905 4 3 1 1 0 960 1693 1685 1694
6906 4 3 1 1 0 1748 1657 2215 1736
6907 4 3 1 1 0 2204 1687 2206 1684
6908 4 3 1 1 0 1436 1460 1926 1441
6909 4 3 1 1 0 1076 1571 1924 1101
6910 4 3 1 1 0 1146 1743 1148 2197
6911 4 3 1 1 0 758 783 725 1524
6912 4 3 1 1 0 2017 550 651 2016
6913 4 3 1 1 0 1060 1619 1266 1606
6914 4 3 1 1 0 2195 1641 1023 1753
6915 4 3 1 1 0 972 1759 1746 1760
6916 4 3 1 1 0 2222 2203 1971 1646
6917 4 3 1 1 0 983 1785 1782 2221
6918 4 3 1 1 0 1076 1460 1627 1622
6919 4 3 1 1 0 1612 1619 1606 1603
6920 4 3 1 1 0 203 1152 209 1112
6921 4 3 1 1 0 1572 1805 1919 1062
6922 4 3 1 1 0 877 2182 1587 1597
6923 4 3 1 1 0 2179 1669 1808 991
6924 4 3 1 1 0 988 1595 1610 1608
6925 4 3 1 1 0 1790 1797 984 1793
6926 4 3 1 1 0 993 1914 1573 1922
6927 4 3 1 1 0 167 2099 944 168
6928 4 3 1 1 0 2264 1073 943 1922
6929 4 3 1 1 0 1074 1578 883 2176
6930 4 3 1 1 0 2095 1073 1378 1074
6931 4 3 1 1 0 1592 1589 1588 1628
6932 4 3 1 1 0 988 1607 2181 1593
6933 4 3 1 1 0 2178 2179 991 1586
6934 4 3 1 1 0 877 1587 2182 808
6935 4 3 1 1 0 1284 1283 1285 1819
6936 4 3 1 1 0 1835 1561 1553 1568
6937 4 3 1 1 0 1818 958 984 1675
6938 4 3 1 1 0 535 1387 475 1427
6939 4 3 1 1 0 1822 2113 1236 1237
6940 4 3 1 1 0 1306 1324 1314 1194
6941 4 3 1 1 0 1835 1553 1561 1019
6942 4 3 1 1 0 1000 2177 1833 1916
6943 4 3 1 1 0 2159 1205 1263 1351
6944 4 3 1 1 0 1304 1306 1324 1314
6945 4 3 1 1 0 1829 1195 1826 1800
6946 4 3 1 1 0 2158 2018 1205 1499
6947 4 3 1 1 0 1851 2110 1422 1706
6948 4 3 1 1 0 1412 1416 1414 505
6949 4 3 1 1 0 450 444 1415 1414
6950 4 3 1 1 0 219 1099 1103 1114
6951 4 3 1 1 0 1022 2154 1526 2143
6952 4 3 1 1 0 1022 1526 2154 1477
6953 4 3 1 1 0 1186 1268 1267 1295
6954 4 3 1 1 0 1745 970 2196 1747
6955 4 3 1 1 0 1570 1526 2154 2143
6956 4 3 1 1 0 1414 1814 1415 2109
6957 4 3 1 1 0 1168 1973 1936 1935
6958 4 3 1 1 0 1046 1044 1891 1125
6959 4 3 1 1 0 1084 670 733 739
6960 4 3 1 1 0 1342 1989 1335 1995
6961 4 3 1 1 0 1569 1047 1014 1911
6962 4 3 1 1 0 1834 1712 1837 1703
6963 4 3 1 1 0 1876 1050 1875 1550
6964 4 3 1 1 0 2009 2116 1831 1899
6965 4 3 1 1 0 1410 2122 1418 1816
6966 4 3 1 1 0 1866 2173 1551 2174
6967 4 3 1 1 0 1410 2122 1816 1387
6968 4 3 1 1 0 2097 1356 453 530
6969 4 3 1 1 0 468 1390 497 1356
6970 4 3 1 1 0 1400 741 1395 1396
6971 4 3 1 1 0 1395 741 675 726
6972 4 3 1 1 0 1553 1546 1871 1536
6973 4 3 1 1 0 741 713 776 1396
6974 4 3 1 1 0 694 699 1527 1552
6975 4 3 1 1 0 468 497 1390 489
6976 4 3 1 1 0 1016 1546 1551 1532
6977 4 3 1 1 0 1353 497 1390 1356
6978 4 3 1 1 0 1685 2207 1683 1652
6979 4 3 1 1 0 1353 1390 497 489
6980 4 3 1 1 0 1897 1308 1329 2004
6981 4 3 1 1 0 219 1099 223 1103
6982 4 3 1 1 0 1831 2009 1899 1200
6983 4 3 1 1 0 1830 1309 1338 1325
6984 4 3 1 1 0 33 2234 116 2153
6985 4 3 1 1 0 1131 1965 1900 1967
6986 4 3 1 1 0 1338 1309 1830 1330
6987 4 3 1 1 0 1225 2029 2038 1217
6988 4 3 1 1 0 1225 2038 2029 308
6989 4 3 1 1 0 2031 2038 2029 1217
6990 4 3 1 1 0 1333 920 1362 922
6991 4 3 1 1 0 2038 309 2029 308
6992 4 3 1 1 0 1898 1277 1341 1903
6993 4 3 1 1 0 1355 2089 1426 1384
6994 4 3 1 1 0 455 449 1415 450
6995 4 3 1 1 0 1947 1804 989 1110
6996 4 3 1 1 0 1093 1077 242 281
6997 4 3 1 1 0 1690 1739 1738 1263
6998 4 3 1 1 0 1140 213 205 258
6999 4 3 1 1 0 1135 262 197 201
7000 4 3 1 1 0 979 1772 1123 1773
7001 4 3 1 1 0 1010 961 1893 1704
7002 4 3 1 1 0 2247 20 793 165
7003 4 3 1 1 0 1082 1077 281 235
7004 4 3 1 1 0 235 2239 2275 1077
7005 4 3 1 1 0 884 1920 862 856
7006 4 3 1 1 0 2182 808 878 877
7007 4 3 1 1 0 2004 2225 1195 1895
7008 4 3 1 1 0 1702 1893 1765 1699
7009 4 3 1 1 0 1702 1765 1893 1643
7010 4 3 1 1 0 1906 1709 1960 1051
7011 4 3 1 1 0 1085 1116 1385 1935
7012 4 3 1 1 0 1074 855 1370 2099
7013 4 3 1 1 0 353 354 369 1993
7014 4 3 1 1 0 2081 2082 2083 1577
7015 4 3 1 1 0 1943 2081 1250 1251
7016 4 3 1 1 0 1828 1827 1339 1335
7017 4 3 1 1 0 307 398 1250 1251
7018 4 3 1 1 0 882 1074 855 802
7019 4 3 1 1 0 2053 1977 2052 1991
7020 4 3 1 1 0 1074 855 802 883
7021 4 3 1 1 0 784 2064 2063 870
7022 4 3 1 1 0 2259 25 164 11
7023 4 3 1 1 0 548 2280 624 29
7024 4 3 1 1 0 1690 1511 1183 1263
7025 4 3 1 1 0 1580 1954 1951 1952
7026 4 3 1 1 0 1580 1951 1950 1952
7027 4 3 1 1 0 1074 855 883 1370
7028 4 3 1 1 0 2146 643 120 119
7029 4 3 1 1 0 1475 1101 1678 1126
7030 4 3 1 1 0 972 1761 1102 1758
7031 4 3 1 1 0 1087 1574 993 1937
7032 4 3 1 1 0 1957 1936 1138 1109
7033 4 3 1 1 0 993 1574 1087 1378
7034 4 3 1 1 0 201 1136 215 208
7035 4 3 1 1 0 2044 1257 2071 2012
7036 4 3 1 1 0 2071 2014 2012 2072
7037 4 3 1 1 0 1257 2071 2012 2072
7038 4 3 1 1 0 207 202 1149 1096
7039 4 3 1 1 0 1961 1122 1126 1164
7040 4 3 1 1 0 1122 1773 1772 979
7041 4 3 1 1 0 2167 1546 1869 1553
7042 4 3 1 1 0 1020 1871 1546 1870
7043 4 3 1 1 0 1645 1746 1646 1971
7044 4 3 1 1 0 344 341 351 1216
7045 4 3 1 1 0 1827 1984 1179 1828
7046 4 3 1 1 0 1020 1867 1546 1869
7047 4 3 1 1 0 1546 1867 1020 1870
7048 4 3 1 1 0 1008 1116 1960 1172
7049 4 3 1 1 0 1705 1708 1851 1156
7050 4 3 1 1 0 2031 2030 2032 1226
7051 4 3 1 1 0 295 2285 1202 360
7052 4 3 1 1 0 1284 2191 1667 1673
7053 4 3 1 1 0 1376 2105 2009 1209
7054 4 3 1 1 0 2191 1670 1667 1664
7055 4 3 1 1 0 2233 526 496 1360
7056 4 3 1 1 0 1284 2191 1673 1916
7057 4 3 1 1 0 1277 1332 2022 1197
7058 4 3 1 1 0 1284 2191 1916 1670
7059 4 3 1 1 0 390 2047 2035 2045
7060 4 3 1 1 0 1202 360 1215 395
7061 4 3 1 1 0 2036 2047 310 391
7062 4 3 1 1 0 2023 1258 1271 2024
7063 4 3 1 1 0 431 2002 420 63
7064 4 3 1 1 0 375 2026 300 60
7065 4 3 1 1 0 1212 375 59 2026
7066 4 3 1 1 0 1670 1411 1671 1388
7067 4 3 1 1 0 310 1233 2036 2032
7068 4 3 1 1 0 1068 457 1069 1419
7069 4 3 1 1 0 483 2026 2277 100
7070 4 3 1 1 0 1229 737 782 1228
7071 4 3 1 1 0 1229 782 737 716
7072 4 3 1 1 0 2037 2031 2032 1226
7073 4 3 1 1 0 2029 2030 2032 2031
7074 4 3 1 1 0 1203 2047 1215 1997
7075 4 3 1 1 0 1489 1738 1980 1503
7076 4 3 1 1 0 2028 1202 616 1215
7077 4 3 1 1 0 638 1202 2015 654
7078 4 3 1 1 0 1183 1327 1264 1201
7079 4 3 1 1 0 1932 1437 1495 1500
7080 4 3 1 1 0 1618 1605 1612 2200
7081 4 3 1 1 0 773 1230 715 765
7082 4 3 1 1 0 1295 1626 1339 1185
7083 4 3 1 1 0 1943 1184 1250 2083
7084 4 3 1 1 0 1503 1177 2229 1980
7085 4 3 1 1 0 2041 2012 2043 1529
7086 4 3 1 1 0 2041 2012 1529 1257
7087 4 3 1 1 0 2063 399 411 292
7088 4 3 1 1 0 2058 379 346 394
7089 4 3 1 1 0 2060 1231 2012 2043
7090 4 3 1 1 0 2060 1230 1293 773
7091 4 3 1 1 0 2041 2012 1257 1231
7092 4 3 1 1 0 1993 1287 353 343
7093 4 3 1 1 0 1299 1967 1965 1884
7094 4 3 1 1 0 389 1300 1274 1272
7095 4 3 1 1 0 1199 2073 1293 1341
7096 4 3 1 1 0 1996 2037 1272 1275
7097 4 3 1 1 0 1272 1300 1198 1275
7098 4 3 1 1 0 715 1230 773 1293
7099 4 3 1 1 0 2000 1344 348 1193
7100 4 3 1 1 0 2041 2012 1231 2043
7101 4 3 1 1 0 1327 341 1201 388
7102 4 3 1 1 0 1321 333 337 327
7103 4 3 1 1 0 1264 1263 1216 1351
7104 4 3 1 1 0 1683 1736 1652 2204
7105 4 3 1 1 0 1506 1734 1508 2164
7106 4 3 1 1 0 1487 569 2162 566
7107 4 3 1 1 0 2225 1142 1696 1305
7108 4 3 1 1 0 1196 1324 2007 1303
7109 4 3 1 1 0 1690 969 1740 1884
7110 4 3 1 1 0 1748 1945 1749 1763
7111 4 3 1 1 0 1214 1203 1183 1201
7112 4 3 1 1 0 1965 1297 1742 1218
7113 4 3 1 1 0 479 1364 1260 1365
7114 4 3 1 1 0 1369 1380 2102 991
7115 4 3 1 1 0 1283 1255 1292 1244
7116 4 3 1 1 0 1372 462 1410 1387
7117 4 3 1 1 0 1101 1076 1463 2145
7118 4 3 1 1 0 1101 1463 1076 1571
7119 4 3 1 1 0 1060 1915 1624 1625
7120 4 3 1 1 0 1915 1619 1265 1266
7121 4 3 1 1 0 2118 1816 2092 2120
7122 4 3 1 1 0 2195 1641 1130 1642
7123 4 3 1 1 0 1832 1283 1292 1244
7124 4 3 1 1 0 1914 1063 278 238
7125 4 3 1 1 0 224 245 1064 225
7126 4 3 1 1 0 1240 1998 1344 1320
7127 4 3 1 1 0 1407 1722 1417 2121
7128 4 3 1 1 0 1344 326 1240 1320
7129 4 3 1 1 0 1400 741 1396 713
7130 4 3 1 1 0 1240 326 1344 1239
7131 4 3 1 1 0 1320 328 1325 1338
7132 4 3 1 1 0 1397 1270 437 434
7133 4 3 1 1 0 1656 1945 1652 1657
7134 4 3 1 1 0 1158 1170 1106 1422
7135 4 3 1 1 0 1401 2121 2114 1406
7136 4 3 1 1 0 1544 1548 1549 2173
7137 4 3 1 1 0 2098 797 2099 855
7138 4 3 1 1 0 529 472 473 1371
7139 4 3 1 1 0 2098 797 855 852
7140 4 3 1 1 0 1428 1380 2124 2107
7141 4 3 1 1 0 1536 1546 1864 1534
7142 4 3 1 1 0 646 2131 2152 595
7143 4 3 1 1 0 1536 1864 1546 1870
7144 4 3 1 1 0 1083 1465 1613 1925
7145 4 3 1 1 0 1888 1801 226 1071
7146 4 3 1 1 0 1496 580 578 572
7147 4 3 1 1 0 2134 2136 2133 1445
7148 4 3 1 1 0 588 1472 1962 1501
7149 4 3 1 1 0 633 2141 1471 634
7150 4 3 1 1 0 579 588 1962 1501
7151 4 3 1 1 0 1756 2217 2216 1755
7152 4 3 1 1 0 541 649 641 2139
7153 4 3 1 1 0 1464 2150 2149 2151
7154 4 3 1 1 0 1076 1460 1925 1512
7155 4 3 1 1 0 1653 1925 1926 1623
7156 4 3 1 1 0 122 540 2148 2149
7157 4 3 1 1 0 2129 540 646 2149
7158 4 3 1 1 0 2152 646 2149 2129
7159 4 3 1 1 0 1484 632 2027 1486
7160 4 3 1 1 0 637 557 1262 1479
7161 4 3 1 1 0 1753 1752 2205 1684
7162 4 3 1 1 0 579 592 1962 588
7163 4 3 1 1 0 1624 1827 1823 1335
7164 4 3 1 1 0 1732 1736 2198 1663
7165 4 3 1 1 0 1492 1482 1734 2166
7166 4 3 1 1 0 1509 1636 973 1504
7167 4 3 1 1 0 2143 1543 1513 1468
7168 4 3 1 1 0 1526 725 724 1525
7169 4 3 1 1 0 1573 1572 1919 1062
7170 4 3 1 1 0 1645 2222 1004 1785
7171 4 3 1 1 0 1057 239 278 1063
7172 4 3 1 1 0 1645 1004 2222 1646
7173 4 3 1 1 0 1781 1059 1782 1629
7174 4 3 1 1 0 1629 1939 1110 1806
7175 4 3 1 1 0 1608 1606 1593 1603
7176 4 3 1 1 0 1706 1705 1701 1006
7177 4 3 1 1 0 988 1595 1594 1590
7178 4 3 1 1 0 1701 1705 1706 1171
7179 4 3 1 1 0 2057 1254 1186 1350
7180 4 3 1 1 0 1755 1492 1493 1482
7181 4 3 1 1 0 1287 333 1286 2077
7182 4 3 1 1 0 1766 1710 1642 1861
7183 4 3 1 1 0 2223 2195 2196 1644
7184 4 3 1 1 0 2219 1765 1744 1764
7185 4 3 1 1 0 1005 2220 2224 1792
7186 4 3 1 1 0 1026 2208 1755 2206
7187 4 3 1 1 0 1635 1161 1759 1634
7188 4 3 1 1 0 1099 1112 1114 210
7189 4 3 1 1 0 1317 1187 1346 1313
7190 4 3 1 1 0 1765 2219 1005 1698
7191 4 3 1 1 0 1734 2206 1755 2208
7192 4 3 1 1 0 2197 1765 1764 1744
7193 4 3 1 1 0 1030 1859 1095 1949
7194 4 3 1 1 0 687 1545 1535 691
7195 4 3 1 1 0 1130 955 975 1167
7196 4 3 1 1 0 1541 2226 1863 2227
7197 4 3 1 1 0 1108 1010 1128 1854
7198 4 3 1 1 0 963 1096 1155 1949
7199 4 3 1 1 0 1005 1750 1792 2224
7200 4 3 1 1 0 1620 1930 1932 1956
7201 4 3 1 1 0 1743 2196 1637 2197
7202 4 3 1 1 0 1484 2157 566 1485
7203 4 3 1 1 0 1615 1620 1604 1923
7204 4 3 1 1 0 1496 1758 1461 1441
7205 4 3 1 1 0 987 1059 1592 1629
7206 4 3 1 1 0 1146 1680 1776 1144
7207 4 3 1 1 0 981 1153 985 1778
7208 4 3 1 1 0 1758 1461 1761 1491
7209 4 3 1 1 0 2187 1807 1592 1847
7210 4 3 1 1 0 1827 1624 1339 1335
7211 4 3 1 1 0 1988 1336 1181 1318
7212 4 3 1 1 0 1942 1181 1339 1336
7213 4 3 1 1 0 1102 1491 1758 1761
7214 4 3 1 1 0 1328 1673 1335 1285
7215 4 3 1 1 0 1320 328 1338 381
7216 4 3 1 1 0 319 1316 1314 1307
7217 4 3 1 1 0 218 202 1096 1133
7218 4 3 1 1 0 1869 1867 1551 1549
7219 4 3 1 1 0 1131 1694 2210 1884
7220 4 3 1 1 0 1740 1690 1884 1346
7221 4 3 1 1 0 2173 1560 1559 1548
7222 4 3 1 1 0 2225 2207 1686 1696
7223 4 3 1 1 0 1368 1379 787 2108
7224 4 3 1 1 0 2268 1379 1368 419
7225 4 3 1 1 0 1873 2042 1559 1528
7226 4 3 1 1 0 1556 1515 1559 1220
7227 4 3 1 1 0 741 1400 1395 742
7228 4 3 1 1 0 92 2282 908 141
7229 4 3 1 1 0 2060 2014 2012 1256
7230 4 3 1 1 0 2247 800 793 1067
7231 4 3 1 1 0 1816 1411 1387 1671
7232 4 3 1 1 0 2236 2251 1054 182
7233 4 3 1 1 0 2251 36 182 14
7234 4 3 1 1 0 1816 1372 2118 1410
7235 4 3 1 1 0 186 1043 189 1036
7236 4 3 1 1 0 881 2182 808 878
7237 4 3 1 1 0 2286 175 274 1065
7238 4 3 1 1 0 2071 2014 1256 2012
7239 4 3 1 1 0 1250 359 73 2278
7240 4 3 1 1 0 1989 1286 1995 1287
7241 4 3 1 1 0 72 2253 4 794
7242 4 3 1 1 0 1387 2122 1816 1671
7243 4 3 1 1 0 2044 2071 1256 2012
7244 4 3 1 1 0 367 2243 88 2274
7245 4 3 1 1 0 1444 2134 2151 2132
7246 4 3 1 1 0 546 2260 124 6
7247 4 3 1 1 0 121 2148 122 607
7248 4 3 1 1 0 2163 1469 1493 571
7249 4 3 1 1 0 2163 1469 571 576
7250 4 3 1 1 0 1375 1421 1356 1905
7251 4 3 1 1 0 137 7 57 2243
7252 4 3 1 1 0 2243 304 57 1279
7253 4 3 1 1 0 2163 1469 576 1494
7254 4 3 1 1 0 69 302 2267 17
7255 4 3 1 1 0 1108 263 266 193
7256 4 3 1 1 0 2177 1832 1576 1253
7257 4 3 1 1 0 1342 1989 1995 1295
7258 4 3 1 1 0 2077 404 2059 2058
7259 4 3 1 1 0 298 1241 368 413
7260 4 3 1 1 0 1157 1109 1138 248
7261 4 3 1 1 0 2163 2217 2164 1493
7262 4 3 1 1 0 2104 484 1374 1889
7263 4 3 1 1 0 1940 2078 1291 1340
7264 4 3 1 1 0 1336 1989 1339 1295
7265 4 3 1 1 0 1108 262 193 1127
7266 4 3 1 1 0 1935 1960 1009 1051
7267 4 3 1 1 0 1291 2078 1940 1584
7268 4 3 1 1 0 1107 1108 266 1046
7269 4 3 1 1 0 193 1108 1127 1046
7270 4 3 1 1 0 1143 1154 1149 1133
7271 4 3 1 1 0 1857 268 272 265
7272 4 3 1 1 0 1336 1287 1989 1295
7273 4 3 1 1 0 1277 1276 1278 2073
7274 4 3 1 1 0 221 1030 280 228
7275 4 3 1 1 0 1024 34 33 250
7276 4 3 1 1 0 1804 1803 986 1065
7277 4 3 1 1 0 1064 290 1065 245
7278 4 3 1 1 0 1291 1941 1940 1340
7279 4 3 1 1 0 1054 733 678 1055
7280 4 3 1 1 0 1199 2073 1341 2014
7281 4 3 1 1 0 14 2251 37 182
7282 4 3 1 1 0 1943 2081 1251 1296
7283 4 3 1 1 0 178 2245 185 40
7284 4 3 1 1 0 681 733 1055 678
7285 4 3 1 1 0 2221 1785 1782 1151
7286 4 3 1 1 0 1152 211 1066 258
7287 4 3 1 1 0 1160 220 980 1162
7288 4 3 1 1 0 1940 1941 1291 1584
7289 4 3 1 1 0 1961 1501 1164 1461
7290 4 3 1 1 0 976 222 251 243
7291 4 3 1 1 0 871 2079 1296 838
7292 4 3 1 1 0 262 1108 193 263
7293 4 3 1 1 0 1119 1472 1771 1648
7294 4 3 1 1 0 1725 624 2246 538
7295 4 3 1 1 0 1963 604 118 117
7296 4 3 1 1 0 2064 2079 1296 871
7297 4 3 1 1 0 70 2269 292 71
7298 4 3 1 1 0 784 2238 891 70
7299 4 3 1 1 0 2238 2269 2061 292
7300 4 3 1 1 0 896 1296 886 2081
7301 4 3 1 1 0 2034 1224 1235 2029
7302 4 3 1 1 0 2064 886 1296 1251
7303 4 3 1 1 0 886 2081 1296 1251
7304 4 3 1 1 0 886 871 1296 838
7305 4 3 1 1 0 1240 2005 1326 1998
7306 4 3 1 1 0 1190 1338 1191 1998
7307 4 3 1 1 0 2005 1306 1325 1314
7308 4 3 1 1 0 333 2077 396 1286
7309 4 3 1 1 0 382 1321 327 321
7310 4 3 1 1 0 382 1316 383 337
7311 4 3 1 1 0 1316 1336 383 337
7312 4 3 1 1 0 337 1336 383 343
7313 4 3 1 1 0 1322 1989 1339 1336
7314 4 3 1 1 0 1347 1741 2069 1298
7315 4 3 1 1 0 886 2064 1296 871
7316 4 3 1 1 0 1985 1313 1739 1142
7317 4 3 1 1 0 310 311 2032 2036
7318 4 3 1 1 0 1224 2030 1235 2029
7319 4 3 1 1 0 1245 1188 1178 1206
7320 4 3 1 1 0 2016 1188 2019 1207
7321 4 3 1 1 0 2000 1238 2002 2001
7322 4 3 1 1 0 2049 64 303 361
7323 4 3 1 1 0 1739 1661 1985 1142
7324 4 3 1 1 0 8 2026 300 61
7325 4 3 1 1 0 336 400 1271 2003
7326 4 3 1 1 0 1000 1388 1832 1292
7327 4 3 1 1 0 2062 2061 1267 1186
7328 4 3 1 1 0 1678 1634 1104 1100
7329 4 3 1 1 0 1289 1290 1283 1285
7330 4 3 1 1 0 156 851 2054 799
7331 4 3 1 1 0 1236 1334 1819 1824
7332 4 3 1 1 0 1251 2063 369 2065
7333 4 3 1 1 0 2064 2065 1943 1091
7334 4 3 1 1 0 399 2063 411 369
7335 4 3 1 1 0 369 354 1991 1993
7336 4 3 1 1 0 2064 2065 1251 1943
7337 4 3 1 1 0 1943 1185 1991 1992
7338 4 3 1 1 0 438 510 437 1402
7339 4 3 1 1 0 2025 377 1271 2023
7340 4 3 1 1 0 1213 483 428 2026
7341 4 3 1 1 0 2025 1213 428 2026
7342 4 3 1 1 0 1213 2025 428 486
7343 4 3 1 1 0 1722 1421 1200 1417
7344 4 3 1 1 0 194 192 193 1127
7345 4 3 1 1 0 528 1427 535 475
7346 4 3 1 1 0 1338 381 1344 1320
7347 4 3 1 1 0 1319 2005 1314 1194
7348 4 3 1 1 0 1387 535 1381 1427
7349 4 3 1 1 0 1372 475 478 463
7350 4 3 1 1 0 1372 475 463 462
7351 4 3 1 1 0 1085 534 502 1377
7352 4 3 1 1 0 478 1365 1367 1372
7353 4 3 1 1 0 1085 534 1377 1389
7354 4 3 1 1 0 1116 2111 1377 1386
7355 4 3 1 1 0 2111 1377 2112 1391
7356 4 3 1 1 0 1320 328 323 1325
7357 4 3 1 1 0 1310 1300 1303 2007
7358 4 3 1 1 0 1365 478 531 479
7359 4 3 1 1 0 476 1391 2112 1377
7360 4 3 1 1 0 1419 1068 1802 1921
7361 4 3 1 1 0 1802 1068 1419 1070
7362 4 3 1 1 0 467 496 526 1360
7363 4 3 1 1 0 429 2284 1354 480
7364 4 3 1 1 0 1322 1314 1319 1240
7365 4 3 1 1 0 99 98 2233 418
7366 4 3 1 1 0 99 483 418 1208
7367 4 3 1 1 0 361 2002 64 63
7368 4 3 1 1 0 1064 1065 1093 1804
7369 4 3 1 1 0 432 433 2067 1398
7370 4 3 1 1 0 2049 303 16 1249
7371 4 3 1 1 0 1416 506 452 1394
7372 4 3 1 1 0 1065 1093 1077 290
7373 4 3 1 1 0 2154 2155 1477 1434
7374 4 3 1 1 0 480 1361 1353 1354
7375 4 3 1 1 0 1493 564 633 2156
7376 4 3 1 1 0 563 2156 561 564
7377 4 3 1 1 0 1064 290 245 224
7378 4 3 1 1 0 2152 2149 623 2132
7379 4 3 1 1 0 2151 853 854 2149
7380 4 3 1 1 0 1444 1437 2152 2151
7381 4 3 1 1 0 1438 608 2128 639
7382 4 3 1 1 0 295 2285 360 79
7383 4 3 1 1 0 1983 1245 1246 1178
7384 4 3 1 1 0 2016 2019 1206 1204
7385 4 3 1 1 0 295 2285 79 2249
7386 4 3 1 1 0 1433 1434 2125 1432
7387 4 3 1 1 0 1361 495 1360 1354
7388 4 3 1 1 0 615 1726 553 645
7389 4 3 1 1 0 2089 1353 1361 1354
7390 4 3 1 1 0 275 246 979 1121
7391 4 3 1 1 0 1971 1746 1163 1639
7392 4 3 1 1 0 1064 290 224 1093
7393 4 3 1 1 0 562 2076 635 559
7394 4 3 1 1 0 1457 1742 1234 1219
7395 4 3 1 1 0 1360 2097 2096 1209
7396 4 3 1 1 0 2021 1360 1904 2096
7397 4 3 1 1 0 1505 965 600 966
7398 4 3 1 1 0 609 551 606 1449
7399 4 3 1 1 0 2141 1468 1451 1453
7400 4 3 1 1 0 1442 1448 2142 2139
7401 4 3 1 1 0 2216 1451 2141 1468
7402 4 3 1 1 0 1054 1056 267 187
7403 4 3 1 1 0 192 1046 1125 190
7404 4 3 1 1 0 186 1043 1036 1078
7405 4 3 1 1 0 1361 2090 2096 1426
7406 4 3 1 1 0 2142 1451 1468 1453
7407 4 3 1 1 0 682 1015 685 684
7408 4 3 1 1 0 1045 666 759 679
7409 4 3 1 1 0 677 666 1056 678
7410 4 3 1 1 0 1451 1029 1470 1887
7411 4 3 1 1 0 1114 1947 1774 1112
7412 4 3 1 1 0 1856 1115 1959 1011
7413 4 3 1 1 0 1022 1538 1543 1564
7414 4 3 1 1 0 700 693 1540 1542
7415 4 3 1 1 0 2226 1880 1684 1028
7416 4 3 1 1 0 2126 653 576 1494
7417 4 3 1 1 0 1347 1741 1346 2069
7418 4 3 1 1 0 1692 1557 2226 1868
7419 4 3 1 1 0 701 1229 1559 703
7420 4 3 1 1 0 717 1349 1517 770
7421 4 3 1 1 0 297 2034 310 2029
7422 4 3 1 1 0 2262 2038 370 1227
7423 4 3 1 1 0 1094 963 1155 1949
7424 4 3 1 1 0 2038 1227 1225 2039
7425 4 3 1 1 0 734 773 1230 1231
7426 4 3 1 1 0 1876 1050 1550 1384
7427 4 3 1 1 0 768 738 780 1530
7428 4 3 1 1 0 698 1552 1545 1554
7429 4 3 1 1 0 1859 1094 1167 1949
7430 4 3 1 1 0 1153 1156 1140 1158
7431 4 3 1 1 0 751 2172 1544 1548
7432 4 3 1 1 0 1802 1071 1158 1170
7433 4 3 1 1 0 1019 1423 1003 1393
7434 4 3 1 1 0 671 727 1256 763
7435 4 3 1 1 0 1973 2110 1382 1383
7436 4 3 1 1 0 1326 1800 1328 1826
7437 4 3 1 1 0 1276 1277 2075 2073
7438 4 3 1 1 0 1382 455 1383 1419
7439 4 3 1 1 0 235 2239 1077 175
7440 4 3 1 1 0 2110 1382 1383 1419
7441 4 3 1 1 0 235 2259 2275 56
7442 4 3 1 1 0 235 2239 175 55
7443 4 3 1 1 0 1105 226 992 277
7444 4 3 1 1 0 18 427 2254 105
7445 4 3 1 1 0 1399 2001 2113 1236
7446 4 3 1 1 0 109 944 2099 168
7447 4 3 1 1 0 167 2099 168 882
7448 4 3 1 1 0 1326 1800 1826 2004
7449 4 3 1 1 0 1175 1583 1649 1929
7450 4 3 1 1 0 1294 1619 1340 2080
7451 4 3 1 1 0 874 813 1601 819
7452 4 3 1 1 0 821 1430 1609 822
7453 4 3 1 1 0 1579 1369 2100 1370
7454 4 3 1 1 0 1667 996 998 1676
7455 4 3 1 1 0 1824 998 996 1676
7456 4 3 1 1 0 2268 419 499 1379
7457 4 3 1 1 0 1074 1578 2176 990
7458 4 3 1 1 0 2228 1437 1444 1474
7459 4 3 1 1 0 955 1154 1143 1133
7460 4 3 1 1 0 2150 1464 2149 2129
7461 4 3 1 1 0 2001 1259 2113 1236
7462 4 3 1 1 0 2001 1259 1236 1238
7463 4 3 1 1 0 1250 157 794 850
7464 4 3 1 1 0 1378 1087 1787 1630
7465 4 3 1 1 0 1196 1310 2007 1311
7466 4 3 1 1 0 1787 1579 1378 1630
7467 4 3 1 1 0 1405 1817 2120 1403
7468 4 3 1 1 0 2261 168 797 21
7469 4 3 1 1 0 1704 1037 1010 1042
7470 4 3 1 1 0 1928 1523 1039 1520
7471 4 3 1 1 0 1062 1572 1937 1573
7472 4 3 1 1 0 661 1530 768 780
7473 4 3 1 1 0 375 59 2026 60
7474 4 3 1 1 0 1530 780 1281 722
7475 4 3 1 1 0 2125 653 1494 591
7476 4 3 1 1 0 1366 1822 1343 1292
7477 4 3 1 1 0 1595 1664 1610 1608
7478 4 3 1 1 0 1595 1664 1608 1674
7479 4 3 1 1 0 1880 1865 1023 1864
7480 4 3 1 1 0 41 178 1909 247
7481 4 3 1 1 0 1187 1305 1346 1313
7482 4 3 1 1 0 1785 1744 1151 2219
7483 4 3 1 1 0 1677 1793 1797 1092
7484 4 3 1 1 0 1766 1167 1767 1861
7485 4 3 1 1 0 1101 1460 1441 1758
7486 4 3 1 1 0 593 2145 594 2147
7487 4 3 1 1 0 830 1597 878 877
7488 4 3 1 1 0 2109 2110 1382 1706
7489 4 3 1 1 0 1106 1787 994 1810
7490 4 3 1 1 0 1881 1752 2195 1753
7491 4 3 1 1 0 1677 1793 1092 1674
7492 4 3 1 1 0 1644 2195 1130 1642
7493 4 3 1 1 0 1783 1059 1781 1592
7494 4 3 1 1 0 2169 1533 1524 1015
7495 4 3 1 1 0 975 1130 1766 1854
7496 4 3 1 1 0 1880 1881 1864 1023
7497 4 3 1 1 0 1094 1890 1025 963
7498 4 3 1 1 0 698 699 694 1552
7499 4 3 1 1 0 2087 668 1353 735
7500 4 3 1 1 0 591 653 620 2125
7501 4 3 1 1 0 1054 733 677 678
7502 4 3 1 1 0 1443 2125 1433 1434
7503 4 3 1 1 0 1856 1858 1891 1044
7504 4 3 1 1 0 1520 756 1519 683
7505 4 3 1 1 0 2154 1443 2143 1433
7506 4 3 1 1 0 2169 1525 1647 1911
7507 4 3 1 1 0 1906 1709 1051 1080
7508 4 3 1 1 0 178 241 1909 247
7509 4 3 1 1 0 1052 1907 1909 1080
7510 4 3 1 1 0 1569 1861 1767 1167
7511 4 3 1 1 0 1959 1860 1913 1015
7512 4 3 1 1 0 1569 1124 1014 1767
7513 4 3 1 1 0 772 1400 1902 1523
7514 4 3 1 1 0 1088 1012 1078 1045
7515 4 3 1 1 0 1054 1115 1055 678
7516 4 3 1 1 0 1801 2103 993 1106
7517 4 3 1 1 0 2264 1073 1922 993
7518 4 3 1 1 0 1063 1105 277 171
7519 4 3 1 1 0 1071 1157 227 1032
7520 4 3 1 1 0 893 2136 2133 2134
7521 4 3 1 1 0 1759 1760 1758 1475
7522 4 3 1 1 0 1114 980 1112 1774
7523 4 3 1 1 0 1767 1014 1569 1167
7524 4 3 1 1 0 1569 1124 1767 1861
7525 4 3 1 1 0 263 1135 215 262
7526 4 3 1 1 0 285 269 1052 1081
7527 4 3 1 1 0 2208 1753 1729 2205
7528 4 3 1 1 0 1729 1753 2208 1754
7529 4 3 1 1 0 1066 1071 213 992
7530 4 3 1 1 0 1385 1116 1974 1935
7531 4 3 1 1 0 1839 1896 1895 1695
7532 4 3 1 1 0 1895 2225 1839 1695
7533 4 3 1 1 0 980 259 214 204
7534 4 3 1 1 0 546 2137 652 2133
7535 4 3 1 1 0 2078 1585 1184 1577
7536 4 3 1 1 0 1146 974 1147 1144
7537 4 3 1 1 0 1093 273 209 1112
7538 4 3 1 1 0 1771 1119 1681 1164
7539 4 3 1 1 0 1679 1774 1114 1635
7540 4 3 1 1 0 1112 1159 980 204
7541 4 3 1 1 0 1112 980 210 204
7542 4 3 1 1 0 1777 1633 1775 1806
7543 4 3 1 1 0 2170 1470 1756 1468
7544 4 3 1 1 0 166 948 945 1922
7545 4 3 1 1 0 1160 1161 1634 1104
7546 4 3 1 1 0 1437 1444 1447 2228
7547 4 3 1 1 0 126 2135 2137 621
7548 4 3 1 1 0 1250 1184 1585 1577
7549 4 3 1 1 0 1445 2138 2137 1447
7550 4 3 1 1 0 596 648 626 2165
7551 4 3 1 1 0 648 596 2137 1447
7552 4 3 1 1 0 294 400 2003 2067
7553 4 3 1 1 0 64 2049 424 431
7554 4 3 1 1 0 2216 1756 1470 1468
7555 4 3 1 1 0 1276 1332 1211 2022
7556 4 3 1 1 0 546 2137 2133 2135
7557 4 3 1 1 0 2020 1197 1211 1258
7558 4 3 1 1 0 2132 546 652 2133
7559 4 3 1 1 0 97 2256 9 140
7560 4 3 1 1 0 1313 1969 1985 1828
7561 4 3 1 1 0 1313 1985 1969 1142
7562 4 3 1 1 0 2233 526 1360 1208
7563 4 3 1 1 0 1208 1360 2233 1280
7564 4 3 1 1 0 2036 1996 2037 1226
7565 4 3 1 1 0 338 1312 339 340
7566 4 3 1 1 0 546 2137 2135 621
7567 4 3 1 1 0 1985 2202 1179 1828
7568 4 3 1 1 0 1217 2029 2031 2030
7569 4 3 1 1 0 1838 1969 1985 1142
7570 4 3 1 1 0 2194 1762 1614 1849
7571 4 3 1 1 0 1279 376 57 58
7572 4 3 1 1 0 1310 338 1303 386
7573 4 3 1 1 0 2037 313 312 1272
7574 4 3 1 1 0 238 2264 51 1922
7575 4 3 1 1 0 1272 2070 1300 1275
7576 4 3 1 1 0 546 2137 621 652
7577 4 3 1 1 0 1222 1456 1457 1467
7578 4 3 1 1 0 1198 2011 1302 1299
7579 4 3 1 1 0 2194 1622 1762 1849
7580 4 3 1 1 0 1996 1299 1275 1273
7581 4 3 1 1 0 1284 1000 1916 1283
7582 4 3 1 1 0 1268 1993 1287 353
7583 4 3 1 1 0 1762 1848 1614 1849
7584 4 3 1 1 0 342 2077 1287 1268
7585 4 3 1 1 0 1330 1258 335 380
7586 4 3 1 1 0 1310 1300 2007 1274
7587 4 3 1 1 0 1306 1304 1303 385
7588 4 3 1 1 0 1075 1602 1849 1614
7589 4 3 1 1 0 1306 1329 1324 1194
7590 4 3 1 1 0 1067 1914 1057 278
7591 4 3 1 1 0 1174 2053 1178 1246
7592 4 3 1 1 0 1131 1696 1967 1695
7593 4 3 1 1 0 1063 1105 2264 993
7594 4 3 1 1 0 1990 1327 1264 1183
7595 4 3 1 1 0 1849 1602 1075 1651
7596 4 3 1 1 0 1791 2224 1796 1837
7597 4 3 1 1 0 1094 1890 1859 1047
7598 4 3 1 1 0 1330 1332 1277 1197
7599 4 3 1 1 0 2233 526 1208 418
7600 4 3 1 1 0 1198 1300 1274 2007
7601 4 3 1 1 0 1330 1337 1277 1312
7602 4 3 1 1 0 1276 2075 1279 2073
7603 4 3 1 1 0 738 722 780 1530
7604 4 3 1 1 0 2021 1375 2096 1905
7605 4 3 1 1 0 1568 2212 1704 1536
7606 4 3 1 1 0 2168 1392 2087 1521
7607 4 3 1 1 0 1353 2089 1361 1356
7608 4 3 1 1 0 2107 787 1379 2108
7609 4 3 1 1 0 2212 1536 1871 1040
7610 4 3 1 1 0 472 529 1359 1371
7611 4 3 1 1 0 459 1371 458 472
7612 4 3 1 1 0 423 2261 108 21
7613 4 3 1 1 0 1813 1811 1787 1579
7614 4 3 1 1 0 1372 475 462 1387
7615 4 3 1 1 0 1402 510 437 2106
7616 4 3 1 1 0 1329 2005 1326 1194
7617 4 3 1 1 0 1890 1094 1859 1030
7618 4 3 1 1 0 1367 1429 1373 1387
7619 4 3 1 1 0 1507 966 2164 1505
7620 4 3 1 1 0 814 817 821 1609
7621 4 3 1 1 0 1364 2119 2118 1405
7622 4 3 1 1 0 1817 2213 2114 1405
7623 4 3 1 1 0 1960 1009 1709 961
7624 4 3 1 1 0 1541 2171 1865 1538
7625 4 3 1 1 0 1416 1413 2121 1394
7626 4 3 1 1 0 1936 1117 1910 1009
7627 4 3 1 1 0 1541 1865 2171 2227
7628 4 3 1 1 0 2092 1816 1813 995
7629 4 3 1 1 0 1416 1413 452 445
7630 4 3 1 1 0 1935 1009 1936 1910
7631 4 3 1 1 0 1386 507 1394 2112
7632 4 3 1 1 0 453 1413 452 1394
7633 4 3 1 1 0 467 2097 1209 464
7634 4 3 1 1 0 2056 891 799 861
7635 4 3 1 1 0 1724 977 1024 2153
7636 4 3 1 1 0 858 791 1252 2051
7637 4 3 1 1 0 1437 2130 1444 2131
7638 4 3 1 1 0 795 2135 2133 2136
7639 4 3 1 1 0 518 1208 1210 1209
7640 4 3 1 1 0 853 795 2132 893
7641 4 3 1 1 0 646 2131 595 582
7642 4 3 1 1 0 1473 854 2150 2151
7643 4 3 1 1 0 2136 2133 2137 2135
7644 4 3 1 1 0 1473 854 2151 885
7645 4 3 1 1 0 1933 1912 1047 1911
7646 4 3 1 1 0 1633 1759 1646 1654
7647 4 3 1 1 0 1842 1382 1974 1706
7648 4 3 1 1 0 1487 627 574 1495
7649 4 3 1 1 0 2128 1438 639 1496
7650 4 3 1 1 0 1473 854 885 828
7651 4 3 1 1 0 1507 1492 2166 1490
7652 4 3 1 1 0 246 230 1121 231
7653 4 3 1 1 0 1961 592 579 642
7654 4 3 1 1 0 1731 1491 1955 1761
7655 4 3 1 1 0 1961 642 578 2147
7656 4 3 1 1 0 1030 1857 1859 1035
7657 4 3 1 1 0 1489 1981 1503 1177
7658 4 3 1 1 0 1736 2198 1663 1657
7659 4 3 1 1 0 2015 602 1205 2027
7660 4 3 1 1 0 840 2134 2151 1474
7661 4 3 1 1 0 1983 1263 2229 1980
7662 4 3 1 1 0 1473 854 828 2150
7663 4 3 1 1 0 1415 1382 1419 455
7664 4 3 1 1 0 1636 1504 967 1119
7665 4 3 1 1 0 1031 249 284 221
7666 4 3 1 1 0 364 2040 392 370
7667 4 3 1 1 0 672 1227 737 770
7668 4 3 1 1 0 1850 1602 1847 1848
7669 4 3 1 1 0 1224 308 1225 2029
7670 4 3 1 1 0 1866 1557 1562 1558
7671 4 3 1 1 0 1842 1382 2109 1414
7672 4 3 1 1 0 1218 1223 1221 1966
7673 4 3 1 1 0 1070 1109 1383 1957
7674 4 3 1 1 0 2013 1293 1018 1874
7675 4 3 1 1 0 1830 1330 1309 1329
7676 4 3 1 1 0 1547 698 1545 1554
7677 4 3 1 1 0 1719 1899 1831 1897
7678 4 3 1 1 0 2168 1876 1844 1019
7679 4 3 1 1 0 1520 1079 1523 764
7680 4 3 1 1 0 1385 1382 1842 1414
7681 4 3 1 1 0 1041 1555 1566 1549
7682 4 3 1 1 0 2168 1876 1019 1554
7683 4 3 1 1 0 1191 1344 1236 1998
7684 4 3 1 1 0 1886 1867 1872 2174
7685 4 3 1 1 0 1334 1236 1344 1998
7686 4 3 1 1 0 1514 1887 1476 1440
7687 4 3 1 1 0 1334 1344 1236 1239
7688 4 3 1 1 0 1819 1825 1283 1285
7689 4 3 1 1 0 1001 1834 1712 1812
7690 4 3 1 1 0 1976 1977 1978 1173
7691 4 3 1 1 0 1250 307 2253 73
7692 4 3 1 1 0 916 75 1975 74
7693 4 3 1 1 0 1921 1068 1069 1419
7694 4 3 1 1 0 905 790 860 1446
7695 4 3 1 1 0 1800 1828 1313 1319
7696 4 3 1 1 0 1918 2186 1594 1597
7697 4 3 1 1 0 1590 1595 1594 2187
7698 4 3 1 1 0 1591 2187 1807 1592
7699 4 3 1 1 0 1313 1828 1800 1969
7700 4 3 1 1 0 1599 2194 1762 1918
7701 4 3 1 1 0 1762 2194 1614 1918
7702 4 3 1 1 0 1305 1319 1800 1313
7703 4 3 1 1 0 1651 1602 1848 1849
7704 4 3 1 1 0 1651 1798 1092 1763
7705 4 3 1 1 0 1624 1626 1340 1339
7706 4 3 1 1 0 1060 2190 1915 1625
7707 4 3 1 1 0 1849 957 1075 1620
7708 4 3 1 1 0 824 1583 1979 1582
7709 4 3 1 1 0 1583 1979 1649 1615
7710 4 3 1 1 0 207 218 1096 221
7711 4 3 1 1 0 2078 2138 1585 1175
7712 4 3 1 1 0 1683 1736 2204 1682
7713 4 3 1 1 0 1605 1075 1618 1923
7714 4 3 1 1 0 1085 1908 1389 1051
7715 4 3 1 1 0 1915 1619 1266 1060
7716 4 3 1 1 0 1724 249 1024 977
7717 4 3 1 1 0 1518 1545 1531 687
7718 4 3 1 1 0 1389 1085 1116 1377
7719 4 3 1 1 0 2189 2186 1598 1918
7720 4 3 1 1 0 1385 465 1386 1377
7721 4 3 1 1 0 1070 1888 1889 1032
7722 4 3 1 1 0 1677 1944 1659 1674
7723 4 3 1 1 0 1645 1746 1971 1640
7724 4 3 1 1 0 1728 1640 1502 1746
7725 4 3 1 1 0 1764 1744 1151 1776
7726 4 3 1 1 0 1962 1771 1119 1472
7727 4 3 1 1 0 1291 1982 1584 1655
7728 4 3 1 1 0 1070 1888 1032 1802
7729 4 3 1 1 0 2166 1761 1731 1502
7730 4 3 1 1 0 1011 1913 1124 1014
7731 4 3 1 1 0 1618 1090 1979 1940
7732 4 3 1 1 0 1205 2159 1486 2158
7733 4 3 1 1 0 2166 1761 1502 1501
7734 4 3 1 1 0 1606 1266 1060 1575
7735 4 3 1 1 0 1731 1491 1761 1490
7736 4 3 1 1 0 1995 1825 1285 1289
7737 4 3 1 1 0 1731 1491 1490 2162
7738 4 3 1 1 0 462 494 1387 475
7739 4 3 1 1 0 1033 2155 1431 1072
7740 4 3 1 1 0 1670 1671 1665 1388
7741 4 3 1 1 0 1438 1926 1436 1931
7742 4 3 1 1 0 1733 968 2215 1731
7743 4 3 1 1 0 1124 1913 1860 1014
7744 4 3 1 1 0 1386 1842 1008 1423
7745 4 3 1 1 0 1687 1886 1885 1878
7746 4 3 1 1 0 2209 1692 1688 2211
7747 4 3 1 1 0 1471 2141 2140 634
7748 4 3 1 1 0 1706 1171 1974 1172
7749 4 3 1 1 0 1935 1009 1171 1936
7750 4 3 1 1 0 1386 1008 1842 1116
7751 4 3 1 1 0 611 1773 1963 1126
7752 4 3 1 1 0 2084 1307 1315 318
7753 4 3 1 1 0 1973 1171 1974 1706
7754 4 3 1 1 0 1386 1425 1393 1394
7755 4 3 1 1 0 2089 1353 2087 1356
7756 4 3 1 1 0 1355 1550 753 1384
7757 4 3 1 1 0 1417 962 1841 1200
7758 4 3 1 1 0 2213 1817 1717 1405
7759 4 3 1 1 0 1386 1393 1425 1423
7760 4 3 1 1 0 1432 1466 1435 1025
7761 4 3 1 1 0 997 1819 1236 1334
7762 4 3 1 1 0 615 1726 644 553
7763 4 3 1 1 0 1745 1750 1749 1751
7764 4 3 1 1 0 1737 1027 969 1481
7765 4 3 1 1 0 2216 1451 1468 1470
7766 4 3 1 1 0 1482 1483 1734 968
7767 4 3 1 1 0 1482 1732 1483 968
7768 4 3 1 1 0 969 1027 1737 1697
7769 4 3 1 1 0 1656 1945 1661 1652
7770 4 3 1 1 0 2175 2211 2209 1691
7771 4 3 1 1 0 1411 1367 1388 1822
7772 4 3 1 1 0 1484 1482 2156 2157
7773 4 3 1 1 0 1027 1882 1481 1737
7774 4 3 1 1 0 1980 1655 2229 1246
7775 4 3 1 1 0 585 586 584 2158
7776 4 3 1 1 0 1484 1482 2157 1485
7777 4 3 1 1 0 2154 1443 1433 1434
7778 4 3 1 1 0 1364 1397 1405 1404
7779 4 3 1 1 0 1391 534 1377 476
7780 4 3 1 1 0 476 1391 492 477
7781 4 3 1 1 0 2025 2023 1271 2024
7782 4 3 1 1 0 1391 534 476 492
7783 4 3 1 1 0 1728 1502 967 1730
7784 4 3 1 1 0 2167 1527 1545 1518
7785 4 3 1 1 0 972 1502 1733 1761
7786 4 3 1 1 0 1971 1640 1746 1639
7787 4 3 1 1 0 1283 1343 1255 997
7788 4 3 1 1 0 1160 1121 1104 230
7789 4 3 1 1 0 184 2280 29 236
7790 4 3 1 1 0 1527 1561 2167 1545
7791 4 3 1 1 0 222 976 1118 243
7792 4 3 1 1 0 1725 978 624 1770
7793 4 3 1 1 0 696 695 1559 1548
7794 4 3 1 1 0 1015 684 1519 1531
7795 4 3 1 1 0 2098 1370 2102 855
7796 4 3 1 1 0 1133 1030 265 1095
7797 4 3 1 1 0 1418 451 458 454
7798 4 3 1 1 0 1418 458 451 1357
7799 4 3 1 1 0 955 1148 1768 1143
7800 4 3 1 1 0 1382 1706 1973 1974
7801 4 3 1 1 0 1782 2221 1058 1059
7802 4 3 1 1 0 1790 1840 1092 1749
7803 4 3 1 1 0 1028 1886 1878 1885
7804 4 3 1 1 0 1827 1659 1823 2202
7805 4 3 1 1 0 1594 1595 1602 2187
7806 4 3 1 1 0 2094 529 1363 1371
7807 4 3 1 1 0 997 1819 1343 1236
7808 4 3 1 1 0 1059 1781 1592 1629
7809 4 3 1 1 0 800 1920 856 793
7810 4 3 1 1 0 1595 1602 2187 1794
7811 4 3 1 1 0 2114 2121 1401 1376
7812 4 3 1 1 0 449 444 1415 450
7813 4 3 1 1 0 1193 1343 997 1241
7814 4 3 1 1 0 1249 1343 1238 1241
7815 4 3 1 1 0 479 1364 1365 1372
7816 4 3 1 1 0 356 414 1274 1232
7817 4 3 1 1 0 1274 414 356 389
7818 4 3 1 1 0 2190 2177 1833 1575
7819 4 3 1 1 0 246 1964 276 1123
7820 4 3 1 1 0 1964 246 1772 1123
7821 4 3 1 1 0 2115 2105 1999 2116
7822 4 3 1 1 0 441 440 1406 1401
7823 4 3 1 1 0 1664 1665 958 1610
7824 4 3 1 1 0 1747 1877 1684 1752
7825 4 3 1 1 0 1796 2220 1788 1812
7826 4 3 1 1 0 1836 1751 2224 1792
7827 4 3 1 1 0 2207 1132 1652 1840
7828 4 3 1 1 0 972 2215 1733 1763
7829 4 3 1 1 0 246 1964 1104 288
7830 4 3 1 1 0 246 1964 288 276
7831 4 3 1 1 0 1151 1779 1159 1776
7832 4 3 1 1 0 1110 1939 1917 1806
7833 4 3 1 1 0 1136 1138 1007 1137
7834 4 3 1 1 0 1934 1890 1859 1035
7835 4 3 1 1 0 1934 1859 1890 1047
7836 4 3 1 1 0 2116 1830 1831 1331
7837 4 3 1 1 0 2116 1831 1830 1714
7838 4 3 1 1 0 1466 545 605 1431
7839 4 3 1 1 0 1705 1171 1701 961
7840 4 3 1 1 0 211 225 1064 1057
7841 4 3 1 1 0 1466 545 1431 2125
7842 4 3 1 1 0 1466 545 2125 612
7843 4 3 1 1 0 1959 1860 1015 1534
7844 4 3 1 1 0 1525 2169 1524 1911
7845 4 3 1 1 0 1466 545 612 605
7846 4 3 1 1 0 1315 325 1248 1264
7847 4 3 1 1 0 1315 1248 325 1318
7848 4 3 1 1 0 2167 1869 1545 1553
7849 4 3 1 1 0 2167 1546 1553 1536
7850 4 3 1 1 0 980 219 210 214
7851 4 3 1 1 0 1779 1774 1159 1776
7852 4 3 1 1 0 1693 1132 1686 1878
7853 4 3 1 1 0 1430 1576 1575 1833
7854 4 3 1 1 0 1575 1609 1430 1833
7855 4 3 1 1 0 633 1480 561 560
7856 4 3 1 1 0 1382 1973 1706 2110
7857 4 3 1 1 0 1318 1315 322 325
7858 4 3 1 1 0 637 1439 1262 1456
7859 4 3 1 1 0 1264 1315 1983 1248
7860 4 3 1 1 0 1189 2030 1297 1226
7861 4 3 1 1 0 1056 174 267 187
7862 4 3 1 1 0 377 2025 1271 2067
7863 4 3 1 1 0 1012 1959 1038 1037
7864 4 3 1 1 0 1856 1036 1037 1012
7865 4 3 1 1 0 1010 1854 1046 1037
7866 4 3 1 1 0 2024 2105 2008 1999
7867 4 3 1 1 0 1311 1896 1898 1900
7868 4 3 1 1 0 1693 1132 1878 1683
7869 4 3 1 1 0 1711 1718 1720 1002
7870 4 3 1 1 0 1839 1719 1720 1711
7871 4 3 1 1 0 1021 2167 1536 1531
7872 4 3 1 1 0 1248 1315 1983 1318
7873 4 3 1 1 0 1113 1466 1169 1509
7874 4 3 1 1 0 1025 1169 1466 1509
7875 4 3 1 1 0 2155 2154 1432 1434
7876 4 3 1 1 0 2173 1220 1559 1560
7877 4 3 1 1 0 1114 1774 1947 1777
7878 4 3 1 1 0 517 2276 425 501
7879 4 3 1 1 0 1433 1432 2154 1434
7880 4 3 1 1 0 1940 1658 1649 1618
7881 4 3 1 1 0 1058 1784 993 1937
7882 4 3 1 1 0 171 1105 277 254
7883 4 3 1 1 0 1140 208 201 205
7884 4 3 1 1 0 2136 1987 2138 1585
7885 4 3 1 1 0 2136 1987 1585 918
7886 4 3 1 1 0 1914 1067 1922 238
7887 4 3 1 1 0 1947 1777 1110 1111
7888 4 3 1 1 0 1924 1950 2180 1097
7889 4 3 1 1 0 2231 156 938 1252
7890 4 3 1 1 0 1631 863 844 904
7891 4 3 1 1 0 1067 1914 278 238
7892 4 3 1 1 0 1066 1778 985 1057
7893 4 3 1 1 0 1838 2207 1652 1840
7894 4 3 1 1 0 1778 2221 985 1058
7895 4 3 1 1 0 985 1057 1058 1914
7896 4 3 1 1 0 1071 1801 226 992
7897 4 3 1 1 0 1058 1778 2221 1782
7898 4 3 1 1 0 2115 2105 2116 1402
7899 4 3 1 1 0 1686 2207 1840 1132
7900 4 3 1 1 0 1270 2115 1999 2066
7901 4 3 1 1 0 1944 2200 1674 1651
7902 4 3 1 1 0 1270 1402 2115 2066
7903 4 3 1 1 0 1270 1397 1402 2066
7904 4 3 1 1 0 1154 1096 1149 1133
7905 4 3 1 1 0 1956 2198 1932 1650
7906 4 3 1 1 0 1842 1974 1116 1172
7907 4 3 1 1 0 1487 574 1498 1495
7908 4 3 1 1 0 681 1055 1524 1913
7909 4 3 1 1 0 1842 1116 1974 1385
7910 4 3 1 1 0 1399 1998 1190 1191
7911 4 3 1 1 0 1045 678 666 679
7912 4 3 1 1 0 1045 678 679 1115
7913 4 3 1 1 0 2115 2105 1402 1270
7914 4 3 1 1 0 1965 1297 1218 1273
7915 4 3 1 1 0 2225 1305 1696 1895
7916 4 3 1 1 0 1873 1041 1898 1566
7917 4 3 1 1 0 249 1024 221 1031
7918 4 3 1 1 0 1747 1877 1752 1751
7919 4 3 1 1 0 1305 2004 1319 1324
7920 4 3 1 1 0 216 1157 248 257
7921 4 3 1 1 0 1457 1222 1234 1261
7922 4 3 1 1 0 1422 1802 1158 1170
7923 4 3 1 1 0 2203 1633 1646 2222
7924 4 3 1 1 0 1261 1457 1222 2086
7925 4 3 1 1 0 963 1094 1155 1948
7926 4 3 1 1 0 1180 1986 1585 1987
7927 4 3 1 1 0 2138 1180 1585 1987
7928 4 3 1 1 0 1455 1457 1234 1261
7929 4 3 1 1 0 1560 1873 1548 1549
7930 4 3 1 1 0 127 1207 128 622
7931 4 3 1 1 0 1455 1234 1457 1742
7932 4 3 1 1 0 1564 1538 1543 1541
7933 4 3 1 1 0 2171 1543 1538 1541
7934 4 3 1 1 0 2057 846 845 861
7935 4 3 1 1 0 938 939 67 2050
7936 4 3 1 1 0 1289 1254 2058 2059
7937 4 3 1 1 0 2104 49 947 112
7938 4 3 1 1 0 1830 2116 1999 1331
7939 4 3 1 1 0 1187 1324 1304 1302
7940 4 3 1 1 0 1302 1187 1346 2011
7941 4 3 1 1 0 1302 1304 2011 1300
7942 4 3 1 1 0 1196 1312 2006 1303
7943 4 3 1 1 0 1898 1897 1337 1899
7944 4 3 1 1 0 1307 319 318 317
7945 4 3 1 1 0 1884 1690 1741 1346
7946 4 3 1 1 0 1302 1305 1967 1346
7947 4 3 1 1 0 1546 1534 1531 1862
7948 4 3 1 1 0 2070 2037 2068 1275
7949 4 3 1 1 0 1316 1315 1988 1307
7950 4 3 1 1 0 1546 1531 1534 1536
7951 4 3 1 1 0 1921 1422 1419 1069
7952 4 3 1 1 0 2067 2025 1270 433
7953 4 3 1 1 0 2220 1812 1006 1788
7954 4 3 1 1 0 610 1288 1215 2046
7955 4 3 1 1 0 1226 1218 1273 2031
7956 4 3 1 1 0 1006 1812 2220 1834
7957 4 3 1 1 0 1233 1189 2030 1234
7958 4 3 1 1 0 1199 1529 2043 2012
7959 4 3 1 1 0 1304 1300 2007 1303
7960 4 3 1 1 0 1241 298 1242 2050
7961 4 3 1 1 0 807 810 2181 879
7962 4 3 1 1 0 2048 397 1249 1241
7963 4 3 1 1 0 846 1266 1265 835
7964 4 3 1 1 0 2101 104 103 490
7965 4 3 1 1 0 986 1779 1782 1775
7966 4 3 1 1 0 404 358 365 2059
7967 4 3 1 1 0 2177 1575 1350 1576
7968 4 3 1 1 0 2222 1775 1782 1779
7969 4 3 1 1 0 1289 1254 1186 2058
7970 4 3 1 1 0 302 2056 394 378
7971 4 3 1 1 0 1402 1404 438 1401
7972 4 3 1 1 0 2057 2062 1186 2056
7973 4 3 1 1 0 1110 1779 986 1775
7974 4 3 1 1 0 986 1629 1110 1775
7975 4 3 1 1 0 1712 1718 962 1002
7976 4 3 1 1 0 846 1265 845 835
7977 4 3 1 1 0 1993 1287 343 1336
7978 4 3 1 1 0 970 1747 2205 1752
7979 4 3 1 1 0 784 2064 870 871
7980 4 3 1 1 0 2063 399 2242 1251
7981 4 3 1 1 0 970 2205 1747 1735
7982 4 3 1 1 0 1332 1330 1277 1312
7983 4 3 1 1 0 1281 661 1333 747
7984 4 3 1 1 0 815 820 1604 873
7985 4 3 1 1 0 809 812 2185 811
7986 4 3 1 1 0 1295 1267 1091 2065
7987 4 3 1 1 0 825 2082 1581 2080
7988 4 3 1 1 0 1606 819 1581 829
7989 4 3 1 1 0 1606 819 829 874
7990 4 3 1 1 0 1555 1041 1020 1867
7991 4 3 1 1 0 1555 1041 1867 1549
7992 4 3 1 1 0 1180 1978 1188 1174
7993 4 3 1 1 0 1179 1658 2201 1941
7994 4 3 1 1 0 2117 1817 2120 1814
7995 4 3 1 1 0 2053 2052 1173 1188
7996 4 3 1 1 0 1943 369 1251 1991
7997 4 3 1 1 0 1994 1185 1992 1991
7998 4 3 1 1 0 1595 1850 1793 1674
7999 4 3 1 1 0 812 813 2185 811
8000 4 3 1 1 0 1595 1605 1608 1594
8001 4 3 1 1 0 1375 1722 2121 1421
8002 4 3 1 1 0 1592 1847 1794 2187
8003 4 3 1 1 0 1393 1423 1003 1425
8004 4 3 1 1 0 1914 1067 1573 1922
8005 4 3 1 1 0 1105 2104 254 50
8006 4 3 1 1 0 1282 1241 997 1255
8007 4 3 1 1 0 1366 1365 1822 1367
8008 4 3 1 1 0 1239 1241 1193 997
8009 4 3 1 1 0 154 2051 1373 1244
8010 4 3 1 1 0 461 463 1372 509
8011 4 3 1 1 0 2118 1405 2120 1403
8012 4 3 1 1 0 1070 524 491 1889
8013 4 3 1 1 0 1592 1794 1847 1781
8014 4 3 1 1 0 839 840 1446 860
8015 4 3 1 1 0 2134 1446 840 860
8016 4 3 1 1 0 1516 1565 1034 1219
8017 4 3 1 1 0 457 455 1419 470
8018 4 3 1 1 0 1358 1068 1374 516
8019 4 3 1 1 0 232 285 1053 1081
8020 4 3 1 1 0 1034 1565 1691 1219
8021 4 3 1 1 0 1901 1928 1523 1039
8022 4 3 1 1 0 1555 1020 1553 1869
8023 4 3 1 1 0 1281 661 747 748
8024 4 3 1 1 0 753 1547 698 752
8025 4 3 1 1 0 1552 2168 1019 1554
8026 4 3 1 1 0 462 461 1372 1410
8027 4 3 1 1 0 1281 661 748 780
8028 4 3 1 1 0 2122 1369 1579 1671
8029 4 3 1 1 0 2131 574 1498 581
8030 4 3 1 1 0 1664 1660 1667 2191
8031 4 3 1 1 0 2104 2264 943 50
8032 4 3 1 1 0 1809 2179 1808 1578
8033 4 3 1 1 0 1498 2131 581 2130
8034 4 3 1 1 0 1060 1606 1575 1609
8035 4 3 1 1 0 866 1576 2123 2051
8036 4 3 1 1 0 2140 1449 1451 1439
8037 4 3 1 1 0 1244 154 940 941
8038 4 3 1 1 0 2140 1451 1449 1448
8039 4 3 1 1 0 1451 1440 1887 1470
8040 4 3 1 1 0 1887 1449 1451 1448
8041 4 3 1 1 0 2152 652 595 1444
8042 4 3 1 1 0 1987 648 2137 1447
8043 4 3 1 1 0 2131 2130 1444 595
8044 4 3 1 1 0 1464 2149 2152 2151
8045 4 3 1 1 0 1370 883 2102 855
8046 4 3 1 1 0 2092 2117 2120 1814
8047 4 3 1 1 0 1442 2142 2143 1453
8048 4 3 1 1 0 1448 1442 740 665
8049 4 3 1 1 0 1478 659 544 611
8050 4 3 1 1 0 1443 1442 1570 2143
8051 4 3 1 1 0 1543 2170 2171 1468
8052 4 3 1 1 0 2067 1270 2025 1269
8053 4 3 1 1 0 2151 2150 2149 854
8054 4 3 1 1 0 1584 1930 1981 1176
8055 4 3 1 1 0 119 1478 544 118
8056 4 3 1 1 0 1177 1658 1649 1941
8057 4 3 1 1 0 1177 1649 1658 1662
8058 4 3 1 1 0 707 700 1540 708
8059 4 3 1 1 0 673 1434 1570 774
8060 4 3 1 1 0 704 1514 705 697
8061 4 3 1 1 0 1537 693 689 1539
8062 4 3 1 1 0 1017 2172 1554 1555
8063 4 3 1 1 0 2172 1544 1869 1017
8064 4 3 1 1 0 1570 2252 1434 673
8065 4 3 1 1 0 1547 2172 1017 1544
8066 4 3 1 1 0 1521 1392 2088 1396
8067 4 3 1 1 0 1020 1555 1553 1721
8068 4 3 1 1 0 1905 1426 1356 2096
8069 4 3 1 1 0 2108 2102 2098 1369
8070 4 3 1 1 0 1589 987 1592 1588
8071 4 3 1 1 0 806 807 805 1588
8072 4 3 1 1 0 834 2079 838 2080
8073 4 3 1 1 0 1603 1581 1601 1615
8074 4 3 1 1 0 1583 1175 1474 1929
8075 4 3 1 1 0 1787 1378 1579 1811
8076 4 3 1 1 0 1378 1811 1787 1810
8077 4 3 1 1 0 1830 1338 2005 1325
8078 4 3 1 1 0 1179 1827 1941 1984
8079 4 3 1 1 0 1342 1624 1625 1335
8080 4 3 1 1 0 1091 2079 2080 1296
8081 4 3 1 1 0 1830 2005 1338 1998
8082 4 3 1 1 0 1943 2081 1296 2083
8083 4 3 1 1 0 1796 1788 2224 1791
8084 4 3 1 1 0 1320 2005 1338 1325
8085 4 3 1 1 0 1141 1637 2197 1148
8086 4 3 1 1 0 1320 1338 2005 1998
8087 4 3 1 1 0 1558 1886 2174 1868
8088 4 3 1 1 0 384 1994 1336 1247
8089 4 3 1 1 0 1020 1703 1841 1835
8090 4 3 1 1 0 1993 384 1994 1336
8091 4 3 1 1 0 2172 1555 1549 1566
8092 4 3 1 1 0 1163 1678 1759 1161
8093 4 3 1 1 0 1119 1640 1639 1760
8094 4 3 1 1 0 360 2285 1202 1215
8095 4 3 1 1 0 1345 1988 1319 1322
8096 4 3 1 1 0 1345 1319 1988 1313
8097 4 3 1 1 0 984 1781 1786 1794
8098 4 3 1 1 0 659 1459 2147 1126
8099 4 3 1 1 0 1126 1459 2147 1475
8100 4 3 1 1 0 1004 2222 1633 1846
8101 4 3 1 1 0 1035 240 1857 1013
8102 4 3 1 1 0 1004 1848 1786 1847
8103 4 3 1 1 0 1937 1572 1059 1809
8104 4 3 1 1 0 1942 1980 1984 1323
8105 4 3 1 1 0 2225 2207 1696 1142
8106 4 3 1 1 0 1054 1035 1912 1013
8107 4 3 1 1 0 487 1238 1366 1259
8108 4 3 1 1 0 1823 1660 1673 2202
8109 4 3 1 1 0 1686 2225 1799 1838
8110 4 3 1 1 0 101 1249 102 493
8111 4 3 1 1 0 102 1249 101 942
8112 4 3 1 1 0 1272 1996 1275 1273
8113 4 3 1 1 0 1198 2011 1299 1275
8114 4 3 1 1 0 1940 1658 1618 2199
8115 4 3 1 1 0 1249 1238 487 2049
8116 4 3 1 1 0 1090 1624 1340 1940
8117 4 3 1 1 0 2248 28 184 10
8118 4 3 1 1 0 1044 1045 1056 186
8119 4 3 1 1 0 1079 732 1522 764
8120 4 3 1 1 0 1908 912 1049 1052
8121 4 3 1 1 0 1053 1052 1081 285
8122 4 3 1 1 0 1249 487 1238 1366
8123 4 3 1 1 0 1212 919 923 59
8124 4 3 1 1 0 638 1202 654 616
8125 4 3 1 1 0 1980 1941 1177 1655
8126 4 3 1 1 0 1207 914 128 76
8127 4 3 1 1 0 1942 1980 1941 1984
8128 4 3 1 1 0 1358 523 1374 1359
8129 4 3 1 1 0 2137 918 2136 2135
8130 4 3 1 1 0 1984 2201 1179 1985
8131 4 3 1 1 0 372 1188 2016 357
8132 4 3 1 1 0 648 1987 2165 1447
8133 4 3 1 1 0 541 619 1442 135
8134 4 3 1 1 0 606 2240 1449 551
8135 4 3 1 1 0 1123 246 184 276
8136 4 3 1 1 0 1428 2122 1671 1380
8137 4 3 1 1 0 1077 235 175 242
8138 4 3 1 1 0 223 1099 281 271
8139 4 3 1 1 0 1878 1720 1686 1693
8140 4 3 1 1 0 1082 2259 1098 1927
8141 4 3 1 1 0 2056 1254 2055 2054
8142 4 3 1 1 0 1093 273 1099 281
8143 4 3 1 1 0 1954 1103 169 1952
8144 4 3 1 1 0 981 1159 1151 1779
8145 4 3 1 1 0 1120 206 261 260
8146 4 3 1 1 0 2122 2107 1428 1379
8147 4 3 1 1 0 197 1144 198 196
8148 4 3 1 1 0 1908 912 907 1049
8149 4 3 1 1 0 212 205 1140 213
8150 4 3 1 1 0 2122 2107 1379 2108
8151 4 3 1 1 0 1953 1111 1634 1114
8152 4 3 1 1 0 1160 220 1162 230
8153 4 3 1 1 0 209 1112 210 204
8154 4 3 1 1 0 1428 2122 1379 1387
8155 4 3 1 1 0 1636 955 1155 1154
8156 4 3 1 1 0 1856 1858 1044 1011
8157 4 3 1 1 0 1054 1035 1013 240
8158 4 3 1 1 0 191 1095 1125 1129
8159 4 3 1 1 0 188 268 1125 191
8160 4 3 1 1 0 1070 457 1419 470
8161 4 3 1 1 0 188 190 191 1125
8162 4 3 1 1 0 273 1093 224 242
8163 4 3 1 1 0 290 1077 242 1093
8164 4 3 1 1 0 1952 1103 169 255
8165 4 3 1 1 0 25 1098 1951 255
8166 4 3 1 1 0 223 1103 1099 271
8167 4 3 1 1 0 235 1082 271 281
8168 4 3 1 1 0 348 2000 1193 2048
8169 4 3 1 1 0 901 2055 1253 858
8170 4 3 1 1 0 937 1244 1366 1242
8171 4 3 1 1 0 2118 2117 2120 2092
8172 4 3 1 1 0 2142 1442 2139 1453
8173 4 3 1 1 0 1312 1310 338 1303
8174 4 3 1 1 0 1196 1303 2006 1329
8175 4 3 1 1 0 320 324 385 1306
8176 4 3 1 1 0 1274 1257 356 1232
8177 4 3 1 1 0 1289 1255 1283 1254
8178 4 3 1 1 0 2240 1458 132 149
8179 4 3 1 1 0 347 1239 332 1282
8180 4 3 1 1 0 1471 1493 1755 2216
8181 4 3 1 1 0 389 1300 1272 316
8182 4 3 1 1 0 2240 132 1458 551
8183 4 3 1 1 0 1192 1398 2066 2001
8184 4 3 1 1 0 1398 1192 2002 2001
8185 4 3 1 1 0 294 62 2067 63
8186 4 3 1 1 0 409 1991 366 398
8187 4 3 1 1 0 1339 1181 1345 1336
8188 4 3 1 1 0 1983 1942 1246 1247
8189 4 3 1 1 0 1336 343 384 383
8190 4 3 1 1 0 1318 1983 1247 1181
8191 4 3 1 1 0 619 2252 1443 1442
8192 4 3 1 1 0 2003 361 2002 2000
8193 4 3 1 1 0 377 2025 62 61
8194 4 3 1 1 0 1238 1193 2048 1241
8195 4 3 1 1 0 619 2252 552 1443
8196 4 3 1 1 0 1026 1737 1755 2216
8197 4 3 1 1 0 1494 1466 1509 1435
8198 4 3 1 1 0 2093 523 500 1359
8199 4 3 1 1 0 1466 655 591 1505
8200 4 3 1 1 0 2093 523 1359 1374
8201 4 3 1 1 0 448 1401 510 441
8202 4 3 1 1 0 1260 2113 1237 1397
8203 4 3 1 1 0 1737 1471 1755 2216
8204 4 3 1 1 0 464 1375 448 453
8205 4 3 1 1 0 1509 2164 966 1505
8206 4 3 1 1 0 1509 966 2164 1504
8207 4 3 1 1 0 484 524 1374 1889
8208 4 3 1 1 0 449 446 504 1408
8209 4 3 1 1 0 2103 1358 1374 1359
8210 4 3 1 1 0 446 451 504 1408
8211 4 3 1 1 0 1940 1624 1340 1941
8212 4 3 1 1 0 453 1356 1375 1394
8213 4 3 1 1 0 1375 2097 453 464
8214 4 3 1 1 0 506 1416 452 445
8215 4 3 1 1 0 417 523 1374 485
8216 4 3 1 1 0 1894 1837 2220 2224
8217 4 3 1 1 0 1870 1871 1040 1894
8218 4 3 1 1 0 1020 1894 1871 1870
8219 4 3 1 1 0 2111 1008 1423 1386
8220 4 3 1 1 0 502 534 476 1377
8221 4 3 1 1 0 2231 358 68 2054
8222 4 3 1 1 0 476 1391 477 2112
8223 4 3 1 1 0 1020 1894 1870 1836
8224 4 3 1 1 0 1842 1706 1701 1852
8225 4 3 1 1 0 1149 1031 1154 973
8226 4 3 1 1 0 519 1382 455 1383
8227 4 3 1 1 0 244 1908 1053 170
8228 4 3 1 1 0 1086 1109 2258 253
8229 4 3 1 1 0 1880 1028 1863 1864
8230 4 3 1 1 0 44 2 181 2279
8231 4 3 1 1 0 1169 1154 1031 973
8232 4 3 1 1 0 1168 519 527 1383
8233 4 3 1 1 0 1724 963 1169 1025
8234 4 3 1 1 0 2125 1432 1431 1466
8235 4 3 1 1 0 1870 1877 1881 1864
8236 4 3 1 1 0 1870 1877 1864 1028
8237 4 3 1 1 0 1877 1880 1864 1028
8238 4 3 1 1 0 1837 1791 1836 1002
8239 4 3 1 1 0 1932 1495 2161 1500
8240 4 3 1 1 0 1261 1455 1457 1454
8241 4 3 1 1 0 43 1908 170 42
8242 4 3 1 1 0 2019 1178 1351 1982
8243 4 3 1 1 0 546 2132 652 623
8244 4 3 1 1 0 1511 1690 1738 1263
8245 4 3 1 1 0 1154 1169 1031 963
8246 4 3 1 1 0 554 2035 2046 2045
8247 4 3 1 1 0 1214 1203 1201 1215
8248 4 3 1 1 0 1983 1178 2229 1351
8249 4 3 1 1 0 77 2266 373 78
8250 4 3 1 1 0 2097 1375 2096 1209
8251 4 3 1 1 0 1381 535 427 1427
8252 4 3 1 1 0 1508 1506 2164 1509
8253 4 3 1 1 0 1769 973 976 1648
8254 4 3 1 1 0 2114 1401 1402 1376
8255 4 3 1 1 0 370 364 2038 301
8256 4 3 1 1 0 1515 2033 1516 1517
8257 4 3 1 1 0 2033 1229 1221 1349
8258 4 3 1 1 0 364 308 2038 301
8259 4 3 1 1 0 1223 1227 2039 1221
8260 4 3 1 1 0 1836 1720 1718 1002
8261 4 3 1 1 0 1387 1381 535 1379
8262 4 3 1 1 0 1548 751 696 690
8263 4 3 1 1 0 683 682 1519 680
8264 4 3 1 1 0 1520 1021 1038 1519
8265 4 3 1 1 0 756 1520 710 757
8266 4 3 1 1 0 640 2280 1770 624
8267 4 3 1 1 0 1515 1556 1559 695
8268 4 3 1 1 0 1542 693 697 700
8269 4 3 1 1 0 1381 535 1379 499
8270 4 3 1 1 0 1556 2173 1559 1548
8271 4 3 1 1 0 1381 535 499 427
8272 4 3 1 1 0 978 2280 979 236
8273 4 3 1 1 0 1708 2221 2218 994
8274 4 3 1 1 0 1903 1050 1875 1904
8275 4 3 1 1 0 1018 711 706 712
8276 4 3 1 1 0 1570 1442 745 740
8277 4 3 1 1 0 1442 665 745 740
8278 4 3 1 1 0 1851 1158 1802 1156
8279 4 3 1 1 0 774 1570 673 781
8280 4 3 1 1 0 1079 1012 1855 1078
8281 4 3 1 1 0 1115 1088 679 1045
8282 4 3 1 1 0 1039 1892 1400 1901
8283 4 3 1 1 0 2002 432 431 420
8284 4 3 1 1 0 1022 1525 1477 1879
8285 4 3 1 1 0 934 931 935 1431
8286 4 3 1 1 0 147 148 1434 932
8287 4 3 1 1 0 1820 1328 1824 1826
8288 4 3 1 1 0 866 1576 2051 858
8289 4 3 1 1 0 294 2002 63 2067
8290 4 3 1 1 0 432 2002 2067 420
8291 4 3 1 1 0 2041 2033 1229 1221
8292 4 3 1 1 0 2186 2189 877 1597
8293 4 3 1 1 0 1596 1061 1807 1597
8294 4 3 1 1 0 830 1596 832 878
8295 4 3 1 1 0 1590 1628 2187 1587
8296 4 3 1 1 0 1820 1328 1826 1326
8297 4 3 1 1 0 1585 857 1582 905
8298 4 3 1 1 0 1984 1942 1340 1941
8299 4 3 1 1 0 863 2180 872 894
8300 4 3 1 1 0 1127 1141 1854 1128
8301 4 3 1 1 0 1145 1141 1128 1765
8302 4 3 1 1 0 1925 1436 1083 1465
8303 4 3 1 1 0 1600 842 1512 827
8304 4 3 1 1 0 1050 1875 1904 1426
8305 4 3 1 1 0 897 1927 796 859
8306 4 3 1 1 0 836 865 2107 895
8307 4 3 1 1 0 496 429 97 1362
8308 4 3 1 1 0 1505 965 966 1509
8309 4 3 1 1 0 835 875 876 1266
8310 4 3 1 1 0 846 1266 835 876
8311 4 3 1 1 0 846 1266 876 1350
8312 4 3 1 1 0 2051 154 849 791
8313 4 3 1 1 0 2050 2054 2231 1252
8314 4 3 1 1 0 2152 1464 2129 2149
8315 4 3 1 1 0 853 2149 786 854
8316 4 3 1 1 0 2150 841 892 828
8317 4 3 1 1 0 2134 2151 2132 893
8318 4 3 1 1 0 2138 1987 2137 1447
8319 4 3 1 1 0 1009 1139 1081 961
8320 4 3 1 1 0 1109 1936 1117 1086
8321 4 3 1 1 0 89 501 2276 90
8322 4 3 1 1 0 1434 932 114 1431
8323 4 3 1 1 0 1227 1349 2039 1221
8324 4 3 1 1 0 603 1431 1434 114
8325 4 3 1 1 0 603 113 114 1434
8326 4 3 1 1 0 1954 1580 1951 928
8327 4 3 1 1 0 1069 1810 1358 1921
8328 4 3 1 1 0 1954 1951 927 928
8329 4 3 1 1 0 179 2259 56 11
8330 4 3 1 1 0 1069 1810 1357 1358
8331 4 3 1 1 0 1073 943 945 946
8332 4 3 1 1 0 2039 2033 1221 1349
8333 4 3 1 1 0 288 1160 1103 1104
8334 4 3 1 1 0 882 1074 802 1073
8335 4 3 1 1 0 1914 1937 1573 1062
8336 4 3 1 1 0 288 1103 1160 256
8337 4 3 1 1 0 1560 1900 1873 1872
8338 4 3 1 1 0 843 836 2107 895
8339 4 3 1 1 0 1897 1714 1830 1831
8340 4 3 1 1 0 234 251 176 964
8341 4 3 1 1 0 1725 1770 1771 978
8342 4 3 1 1 0 979 1118 275 1121
8343 4 3 1 1 0 2033 1218 1221 1966
8344 4 3 1 1 0 1717 1002 1829 1668
8345 4 3 1 1 0 2165 1488 1498 1499
8346 4 3 1 1 0 1820 1328 1326 1334
8347 4 3 1 1 0 1820 1328 1334 1824
8348 4 3 1 1 0 1676 1829 998 1675
8349 4 3 1 1 0 1817 1001 1812 1814
8350 4 3 1 1 0 577 1487 1498 1488
8351 4 3 1 1 0 1045 185 174 186
8352 4 3 1 1 0 1013 1056 187 1044
8353 4 3 1 1 0 1520 1088 1038 1079
8354 4 3 1 1 0 1049 1901 1051 1080
8355 4 3 1 1 0 241 178 1078 185
8356 4 3 1 1 0 113 2252 552 15
8357 4 3 1 1 0 1488 577 570 584
8358 4 3 1 1 0 1115 1856 1045 1056
8359 4 3 1 1 0 186 1045 1078 1036
8360 4 3 1 1 0 2165 1488 1499 585
8361 4 3 1 1 0 146 145 1048 739
8362 4 3 1 1 0 188 1044 186 1036
8363 4 3 1 1 0 146 1048 145 936
8364 4 3 1 1 0 2183 832 878 848
8365 4 3 1 1 0 2057 2062 2056 861
8366 4 3 1 1 0 1032 1802 1071 1157
8367 4 3 1 1 0 1237 2115 1402 2113
8368 4 3 1 1 0 2179 1628 1586 1588
8369 4 3 1 1 0 330 407 1248 1206
8370 4 3 1 1 0 776 714 1552 699
8371 4 3 1 1 0 776 1552 714 1521
8372 4 3 1 1 0 1856 1012 1045 1036
8373 4 3 1 1 0 113 2252 15 148
8374 4 3 1 1 0 732 729 1522 764
8375 4 3 1 1 0 41 1052 1909 912
8376 4 3 1 1 0 2104 177 1889 1888
8377 4 3 1 1 0 1891 1767 1766 1125
8378 4 3 1 1 0 2104 177 1888 254
8379 4 3 1 1 0 2104 177 254 49
8380 4 3 1 1 0 113 2252 148 1434
8381 4 3 1 1 0 1769 1724 1169 1113
8382 4 3 1 1 0 2104 177 49 1889
8383 4 3 1 1 0 1596 1939 1591 1806
8384 4 3 1 1 0 2062 903 2056 861
8385 4 3 1 1 0 1591 2187 1592 1587
8386 4 3 1 1 0 1617 2181 1586 1607
8387 4 3 1 1 0 2178 2181 1617 879
8388 4 3 1 1 0 1724 1024 963 1025
8389 4 3 1 1 0 1133 265 1030 218
8390 4 3 1 1 0 1766 1641 1861 1642
8391 4 3 1 1 0 1108 1968 1127 1128
8392 4 3 1 1 0 1512 1462 1441 1436
8393 4 3 1 1 0 982 1699 1765 1968
8394 4 3 1 1 0 1362 738 2090 1354
8395 4 3 1 1 0 2057 1265 2062 845
8396 4 3 1 1 0 1828 1673 1823 1335
8397 4 3 1 1 0 689 1544 1532 1539
8398 4 3 1 1 0 1426 1361 1356 2096
8399 4 3 1 1 0 963 1024 1031 221
8400 4 3 1 1 0 1893 961 1128 1699
8401 4 3 1 1 0 1581 2080 829 825
8402 4 3 1 1 0 1631 863 831 844
8403 4 3 1 1 0 201 1135 1136 1140
8404 4 3 1 1 0 1690 1742 1741 1455
8405 4 3 1 1 0 992 1801 1105 993
8406 4 3 1 1 0 1980 1263 1503 1738
8407 4 3 1 1 0 1738 1980 1263 1739
8408 4 3 1 1 0 1640 1743 970 1637
8409 4 3 1 1 0 1013 1011 1014 1912
8410 4 3 1 1 0 1013 1095 1859 1858
8411 4 3 1 1 0 1631 863 2180 831
8412 4 3 1 1 0 1248 1247 1983 1245
8413 4 3 1 1 0 1204 1351 1216 1205
8414 4 3 1 1 0 1246 1247 2053 1245
8415 4 3 1 1 0 1196 1324 1303 1329
8416 4 3 1 1 0 997 1819 1283 1343
8417 4 3 1 1 0 1246 2053 1247 1942
8418 4 3 1 1 0 1183 1216 1214 1201
8419 4 3 1 1 0 1994 2053 1247 1245
8420 4 3 1 1 0 769 746 663 1243
8421 4 3 1 1 0 370 2262 2270 85
8422 4 3 1 1 0 1517 1217 1225 2039
8423 4 3 1 1 0 2030 1219 1217 1222
8424 4 3 1 1 0 2039 2033 1517 1218
8425 4 3 1 1 0 1486 631 632 584
8426 4 3 1 1 0 1994 1247 2053 1942
8427 4 3 1 1 0 1978 1180 1188 1207
8428 4 3 1 1 0 2004 2225 1895 1305
8429 4 3 1 1 0 2004 2225 1305 1800
8430 4 3 1 1 0 1942 1980 1323 1983
8431 4 3 1 1 0 2225 1305 1800 1969
8432 4 3 1 1 0 1510 1484 1481 1480
8433 4 3 1 1 0 804 856 1573 1919
8434 4 3 1 1 0 1573 856 804 801
8435 4 3 1 1 0 1064 1779 1112 1152
8436 4 3 1 1 0 1947 986 1110 1779
8437 4 3 1 1 0 2028 1455 2076 1214
8438 4 3 1 1 0 1312 1196 2006 1337
8439 4 3 1 1 0 2070 315 317 1307
8440 4 3 1 1 0 1196 1329 2006 1337
8441 4 3 1 1 0 1330 1312 2006 1337
8442 4 3 1 1 0 1257 1310 2071 2072
8443 4 3 1 1 0 1342 1265 1267 1186
8444 4 3 1 1 0 2064 2065 1091 1267
8445 4 3 1 1 0 998 1676 1824 1826
8446 4 3 1 1 0 834 835 2079 2080
8447 4 3 1 1 0 1310 1257 340 356
8448 4 3 1 1 0 1223 1966 1232 1221
8449 4 3 1 1 0 1278 371 339 352
8450 4 3 1 1 0 1068 1921 1374 1888
8451 4 3 1 1 0 1254 2056 1186 2058
8452 4 3 1 1 0 1613 1465 1616 2192
8453 4 3 1 1 0 1512 1465 1925 2192
8454 4 3 1 1 0 1060 1619 1606 1612
8455 4 3 1 1 0 1182 1825 1286 1240
8456 4 3 1 1 0 1239 1282 1241 997
8457 4 3 1 1 0 2051 1832 1253 1576
8458 4 3 1 1 0 1343 997 1241 1255
8459 4 3 1 1 0 1460 1512 1441 1436
8460 4 3 1 1 0 2089 2090 1354 1361
8461 4 3 1 1 0 715 1281 1293 763
8462 4 3 1 1 0 139 768 1333 1362
8463 4 3 1 1 0 506 507 452 1394
8464 4 3 1 1 0 1426 1723 1876 1875
8465 4 3 1 1 0 1116 1172 1974 1935
8466 4 3 1 1 0 456 1168 519 469
8467 4 3 1 1 0 1455 1183 1690 1511
8468 4 3 1 1 0 267 2265 38 174
8469 4 3 1 1 0 1742 1234 1189 1455
8470 4 3 1 1 0 1424 2111 2088 1391
8471 4 3 1 1 0 507 1390 532 468
8472 4 3 1 1 0 2087 668 735 743
8473 4 3 1 1 0 462 1372 461 463
8474 4 3 1 1 0 1404 439 440 508
8475 4 3 1 1 0 2117 1408 2092 1409
8476 4 3 1 1 0 2117 443 1408 1409
8477 4 3 1 1 0 2118 1816 1410 2092
8478 4 3 1 1 0 451 1408 446 447
8479 4 3 1 1 0 472 473 1371 458
8480 4 3 1 1 0 2219 1780 1153 1156
8481 4 3 1 1 0 2219 1153 1780 1764
8482 4 3 1 1 0 2052 299 1977 1978
8483 4 3 1 1 0 267 2265 174 1056
8484 4 3 1 1 0 1991 1184 1977 1250
8485 4 3 1 1 0 739 1072 1048 146
8486 4 3 1 1 0 1506 971 1509 1508
8487 4 3 1 1 0 981 1780 1153 1764
8488 4 3 1 1 0 1806 1807 1591 1596
8489 4 3 1 1 0 704 1542 1450 1514
8490 4 3 1 1 0 704 1542 700 1450
8491 4 3 1 1 0 749 704 700 1450
8492 4 3 1 1 0 1648 956 1119 973
8493 4 3 1 1 0 1822 1819 1236 1343
8494 4 3 1 1 0 1147 206 260 199
8495 4 3 1 1 0 1728 970 1729 1640
8496 4 3 1 1 0 2153 115 1431 605
8497 4 3 1 1 0 1645 1728 1746 1640
8498 4 3 1 1 0 2287 964 1726 977
8499 4 3 1 1 0 769 746 1243 1467
8500 4 3 1 1 0 1512 1600 2192 1925
8501 4 3 1 1 0 1881 2195 1023 1753
8502 4 3 1 1 0 2217 1497 2127 1494
8503 4 3 1 1 0 1835 1423 1561 1843
8504 4 3 1 1 0 1507 966 629 583
8505 4 3 1 1 0 966 583 589 629
8506 4 3 1 1 0 1138 1957 1007 1165
8507 4 3 1 1 0 1600 823 827 2192
8508 4 3 1 1 0 1636 1504 1508 967
8509 4 3 1 1 0 1492 2166 1734 2164
8510 4 3 1 1 0 630 591 655 1505
8511 4 3 1 1 0 1284 1824 1819 1328
8512 4 3 1 1 0 1758 1496 1926 1441
8513 4 3 1 1 0 1038 1710 1861 1536
8514 4 3 1 1 0 2168 1355 2087 1844
8515 4 3 1 1 0 1527 1400 1396 713
8516 4 3 1 1 0 1355 2089 2087 1844
8517 4 3 1 1 0 2141 590 2126 1453
8518 4 3 1 1 0 1654 1845 1848 1735
8519 4 3 1 1 0 700 1540 693 707
8520 4 3 1 1 0 1533 1525 725 1564
8521 4 3 1 1 0 1542 1537 1540 1016
8522 4 3 1 1 0 1452 1526 1564 709
8523 4 3 1 1 0 721 1452 740 708
8524 4 3 1 1 0 1654 1848 1845 1762
8525 4 3 1 1 0 1737 1470 2216 1026
8526 4 3 1 1 0 1600 1512 2192 827
8527 4 3 1 1 0 1590 809 811 810
8528 4 3 1 1 0 1902 1901 1049 1522
8529 4 3 1 1 0 1515 750 1556 695
8530 4 3 1 1 0 1157 257 216 208
8531 4 3 1 1 0 716 1349 1229 703
8532 4 3 1 1 0 1556 750 697 692
8533 4 3 1 1 0 1470 2170 1692 1557
8534 4 3 1 1 0 1610 1617 1609 1665
8535 4 3 1 1 0 1542 1514 1557 1887
8536 4 3 1 1 0 1514 1887 1440 2175
8537 4 3 1 1 0 1610 1609 1617 1607
8538 4 3 1 1 0 1440 1467 1457 1439
8539 4 3 1 1 0 393 362 2000 348
8540 4 3 1 1 0 2000 1344 1193 1191
8541 4 3 1 1 0 2000 1344 1191 393
8542 4 3 1 1 0 1663 1661 1652 1656
8543 4 3 1 1 0 1290 1186 1254 1350
8544 4 3 1 1 0 832 848 1938 847
8545 4 3 1 1 0 1601 1075 1604 2185
8546 4 3 1 1 0 1289 1995 1290 1285
8547 4 3 1 1 0 987 1059 1629 1805
8548 4 3 1 1 0 2178 2179 1588 2176
8549 4 3 1 1 0 1013 1095 1858 268
8550 4 3 1 1 0 1588 807 808 809
8551 4 3 1 1 0 1677 1944 1674 1092
8552 4 3 1 1 0 1284 2191 1670 1667
8553 4 3 1 1 0 1612 1660 1674 1664
8554 4 3 1 1 0 1007 1157 216 208
8555 4 3 1 1 0 1930 1437 1929 1931
8556 4 3 1 1 0 2193 1083 1623 1620
8557 4 3 1 1 0 268 1095 1858 1125
8558 4 3 1 1 0 1769 965 1113 1169
8559 4 3 1 1 0 1970 956 1149 1154
8560 4 3 1 1 0 1134 1129 1141 1768
8561 4 3 1 1 0 1046 1044 1125 188
8562 4 3 1 1 0 1778 2221 1782 1151
8563 4 3 1 1 0 1095 265 268 1857
8564 4 3 1 1 0 955 1154 1148 1143
8565 4 3 1 1 0 1922 1574 1573 993
8566 4 3 1 1 0 1922 1574 993 1073
8567 4 3 1 1 0 978 2272 964 1725
8568 4 3 1 1 0 978 2272 1725 2246
8569 4 3 1 1 0 1162 220 260 261
8570 4 3 1 1 0 1678 959 1161 1163
8571 4 3 1 1 0 1681 1972 1163 1639
8572 4 3 1 1 0 546 2135 125 621
8573 4 3 1 1 0 1430 1576 2123 837
8574 4 3 1 1 0 1283 1825 1289 1285
8575 4 3 1 1 0 1993 384 354 1994
8576 4 3 1 1 0 1660 1612 2191 1664
8577 4 3 1 1 0 1985 2202 1828 1969
8578 4 3 1 1 0 1458 636 132 2144
8579 4 3 1 1 0 1458 2144 132 149
8580 4 3 1 1 0 1545 1019 1554 1552
8581 4 3 1 1 0 1625 2190 2191 1612
8582 4 3 1 1 0 1830 1329 2005 1326
8583 4 3 1 1 0 2177 1000 1283 1916
8584 4 3 1 1 0 2004 1329 1326 1194
8585 4 3 1 1 0 2190 2177 1575 1915
8586 4 3 1 1 0 1590 988 1593 1594
8587 4 3 1 1 0 1545 1554 1019 1017
8588 4 3 1 1 0 1629 1846 1807 1806
8589 4 3 1 1 0 1629 1807 1846 1847
8590 4 3 1 1 0 1822 1284 996 1819
8591 4 3 1 1 0 159 918 1585 913
8592 4 3 1 1 0 1838 1661 1652 2207
8593 4 3 1 1 0 1945 1840 1749 1092
8594 4 3 1 1 0 1585 918 159 2136
8595 4 3 1 1 0 2058 404 346 2077
8596 4 3 1 1 0 1766 1710 1861 1037
8597 4 3 1 1 0 2058 346 404 394
8598 4 3 1 1 0 347 1193 368 348
8599 4 3 1 1 0 2212 1710 1040 1893
8600 4 3 1 1 0 680 1015 682 1519
8601 4 3 1 1 0 1558 1691 2210 2211
8602 4 3 1 1 0 1546 1016 1551 1863
8603 4 3 1 1 0 1763 2215 1733 1748
8604 4 3 1 1 0 1034 1467 1440 1476
8605 4 3 1 1 0 6 2135 125 546
8606 4 3 1 1 0 964 1118 243 978
8607 4 3 1 1 0 967 1730 1508 1729
8608 4 3 1 1 0 956 1119 1771 1648
8609 4 3 1 1 0 1108 233 266 263
8610 4 3 1 1 0 1107 291 266 233
8611 4 3 1 1 0 2087 668 743 1352
8612 4 3 1 1 0 1734 2206 1730 968
8613 4 3 1 1 0 1736 1732 2215 968
8614 4 3 1 1 0 1396 776 743 1521
8615 4 3 1 1 0 1678 959 1772 1104
8616 4 3 1 1 0 1918 2186 1598 1594
8617 4 3 1 1 0 2127 1497 1756 1513
8618 4 3 1 1 0 1590 810 811 1593
8619 4 3 1 1 0 1458 636 2144 1456
8620 4 3 1 1 0 587 576 1469 2126
8621 4 3 1 1 0 2143 2142 1452 1468
8622 4 3 1 1 0 1396 743 776 741
8623 4 3 1 1 0 2205 1735 1733 1748
8624 4 3 1 1 0 2217 1493 2216 1755
8625 4 3 1 1 0 2205 1733 1735 1728
8626 4 3 1 1 0 2122 1813 1671 1579
8627 4 3 1 1 0 1637 2197 1148 1743
8628 4 3 1 1 0 2221 1785 1151 2219
8629 4 3 1 1 0 2122 1671 1813 1816
8630 4 3 1 1 0 256 1103 1160 219
8631 4 3 1 1 0 1739 1346 1690 1740
8632 4 3 1 1 0 269 291 1107 233
8633 4 3 1 1 0 2113 1236 1237 1399
8634 4 3 1 1 0 1779 1777 1775 1110
8635 4 3 1 1 0 353 411 2065 369
8636 4 3 1 1 0 900 1920 862 884
8637 4 3 1 1 0 1966 1274 1223 1232
8638 4 3 1 1 0 1945 1763 1092 1749
8639 4 3 1 1 0 1761 2215 1731 1733
8640 4 3 1 1 0 1788 1750 2224 1791
8641 4 3 1 1 0 1005 1643 2223 1765
8642 4 3 1 1 0 2225 2207 1142 1838
8643 4 3 1 1 0 1608 1612 1674 1664
8644 4 3 1 1 0 1273 1223 1274 1272
8645 4 3 1 1 0 1606 1612 1608 1609
8646 4 3 1 1 0 1674 1605 1612 1608
8647 4 3 1 1 0 414 1223 1274 1232
8648 4 3 1 1 0 1336 1295 1185 1993
8649 4 3 1 1 0 414 1274 1223 1272
8650 4 3 1 1 0 1007 1802 1156 1851
8651 4 3 1 1 0 1815 1818 984 1812
8652 4 3 1 1 0 1415 2117 1412 443
8653 4 3 1 1 0 1415 2117 443 1408
8654 4 3 1 1 0 2135 126 918 125
8655 4 3 1 1 0 1214 1183 1511 1263
8656 4 3 1 1 0 1600 1599 1627 1621
8657 4 3 1 1 0 1343 1242 1255 1241
8658 4 3 1 1 0 2191 1660 1673 1823
8659 4 3 1 1 0 1061 1627 1599 1621
8660 4 3 1 1 0 1241 2059 365 2050
8661 4 3 1 1 0 2124 1617 822 833
8662 4 3 1 1 0 1574 1073 1074 1378
8663 4 3 1 1 0 1428 1430 1665 1388
8664 4 3 1 1 0 814 1607 1609 1593
8665 4 3 1 1 0 864 2124 899 836
8666 4 3 1 1 0 1000 1833 1832 1430
8667 4 3 1 1 0 2141 590 1453 597
8668 4 3 1 1 0 1675 1717 2119 1676
8669 4 3 1 1 0 500 2095 2232 2093
8670 4 3 1 1 0 500 2232 2095 2099
8671 4 3 1 1 0 1110 1939 1805 1804
8672 4 3 1 1 0 2118 2117 2092 1409
8673 4 3 1 1 0 1519 1518 1520 1021
8674 4 3 1 1 0 1073 2232 944 2099
8675 4 3 1 1 0 974 1146 1147 1166
8676 4 3 1 1 0 1073 2232 2099 2095
8677 4 3 1 1 0 1125 1129 1854 1127
8678 4 3 1 1 0 1864 1023 1861 1865
8679 4 3 1 1 0 1013 1095 268 1857
8680 4 3 1 1 0 2219 1158 1708 1156
8681 4 3 1 1 0 1028 1870 1863 1864
8682 4 3 1 1 0 1876 1050 1384 1426
8683 4 3 1 1 0 753 1547 752 1550
8684 4 3 1 1 0 2172 1528 1018 1873
8685 4 3 1 1 0 1089 1919 1920 884
8686 4 3 1 1 0 1933 2155 1879 1033
8687 4 3 1 1 0 2154 1022 1477 1879
8688 4 3 1 1 0 1513 1543 2143 1022
8689 4 3 1 1 0 1434 1477 1072 2155
8690 4 3 1 1 0 1029 1542 1557 1887
8691 4 3 1 1 0 1851 1708 1158 1156
8692 4 3 1 1 0 1514 1542 1450 1887
8693 4 3 1 1 0 1514 1557 2175 1562
8694 4 3 1 1 0 1557 1514 2175 1887
8695 4 3 1 1 0 2211 1131 1694 2210
8696 4 3 1 1 0 1029 1542 1887 1450
8697 4 3 1 1 0 1894 1701 2220 1703
8698 4 3 1 1 0 1137 1009 1139 1138
8699 4 3 1 1 0 1400 1527 1523 713
8700 4 3 1 1 0 1701 1703 1852 1834
8701 4 3 1 1 0 1521 2168 1396 1552
8702 4 3 1 1 0 1355 778 753 714
8703 4 3 1 1 0 1701 1852 1703 1423
8704 4 3 1 1 0 1665 1611 1664 1670
8705 4 3 1 1 0 1664 1611 1665 1609
8706 4 3 1 1 0 2141 590 597 587
8707 4 3 1 1 0 2141 590 587 2126
8708 4 3 1 1 0 900 1920 884 1089
8709 4 3 1 1 0 188 189 1046 1036
8710 4 3 1 1 0 280 172 272 1035
8711 4 3 1 1 0 1035 182 1054 1048
8712 4 3 1 1 0 1055 1911 1912 1084
8713 4 3 1 1 0 1139 216 215 1136
8714 4 3 1 1 0 1611 1388 1665 1430
8715 4 3 1 1 0 1767 1124 1014 1858
8716 4 3 1 1 0 1611 1430 1665 1609
8717 4 3 1 1 0 1599 2194 1918 1598
8718 4 3 1 1 0 1139 216 217 215
8719 4 3 1 1 0 222 976 207 1149
8720 4 3 1 1 0 1664 1665 1610 1609
8721 4 3 1 1 0 2145 1101 1459 2146
8722 4 3 1 1 0 898 841 1512 842
8723 4 3 1 1 0 1438 608 2129 2128
8724 4 3 1 1 0 1428 1665 1380 1671
8725 4 3 1 1 0 2193 1075 1604 1620
8726 4 3 1 1 0 1428 1665 1671 1388
8727 4 3 1 1 0 1537 689 1532 1539
8728 4 3 1 1 0 699 1527 1552 776
8729 4 3 1 1 0 1628 1794 1783 1672
8730 4 3 1 1 0 1595 1850 1674 1602
8731 4 3 1 1 0 1785 1846 1004 1781
8732 4 3 1 1 0 1090 1619 1581 1340
8733 4 3 1 1 0 1625 2190 1612 1060
8734 4 3 1 1 0 1943 1184 2083 1992
8735 4 3 1 1 0 280 1024 221 250
8736 4 3 1 1 0 1765 1893 1642 1128
8737 4 3 1 1 0 963 1030 1096 1949
8738 4 3 1 1 0 1856 1858 1011 1124
8739 4 3 1 1 0 578 572 1461 1496
8740 4 3 1 1 0 1030 218 221 1096
8741 4 3 1 1 0 1906 1709 1080 1928
8742 4 3 1 1 0 1125 1129 192 191
8743 4 3 1 1 0 206 222 207 1149
8744 4 3 1 1 0 1051 1053 1081 1009
8745 4 3 1 1 0 291 1043 269 1107
8746 4 3 1 1 0 1732 1736 1663 969
8747 4 3 1 1 0 2198 1656 1663 1657
8748 4 3 1 1 0 1886 1687 1693 1878
8749 4 3 1 1 0 1687 960 1683 1682
8750 4 3 1 1 0 1555 1020 1041 1721
8751 4 3 1 1 0 1970 956 1154 1639
8752 4 3 1 1 0 1125 1766 975 1767
8753 4 3 1 1 0 829 2080 835 834
8754 4 3 1 1 0 857 1585 1577 850
8755 4 3 1 1 0 1626 1295 1091 1185
8756 4 3 1 1 0 1583 1446 1582 839
8757 4 3 1 1 0 857 790 1585 850
8758 4 3 1 1 0 2079 1091 2080 1294
8759 4 3 1 1 0 207 206 1149 202
8760 4 3 1 1 0 2056 1254 1186 2057
8761 4 3 1 1 0 1388 1367 1429 1292
8762 4 3 1 1 0 1289 1255 2059 1282
8763 4 3 1 1 0 2058 1254 2054 2059
8764 4 3 1 1 0 1988 1336 1318 1316
8765 4 3 1 1 0 1255 1242 1292 1244
8766 4 3 1 1 0 395 360 1215 363
8767 4 3 1 1 0 901 2055 858 890
8768 4 3 1 1 0 1234 1742 1189 1297
8769 4 3 1 1 0 1310 356 340 386
8770 4 3 1 1 0 962 1407 2213 1713
8771 4 3 1 1 0 1311 1196 1308 2007
8772 4 3 1 1 0 1311 1257 1274 1966
8773 4 3 1 1 0 977 1024 250 249
8774 4 3 1 1 0 1349 1228 1229 1221
8775 4 3 1 1 0 206 1970 1149 1143
8776 4 3 1 1 0 1273 1563 1348 1966
8777 4 3 1 1 0 1348 1311 2007 1274
8778 4 3 1 1 0 387 325 318 2084
8779 4 3 1 1 0 1197 2022 2020 1211
8780 4 3 1 1 0 2116 2230 2008 1331
8781 4 3 1 1 0 2230 2075 1280 2022
8782 4 3 1 1 0 753 1547 1550 1554
8783 4 3 1 1 0 1235 2035 2046 2085
8784 4 3 1 1 0 183 977 250 249
8785 4 3 1 1 0 2034 1233 310 2029
8786 4 3 1 1 0 1203 395 363 391
8787 4 3 1 1 0 1742 1297 1741 1189
8788 4 3 1 1 0 1299 1297 1996 1741
8789 4 3 1 1 0 2271 41 144 1
8790 4 3 1 1 0 2245 2265 1045 174
8791 4 3 1 1 0 174 185 2245 39
8792 4 3 1 1 0 1222 1224 1235 2085
8793 4 3 1 1 0 1217 2030 1224 2029
8794 4 3 1 1 0 141 1395 742 675
8795 4 3 1 1 0 962 1717 2213 1712
8796 4 3 1 1 0 202 206 1149 1143
8797 4 3 1 1 0 1105 1801 1888 2104
8798 4 3 1 1 0 1218 2033 1563 1966
8799 4 3 1 1 0 2030 1219 1222 1234
8800 4 3 1 1 0 1894 2220 1040 1792
8801 4 3 1 1 0 1822 1819 1237 1236
8802 4 3 1 1 0 439 1364 1404 1397
8803 4 3 1 1 0 377 349 2023 406
8804 4 3 1 1 0 433 1270 2067 1398
8805 4 3 1 1 0 2002 2003 2001 1192
8806 4 3 1 1 0 361 2000 362 401
8807 4 3 1 1 0 2002 1192 2067 2003
8808 4 3 1 1 0 1342 1186 1295 1995
8809 4 3 1 1 0 1915 2177 1350 1290
8810 4 3 1 1 0 996 1824 1237 1819
8811 4 3 1 1 0 202 1096 1133 1149
8812 4 3 1 1 0 1287 342 337 333
8813 4 3 1 1 0 1321 333 327 1286
8814 4 3 1 1 0 1606 1581 1603 1619
8815 4 3 1 1 0 834 2079 871 838
8816 4 3 1 1 0 1294 1091 2080 1340
8817 4 3 1 1 0 2082 2081 2083 1296
8818 4 3 1 1 0 1846 1781 1847 1004
8819 4 3 1 1 0 1785 1846 1781 1782
8820 4 3 1 1 0 1395 430 482 93
8821 4 3 1 1 0 2142 1887 1448 1450
8822 4 3 1 1 0 1729 971 1506 1508
8823 4 3 1 1 0 885 2151 1473 1474
8824 4 3 1 1 0 718 746 1467 1458
8825 4 3 1 1 0 2230 2075 2022 1277
8826 4 3 1 1 0 2089 735 1384 1355
8827 4 3 1 1 0 1506 971 1729 1754
8828 4 3 1 1 0 767 778 1384 735
8829 4 3 1 1 0 778 767 1384 723
8830 4 3 1 1 0 1050 723 1384 1530
8831 4 3 1 1 0 2089 1354 2090 1384
8832 4 3 1 1 0 1506 2208 1729 1508
8833 4 3 1 1 0 1087 1630 1378 990
8834 4 3 1 1 0 1574 801 802 1073
8835 4 3 1 1 0 1129 1130 1141 1768
8836 4 3 1 1 0 2104 1073 2093 946
8837 4 3 1 1 0 2093 2103 2104 1374
8838 4 3 1 1 0 524 484 1374 485
8839 4 3 1 1 0 2093 523 1374 417
8840 4 3 1 1 0 2093 523 417 500
8841 4 3 1 1 0 2103 2093 1359 1374
8842 4 3 1 1 0 1729 2208 1506 1754
8843 4 3 1 1 0 502 1377 476 465
8844 4 3 1 1 0 1259 2002 2001 1398
8845 4 3 1 1 0 1407 1376 2214 1722
8846 4 3 1 1 0 1376 1375 448 464
8847 4 3 1 1 0 885 840 2151 1474
8848 4 3 1 1 0 1318 1336 383 1316
8849 4 3 1 1 0 1019 1423 1393 1561
8850 4 3 1 1 0 1047 1948 1167 1094
8851 4 3 1 1 0 1753 1641 1638 1636
8852 4 3 1 1 0 1525 1911 1933 1647
8853 4 3 1 1 0 1318 1336 1247 384
8854 4 3 1 1 0 160 795 889 2135
8855 4 3 1 1 0 1250 1184 1577 2083
8856 4 3 1 1 0 857 790 905 1585
8857 4 3 1 1 0 2138 1180 1987 1447
8858 4 3 1 1 0 1661 1656 1663 2201
8859 4 3 1 1 0 1653 972 1654 1763
8860 4 3 1 1 0 1459 2145 1441 1101
8861 4 3 1 1 0 614 2145 594 593
8862 4 3 1 1 0 659 2145 614 593
8863 4 3 1 1 0 2128 2145 594 647
8864 4 3 1 1 0 2128 2145 647 1462
8865 4 3 1 1 0 1054 2236 182 267
8866 4 3 1 1 0 1993 1287 1336 1295
8867 4 3 1 1 0 1432 2154 2155 1879
8868 4 3 1 1 0 94 93 2288 482
8869 4 3 1 1 0 332 1286 327 333
8870 4 3 1 1 0 327 1286 332 1240
8871 4 3 1 1 0 2235 726 668 1352
8872 4 3 1 1 0 2082 857 888 1582
8873 4 3 1 1 0 568 1492 1493 2163
8874 4 3 1 1 0 1540 708 1452 709
8875 4 3 1 1 0 1219 1218 1517 2033
8876 4 3 1 1 0 1492 1493 2163 2164
8877 4 3 1 1 0 2166 2164 1504 1508
8878 4 3 1 1 0 591 630 575 1505
8879 4 3 1 1 0 1492 2163 1507 2164
8880 4 3 1 1 0 2169 1862 1564 1533
8881 4 3 1 1 0 1319 1187 1314 1988
8882 4 3 1 1 0 1534 1569 2169 1538
8883 4 3 1 1 0 1314 1988 1187 1307
8884 4 3 1 1 0 2094 529 1359 2095
8885 4 3 1 1 0 1856 1115 1088 1959
8886 4 3 1 1 0 1558 1886 1872 2174
8887 4 3 1 1 0 1886 1558 1872 1131
8888 4 3 1 1 0 1866 1557 1558 2174
8889 4 3 1 1 0 1919 2184 804 906
8890 4 3 1 1 0 1064 290 1093 1065
8891 4 3 1 1 0 264 218 265 1133
8892 4 3 1 1 0 1939 989 1110 1917
8893 4 3 1 1 0 1620 957 1649 1662
8894 4 3 1 1 0 1294 1915 1265 1342
8895 4 3 1 1 0 1672 1595 1794 1793
8896 4 3 1 1 0 1659 2199 1612 2200
8897 4 3 1 1 0 2102 843 887 880
8898 4 3 1 1 0 1595 1666 1674 1793
8899 4 3 1 1 0 988 1628 1586 1610
8900 4 3 1 1 0 988 1595 1590 1628
8901 4 3 1 1 0 2108 2102 1369 1380
8902 4 3 1 1 0 2268 865 106 787
8903 4 3 1 1 0 1669 1671 991 1665
8904 4 3 1 1 0 264 265 1095 1133
8905 4 3 1 1 0 1672 1595 1610 1628
8906 4 3 1 1 0 1560 1900 1872 1558
8907 4 3 1 1 0 1691 1027 1742 2210
8908 4 3 1 1 0 1672 1595 1628 1794
8909 4 3 1 1 0 2034 2047 1235 2035
8910 4 3 1 1 0 1640 1636 1729 967
8911 4 3 1 1 0 1688 1026 1689 2226
8912 4 3 1 1 0 1636 971 1729 1508
8913 4 3 1 1 0 1506 2217 1754 1755
8914 4 3 1 1 0 2163 2217 1493 1469
8915 4 3 1 1 0 1688 1689 1026 2206
8916 4 3 1 1 0 2226 1026 1689 2170
8917 4 3 1 1 0 1863 1028 2226 1868
8918 4 3 1 1 0 1763 1092 1749 1798
8919 4 3 1 1 0 1944 1651 1092 1945
8920 4 3 1 1 0 1235 2047 2034 1233
8921 4 3 1 1 0 1005 1643 1765 1698
8922 4 3 1 1 0 1790 1840 1749 1791
8923 4 3 1 1 0 1687 1886 1868 1885
8924 4 3 1 1 0 1041 1549 1872 1867
8925 4 3 1 1 0 2122 503 2100 1368
8926 4 3 1 1 0 1895 1897 1839 1195
8927 4 3 1 1 0 1820 1714 1826 1821
8928 4 3 1 1 0 2000 1344 393 348
8929 4 3 1 1 0 1190 1820 2115 1830
8930 4 3 1 1 0 1543 1526 1022 1564
8931 4 3 1 1 0 240 1054 182 267
8932 4 3 1 1 0 1054 240 187 267
8933 4 3 1 1 0 1769 249 284 1031
8934 4 3 1 1 0 755 1533 758 725
8935 4 3 1 1 0 976 222 207 284
8936 4 3 1 1 0 222 976 251 284
8937 4 3 1 1 0 426 19 1889 112
8938 4 3 1 1 0 84 2262 301 23
8939 4 3 1 1 0 824 888 839 1582
8940 4 3 1 1 0 1186 1289 1290 1254
8941 4 3 1 1 0 84 2262 23 152
8942 4 3 1 1 0 1054 1115 678 1056
8943 4 3 1 1 0 2037 1272 2031 1226
8944 4 3 1 1 0 308 2038 301 1225
8945 4 3 1 1 0 84 2262 152 1225
8946 4 3 1 1 0 1013 1056 1044 1011
8947 4 3 1 1 0 768 139 140 1362
8948 4 3 1 1 0 921 1212 922 1333
8949 4 3 1 1 0 922 1333 1280 1362
8950 4 3 1 1 0 1478 659 2146 544
8951 4 3 1 1 0 1478 1963 118 930
8952 4 3 1 1 0 1954 930 927 27
8953 4 3 1 1 0 1583 1446 839 1474
8954 4 3 1 1 0 1478 2146 119 544
8955 4 3 1 1 0 2289 2257 541 134
8956 4 3 1 1 0 1583 1446 1474 1175
8957 4 3 1 1 0 1592 987 1591 1587
8958 4 3 1 1 0 1631 1938 1621 1097
8959 4 3 1 1 0 2270 86 370 85
8960 4 3 1 1 0 1271 349 335 1258
8961 4 3 1 1 0 1222 1234 1235 2030
8962 4 3 1 1 0 1078 759 679 1045
8963 4 3 1 1 0 168 2099 797 882
8964 4 3 1 1 0 2100 1369 1368 2098
8965 4 3 1 1 0 1271 336 335 349
8966 4 3 1 1 0 267 2265 1056 2236
8967 4 3 1 1 0 1054 2236 267 1056
8968 4 3 1 1 0 186 1043 1078 241
8969 4 3 1 1 0 1459 1441 1475 1101
8970 4 3 1 1 0 1154 955 1096 1133
8971 4 3 1 1 0 1078 679 759 732
8972 4 3 1 1 0 1134 1141 974 1768
8973 4 3 1 1 0 1162 1147 260 980
8974 4 3 1 1 0 1424 1396 1561 1039
8975 4 3 1 1 0 2071 355 352 340
8976 4 3 1 1 0 1725 624 538 625
8977 4 3 1 1 0 643 2146 120 1463
8978 4 3 1 1 0 1122 642 650 592
8979 4 3 1 1 0 668 1352 726 743
8980 4 3 1 1 0 1531 1546 1862 1532
8981 4 3 1 1 0 481 2279 425 1086
8982 4 3 1 1 0 44 1910 244 43
8983 4 3 1 1 0 1531 1546 1532 1869
8984 4 3 1 1 0 2258 253 46 45
8985 4 3 1 1 0 1910 44 181 2279
8986 4 3 1 1 0 245 1057 278 1067
8987 4 3 1 1 0 270 211 1057 225
8988 4 3 1 1 0 1947 1064 1779 1112
8989 4 3 1 1 0 1531 1869 1532 1535
8990 4 3 1 1 0 41 1052 912 42
8991 4 3 1 1 0 282 232 244 1053
8992 4 3 1 1 0 287 170 244 1053
8993 4 3 1 1 0 758 681 1524 1015
8994 4 3 1 1 0 1943 369 1991 1993
8995 4 3 1 1 0 331 1312 339 338
8996 4 3 1 1 0 369 1991 354 398
8997 4 3 1 1 0 398 1251 369 1991
8998 4 3 1 1 0 386 1300 316 385
8999 4 3 1 1 0 338 385 1303 386
9000 4 3 1 1 0 1209 1210 511 2106
9001 4 3 1 1 0 1345 1985 1984 1828
9002 4 3 1 1 0 1321 333 1286 1287
9003 4 3 1 1 0 1995 2077 1289 1186
9004 4 3 1 1 0 1348 1274 1273 1966
9005 4 3 1 1 0 392 1223 414 1232
9006 4 3 1 1 0 511 1210 1209 518
9007 4 3 1 1 0 758 1533 1524 725
9008 4 3 1 1 0 1310 1274 1257 356
9009 4 3 1 1 0 1312 1278 2071 2072
9010 4 3 1 1 0 1310 1312 340 2071
9011 4 3 1 1 0 1257 355 340 356
9012 4 3 1 1 0 1232 408 392 2040
9013 4 3 1 1 0 840 885 826 1474
9014 4 3 1 1 0 2044 355 2071 1257
9015 4 3 1 1 0 1204 2266 373 2016
9016 4 3 1 1 0 2047 310 363 390
9017 4 3 1 1 0 558 660 610 2028
9018 4 3 1 1 0 1842 1116 1008 1172
9019 4 3 1 1 0 1348 1273 1274 1198
9020 4 3 1 1 0 2071 1278 339 352
9021 4 3 1 1 0 1272 1198 1274 1273
9022 4 3 1 1 0 1300 1272 1198 1274
9023 4 3 1 1 0 389 1272 1274 414
9024 4 3 1 1 0 2070 313 316 315
9025 4 3 1 1 0 315 387 318 2084
9026 4 3 1 1 0 2009 2021 2230 1899
9027 4 3 1 1 0 349 350 335 1258
9028 4 3 1 1 0 2025 1213 2023 2024
9029 4 3 1 1 0 1418 1409 2092 1408
9030 4 3 1 1 0 107 2241 108 498
9031 4 3 1 1 0 1358 1068 516 1069
9032 4 3 1 1 0 1202 395 403 295
9033 4 3 1 1 0 1375 1376 1209 464
9034 4 3 1 1 0 450 460 505 1414
9035 4 3 1 1 0 1413 1401 441 1406
9036 4 3 1 1 0 2114 2121 1376 1407
9037 4 3 1 1 0 1715 1412 1817 1406
9038 4 3 1 1 0 442 1416 505 445
9039 4 3 1 1 0 1201 403 1202 395
9040 4 3 1 1 0 1553 2167 1536 1568
9041 4 3 1 1 0 700 749 1450 708
9042 4 3 1 1 0 1382 1415 450 455
9043 4 3 1 1 0 1415 443 446 1408
9044 4 3 1 1 0 62 513 2067 420
9045 4 3 1 1 0 1358 1068 1069 1921
9046 4 3 1 1 0 1993 384 343 354
9047 4 3 1 1 0 991 1369 1579 1808
9048 4 3 1 1 0 47 252 173 2263
9049 4 3 1 1 0 252 1032 173 2263
9050 4 3 1 1 0 2263 2283 1032 173
9051 4 3 1 1 0 1032 421 520 491
9052 4 3 1 1 0 48 47 2263 252
9053 4 3 1 1 0 513 433 2067 420
9054 4 3 1 1 0 1405 1404 2114 1403
9055 4 3 1 1 0 1364 439 1404 508
9056 4 3 1 1 0 1447 1499 1180 2165
9057 4 3 1 1 0 2130 626 1498 2165
9058 4 3 1 1 0 1409 461 508 447
9059 4 3 1 1 0 1369 2122 2108 1380
9060 4 3 1 1 0 1498 2165 1447 2130
9061 4 3 1 1 0 626 585 2165 617
9062 4 3 1 1 0 2165 1488 585 577
9063 4 3 1 1 0 2178 2179 1808 991
9064 4 3 1 1 0 2136 2138 1445 1446
9065 4 3 1 1 0 1270 434 514 437
9066 4 3 1 1 0 1987 648 542 621
9067 4 3 1 1 0 126 1987 542 621
9068 4 3 1 1 0 2018 2165 1499 585
9069 4 3 1 1 0 1480 1262 2076 559
9070 4 3 1 1 0 1498 577 2165 626
9071 4 3 1 1 0 1882 1470 1471 1737
9072 4 3 1 1 0 1433 2126 1494 2125
9073 4 3 1 1 0 2165 1488 577 1498
9074 4 3 1 1 0 1443 1433 1453 2143
9075 4 3 1 1 0 1453 619 1443 1442
9076 4 3 1 1 0 2127 2216 2141 1468
9077 4 3 1 1 0 1435 1433 1494 2125
9078 4 3 1 1 0 585 2165 577 626
9079 4 3 1 1 0 1490 628 567 573
9080 4 3 1 1 0 2145 659 2147 593
9081 4 3 1 1 0 1961 592 642 1122
9082 4 3 1 1 0 1122 642 611 650
9083 4 3 1 1 0 1410 2122 1387 503
9084 4 3 1 1 0 2035 81 390 2045
9085 4 3 1 1 0 81 2035 129 2045
9086 4 3 1 1 0 1480 1262 559 1479
9087 4 3 1 1 0 1737 2156 1755 1471
9088 4 3 1 1 0 503 1410 1418 454
9089 4 3 1 1 0 178 2271 40 1
9090 4 3 1 1 0 503 1410 454 462
9091 4 3 1 1 0 1068 457 516 1069
9092 4 3 1 1 0 1437 2131 2152 1438
9093 4 3 1 1 0 1755 2156 1483 1482
9094 4 3 1 1 0 2147 580 594 593
9095 4 3 1 1 0 33 2234 2153 183
9096 4 3 1 1 0 1505 1507 629 2163
9097 4 3 1 1 0 279 1109 173 1032
9098 4 3 1 1 0 279 1109 1032 1157
9099 4 3 1 1 0 773 1293 1256 763
9100 4 3 1 1 0 1212 1276 2075 1279
9101 4 3 1 1 0 421 1109 481 488
9102 4 3 1 1 0 2265 38 174 39
9103 4 3 1 1 0 1054 1115 1056 1011
9104 4 3 1 1 0 1221 1228 1229 1231
9105 4 3 1 1 0 1109 421 536 488
9106 4 3 1 1 0 1539 1548 2173 1556
9107 4 3 1 1 0 693 689 1539 692
9108 4 3 1 1 0 976 1769 284 1031
9109 4 3 1 1 0 706 2172 1018 1550
9110 4 3 1 1 0 251 1769 976 964
9111 4 3 1 1 0 1537 1532 754 1862
9112 4 3 1 1 0 1547 1535 1545 691
9113 4 3 1 1 0 772 1400 1523 713
9114 4 3 1 1 0 1044 1045 186 1036
9115 4 3 1 1 0 1769 976 973 1031
9116 4 3 1 1 0 764 1520 760 757
9117 4 3 1 1 0 251 976 1769 284
9118 4 3 1 1 0 1546 1016 1541 1862
9119 4 3 1 1 0 1016 1546 1532 1862
9120 4 3 1 1 0 2210 1565 1558 1965
9121 4 3 1 1 0 1896 1900 1308 1895
9122 4 3 1 1 0 1589 987 1809 1059
9123 4 3 1 1 0 1059 1783 1589 1592
9124 4 3 1 1 0 137 671 1279 747
9125 4 3 1 1 0 1293 2074 2073 1281
9126 4 3 1 1 0 2021 1360 2096 1209
9127 4 3 1 1 0 1333 1212 1279 924
9128 4 3 1 1 0 1281 1256 763 1279
9129 4 3 1 1 0 780 748 1281 722
9130 4 3 1 1 0 2014 2073 1341 1278
9131 4 3 1 1 0 711 2074 1281 722
9132 4 3 1 1 0 2179 1809 2176 1578
9133 4 3 1 1 0 167 2099 882 1073
9134 4 3 1 1 0 109 168 2261 21
9135 4 3 1 1 0 806 2176 803 883
9136 4 3 1 1 0 1605 1612 1608 1603
9137 4 3 1 1 0 1606 1608 1612 1603
9138 4 3 1 1 0 2189 830 877 1597
9139 4 3 1 1 0 1571 842 872 894
9140 4 3 1 1 0 2180 1571 872 894
9141 4 3 1 1 0 1600 2180 1924 1571
9142 4 3 1 1 0 1631 897 844 847
9143 4 3 1 1 0 2182 1596 1597 878
9144 4 3 1 1 0 1395 492 430 522
9145 4 3 1 1 0 1597 2182 878 877
9146 4 3 1 1 0 1631 863 1950 2180
9147 4 3 1 1 0 1395 1389 492 522
9148 4 3 1 1 0 535 1387 1379 494
9149 4 3 1 1 0 2178 2179 2176 1578
9150 4 3 1 1 0 1370 2098 2100 1363
9151 4 3 1 1 0 993 2093 1073 1378
9152 4 3 1 1 0 1805 1803 1804 1089
9153 4 3 1 1 0 880 806 883 2178
9154 4 3 1 1 0 1558 1691 2211 1562
9155 4 3 1 1 0 1692 1557 2211 2175
9156 4 3 1 1 0 837 876 821 1575
9157 4 3 1 1 0 1805 1804 1803 986
9158 4 3 1 1 0 1174 2053 1173 1188
9159 4 3 1 1 0 1919 1591 1089 1805
9160 4 3 1 1 0 1976 2278 1977 1250
9161 4 3 1 1 0 2052 299 374 366
9162 4 3 1 1 0 1911 1912 1047 1014
9163 4 3 1 1 0 1692 1688 2211 1868
9164 4 3 1 1 0 813 812 2185 815
9165 4 3 1 1 0 1805 1939 1089 1804
9166 4 3 1 1 0 2002 294 2003 2067
9167 4 3 1 1 0 812 815 816 2185
9168 4 3 1 1 0 2186 812 816 2185
9169 4 3 1 1 0 83 950 951 1224
9170 4 3 1 1 0 82 1224 297 83
9171 4 3 1 1 0 150 953 952 2144
9172 4 3 1 1 0 150 663 1243 151
9173 4 3 1 1 0 993 985 1801 1106
9174 4 3 1 1 0 1583 1582 824 839
9175 4 3 1 1 0 6 2135 546 2260
9176 4 3 1 1 0 2166 1504 967 1508
9177 4 3 1 1 0 1395 741 726 743
9178 4 3 1 1 0 62 377 2067 2025
9179 4 3 1 1 0 1045 185 2245 174
9180 4 3 1 1 0 62 2067 377 294
9181 4 3 1 1 0 524 1374 471 485
9182 4 3 1 1 0 2213 1817 1712 1717
9183 4 3 1 1 0 1212 375 296 59
9184 4 3 1 1 0 296 1211 402 375
9185 4 3 1 1 0 1232 2041 1966 1257
9186 4 3 1 1 0 1547 706 2172 751
9187 4 3 1 1 0 2041 2033 1221 1966
9188 4 3 1 1 0 1742 1219 1457 1691
9189 4 3 1 1 0 1218 1742 1234 1297
9190 4 3 1 1 0 1516 769 1243 1467
9191 4 3 1 1 0 717 762 1517 1349
9192 4 3 1 1 0 1222 1467 1457 1219
9193 4 3 1 1 0 1892 1400 1901 1389
9194 4 3 1 1 0 555 2086 556 1262
9195 4 3 1 1 0 269 1907 1052 1081
9196 4 3 1 1 0 2041 1221 1229 1231
9197 4 3 1 1 0 557 555 556 1262
9198 4 3 1 1 0 1488 2158 584 1486
9199 4 3 1 1 0 1653 1763 1650 1102
9200 4 3 1 1 0 1057 278 239 225
9201 4 3 1 1 0 1598 815 2185 816
9202 4 3 1 1 0 2281 1065 2286 274
9203 4 3 1 1 0 993 1914 1922 1063
9204 4 3 1 1 0 1035 182 1048 237
9205 4 3 1 1 0 1084 1054 1048 1912
9206 4 3 1 1 0 36 2251 182 1048
9207 4 3 1 1 0 1933 1912 1934 1047
9208 4 3 1 1 0 1232 2041 1257 1231
9209 4 3 1 1 0 761 733 1084 1055
9210 4 3 1 1 0 1911 761 1084 1055
9211 4 3 1 1 0 2182 1597 1591 1587
9212 4 3 1 1 0 179 1098 255 271
9213 4 3 1 1 0 1924 1600 1571 1076
9214 4 3 1 1 0 1632 1635 1917 1806
9215 4 3 1 1 0 2281 245 274 180
9216 4 3 1 1 0 1573 1572 804 1919
9217 4 3 1 1 0 2186 1598 2185 816
9218 4 3 1 1 0 1205 2027 1486 1511
9219 4 3 1 1 0 1937 993 1914 1573
9220 4 3 1 1 0 1170 985 1158 1106
9221 4 3 1 1 0 2190 1664 1609 1611
9222 4 3 1 1 0 2281 1065 1067 1920
9223 4 3 1 1 0 1130 955 1167 1641
9224 4 3 1 1 0 203 209 204 1112
9225 4 3 1 1 0 1766 1710 1037 1893
9226 4 3 1 1 0 1725 625 657 1727
9227 4 3 1 1 0 1128 1766 1854 1893
9228 4 3 1 1 0 1152 211 258 203
9229 4 3 1 1 0 2003 361 362 294
9230 4 3 1 1 0 211 224 1064 225
9231 4 3 1 1 0 1760 1501 1761 1461
9232 4 3 1 1 0 1650 1956 1620 1932
9233 4 3 1 1 0 1591 2187 1587 1597
9234 4 3 1 1 0 1620 1932 1930 1931
9235 4 3 1 1 0 1906 1008 1116 1960
9236 4 3 1 1 0 1727 625 657 599
9237 4 3 1 1 0 1740 1967 1346 1884
9238 4 3 1 1 0 625 1725 657 538
9239 4 3 1 1 0 1299 1884 1741 1346
9240 4 3 1 1 0 1990 1263 1183 1264
9241 4 3 1 1 0 2017 1180 2018 658
9242 4 3 1 1 0 373 1206 1204 2016
9243 4 3 1 1 0 373 1206 2016 372
9244 4 3 1 1 0 1980 1246 2229 1983
9245 4 3 1 1 0 1101 1759 1758 1475
9246 4 3 1 1 0 2033 1218 1565 1219
9247 4 3 1 1 0 604 1773 640 548
9248 4 3 1 1 0 1101 1759 1678 1634
9249 4 3 1 1 0 1202 654 616 539
9250 4 3 1 1 0 1203 395 1215 363
9251 4 3 1 1 0 1707 1021 1561 1568
9252 4 3 1 1 0 1455 1203 1215 1997
9253 4 3 1 1 0 310 2047 363 391
9254 4 3 1 1 0 1707 1561 1021 1039
9255 4 3 1 1 0 610 547 1215 616
9256 4 3 1 1 0 1551 1532 1546 1869
9257 4 3 1 1 0 399 307 1251 369
9258 4 3 1 1 0 2199 1618 1940 1090
9259 4 3 1 1 0 1342 1339 1295 1626
9260 4 3 1 1 0 353 1268 2065 411
9261 4 3 1 1 0 903 2062 871 845
9262 4 3 1 1 0 835 834 2079 845
9263 4 3 1 1 0 891 903 2056 2061
9264 4 3 1 1 0 1612 1060 2190 1609
9265 4 3 1 1 0 932 1431 933 934
9266 4 3 1 1 0 1304 2070 2011 1300
9267 4 3 1 1 0 2037 314 2068 1298
9268 4 3 1 1 0 1312 2071 339 340
9269 4 3 1 1 0 933 1431 932 1072
9270 4 3 1 1 0 383 1316 322 1318
9271 4 3 1 1 0 386 1300 385 1303
9272 4 3 1 1 0 1654 1632 1845 1633
9273 4 3 1 1 0 1216 1202 1214 1201
9274 4 3 1 1 0 2027 602 1205 2158
9275 4 3 1 1 0 320 1307 319 1314
9276 4 3 1 1 0 1798 1794 1793 1790
9277 4 3 1 1 0 2127 2216 1468 1756
9278 4 3 1 1 0 548 1773 640 979
9279 4 3 1 1 0 315 2070 317 316
9280 4 3 1 1 0 619 1443 618 590
9281 4 3 1 1 0 1453 619 1442 649
9282 4 3 1 1 0 1375 1905 1356 2096
9283 4 3 1 1 0 140 920 97 1362
9284 4 3 1 1 0 1793 1092 1798 1790
9285 4 3 1 1 0 735 778 1384 1355
9286 4 3 1 1 0 1632 1627 1654 1622
9287 4 3 1 1 0 716 1349 703 717
9288 4 3 1 1 0 1515 762 1349 1517
9289 4 3 1 1 0 151 1225 950 152
9290 4 3 1 1 0 1218 1217 1517 2039
9291 4 3 1 1 0 762 1515 1516 1517
9292 4 3 1 1 0 435 512 436 1397
9293 4 3 1 1 0 1612 1664 2190 2191
9294 4 3 1 1 0 1654 1762 1632 1622
9295 4 3 1 1 0 1569 1638 1538 1865
9296 4 3 1 1 0 1612 1609 2190 1664
9297 4 3 1 1 0 2101 416 533 490
9298 4 3 1 1 0 1051 1116 1085 1935
9299 4 3 1 1 0 1936 1117 1086 1910
9300 4 3 1 1 0 1053 1009 1910 1117
9301 4 3 1 1 0 1070 470 1419 1383
9302 4 3 1 1 0 1945 1840 1092 1838
9303 4 3 1 1 0 1353 422 95 2235
9304 4 3 1 1 0 1661 1838 1652 1945
9305 4 3 1 1 0 776 1521 714 743
9306 4 3 1 1 0 1947 1064 1112 1093
9307 4 3 1 1 0 443 2117 1412 1403
9308 4 3 1 1 0 1416 460 1414 505
9309 4 3 1 1 0 1425 1852 1703 1001
9310 4 3 1 1 0 1460 1926 1925 1436
9311 4 3 1 1 0 2092 1420 1408 1814
9312 4 3 1 1 0 1852 1414 1425 1842
9313 4 3 1 1 0 1852 1001 1425 1414
9314 4 3 1 1 0 1412 1001 1414 1425
9315 4 3 1 1 0 1416 1412 1414 1425
9316 4 3 1 1 0 2086 636 543 556
9317 4 3 1 1 0 2140 1456 637 609
9318 4 3 1 1 0 1441 594 1496 2128
9319 4 3 1 1 0 884 856 1919 1920
9320 4 3 1 1 0 893 795 2132 2133
9321 4 3 1 1 0 884 1919 856 906
9322 4 3 1 1 0 1449 1476 775 719
9323 4 3 1 1 0 30 236 29 2280
9324 4 3 1 1 0 977 1113 1724 1769
9325 4 3 1 1 0 500 2093 1359 2095
9326 4 3 1 1 0 1384 2089 767 735
9327 4 3 1 1 0 275 1118 286 1121
9328 4 3 1 1 0 1439 1451 1471 1470
9329 4 3 1 1 0 1123 246 979 184
9330 4 3 1 1 0 1122 1126 1164 1772
9331 4 3 1 1 0 2246 2280 978 236
9332 4 3 1 1 0 1451 1440 1470 1439
9333 4 3 1 1 0 1480 1262 1479 1454
9334 4 3 1 1 0 562 631 632 1484
9335 4 3 1 1 0 1981 1956 1649 1177
9336 4 3 1 1 0 1482 2162 1731 1490
9337 4 3 1 1 0 1437 1447 1444 2130
9338 4 3 1 1 0 622 1987 1180 617
9339 4 3 1 1 0 1773 604 640 650
9340 4 3 1 1 0 1205 2019 2018 2017
9341 4 3 1 1 0 648 626 2165 617
9342 4 3 1 1 0 2053 1245 1188 1178
9343 4 3 1 1 0 2161 1485 2160 1488
9344 4 3 1 1 0 1451 1440 1439 1449
9345 4 3 1 1 0 1547 751 1544 691
9346 4 3 1 1 0 1424 1392 1561 1396
9347 4 3 1 1 0 526 1209 518 474
9348 4 3 1 1 0 1564 1537 707 755
9349 4 3 1 1 0 1526 1525 724 1477
9350 4 3 1 1 0 1109 253 1086 289
9351 4 3 1 1 0 1547 1017 1554 1545
9352 4 3 1 1 0 732 1088 1079 1078
9353 4 3 1 1 0 1553 1020 1835 1871
9354 4 3 1 1 0 2013 1873 1874 1018
9355 4 3 1 1 0 2172 1873 1566 1549
9356 4 3 1 1 0 518 1209 526 1208
9357 4 3 1 1 0 1020 1720 1836 1867
9358 4 3 1 1 0 1131 1693 1694 1696
9359 4 3 1 1 0 1544 2172 1549 1548
9360 4 3 1 1 0 1420 1069 1810 1357
9361 4 3 1 1 0 1420 1069 1357 1408
9362 4 3 1 1 0 350 1211 375 402
9363 4 3 1 1 0 375 1211 350 2026
9364 4 3 1 1 0 2247 800 1067 1922
9365 4 3 1 1 0 1103 256 169 255
9366 4 3 1 1 0 1917 1938 989 1097
9367 4 3 1 1 0 2182 1596 1591 1597
9368 4 3 1 1 0 1590 809 810 2181
9369 4 3 1 1 0 2189 1598 816 2188
9370 4 3 1 1 0 1598 820 816 2188
9371 4 3 1 1 0 1807 1762 1614 1918
9372 4 3 1 1 0 1602 1807 1614 1918
9373 4 3 1 1 0 1590 1588 1587 809
9374 4 3 1 1 0 2247 20 165 52
9375 4 3 1 1 0 2211 1131 1558 1886
9376 4 3 1 1 0 1630 1787 1795 1783
9377 4 3 1 1 0 2247 800 1922 165
9378 4 3 1 1 0 1669 1630 1628 2179
9379 4 3 1 1 0 1630 1589 1628 2179
9380 4 3 1 1 0 1671 1813 995 1795
9381 4 3 1 1 0 1369 2122 1579 2100
9382 4 3 1 1 0 1728 1640 1729 967
9383 4 3 1 1 0 1692 1470 1557 2175
9384 4 3 1 1 0 2003 361 2000 362
9385 4 3 1 1 0 1781 1789 1786 1785
9386 4 3 1 1 0 1693 1132 1683 2207
9387 4 3 1 1 0 2247 800 165 793
9388 4 3 1 1 0 1005 1744 1750 1785
9389 4 3 1 1 0 2198 1177 1663 1656
9390 4 3 1 1 0 1197 1999 1331 1330
9391 4 3 1 1 0 1177 1489 1980 1503
9392 4 3 1 1 0 1609 1608 1610 1664
9393 4 3 1 1 0 2247 165 1922 52
9394 4 3 1 1 0 1308 2004 1895 1324
9395 4 3 1 1 0 995 2119 1818 2120
9396 4 3 1 1 0 2027 1205 1486 2158
9397 4 3 1 1 0 1801 2103 1106 1921
9398 4 3 1 1 0 2104 1801 993 1105
9399 4 3 1 1 0 1609 1612 1608 1664
9400 4 3 1 1 0 2004 1897 1195 1826
9401 4 3 1 1 0 2098 797 852 1363
9402 4 3 1 1 0 1661 1142 1739 1685
9403 4 3 1 1 0 1689 1754 2208 1753
9404 4 3 1 1 0 1453 619 649 590
9405 4 3 1 1 0 2211 1131 2210 1558
9406 4 3 1 1 0 1894 1718 1020 1703
9407 4 3 1 1 0 2132 546 124 623
9408 4 3 1 1 0 58 919 924 1212
9409 4 3 1 1 0 400 294 2003 362
9410 4 3 1 1 0 1784 994 1787 983
9411 4 3 1 1 0 1385 1168 1935 1974
9412 4 3 1 1 0 1851 2110 1706 1165
9413 4 3 1 1 0 1165 1973 1706 1171
9414 4 3 1 1 0 253 2258 1086 181
9415 4 3 1 1 0 893 2136 2134 860
9416 4 3 1 1 0 994 1815 984 1812
9417 4 3 1 1 0 893 2136 860 795
9418 4 3 1 1 0 603 1434 552 113
9419 4 3 1 1 0 1415 2117 1814 1412
9420 4 3 1 1 0 1831 2009 1200 2214
9421 4 3 1 1 0 2225 1895 1839 1195
9422 4 3 1 1 0 2115 1402 2113 2066
9423 4 3 1 1 0 1402 2066 1397 2113
9424 4 3 1 1 0 1494 1509 1505 2164
9425 4 3 1 1 0 1880 1881 1877 1864
9426 4 3 1 1 0 637 634 2140 641
9427 4 3 1 1 0 1734 2166 1508 2164
9428 4 3 1 1 0 1457 1883 1455 1742
9429 4 3 1 1 0 1690 1883 1742 1455
9430 4 3 1 1 0 2115 1830 2116 1999
9431 4 3 1 1 0 1203 1455 1741 1189
9432 4 3 1 1 0 325 322 1318 329
9433 4 3 1 1 0 1324 1303 1329 1306
9434 4 3 1 1 0 1677 1797 1840 1092
9435 4 3 1 1 0 2175 1034 1440 1514
9436 4 3 1 1 0 1325 1329 1303 1306
9437 4 3 1 1 0 1759 972 1746 1654
9438 4 3 1 1 0 1771 1770 1122 979
9439 4 3 1 1 0 235 2259 56 179
9440 4 3 1 1 0 972 1502 1760 1746
9441 4 3 1 1 0 235 2259 179 1082
9442 4 3 1 1 0 1640 1502 1746 1760
9443 4 3 1 1 0 1640 1119 1502 1760
9444 4 3 1 1 0 2275 1082 235 1077
9445 4 3 1 1 0 1108 1010 1046 1107
9446 4 3 1 1 0 1053 1052 285 170
9447 4 3 1 1 0 186 1043 241 189
9448 4 3 1 1 0 1037 1856 1124 1891
9449 4 3 1 1 0 1044 268 1858 1125
9450 4 3 1 1 0 1097 1098 1927 1082
9451 4 3 1 1 0 1082 2259 1927 2275
9452 4 3 1 1 0 1898 1566 1200 1723
9453 4 3 1 1 0 1064 1778 1152 1057
9454 4 3 1 1 0 1680 1159 1774 1776
9455 4 3 1 1 0 1898 1200 1566 1041
9456 4 3 1 1 0 2197 1146 1743 1744
9457 4 3 1 1 0 986 1059 1782 1058
9458 4 3 1 1 0 1059 986 1062 1058
9459 4 3 1 1 0 1588 808 1587 809
9460 4 3 1 1 0 457 504 516 1069
9461 4 3 1 1 0 1595 1590 1628 2187
9462 4 3 1 1 0 2115 2105 1270 1999
9463 4 3 1 1 0 606 2240 551 133
9464 4 3 1 1 0 736 1072 1477 779
9465 4 3 1 1 0 2206 1684 2208 2205
9466 4 3 1 1 0 1158 1153 2221 985
9467 4 3 1 1 0 2206 2208 1684 1689
9468 4 3 1 1 0 485 1358 1374 516
9469 4 3 1 1 0 1177 1941 1649 1655
9470 4 3 1 1 0 1624 1941 1984 1340
9471 4 3 1 1 0 1673 1660 1667 998
9472 4 3 1 1 0 1815 1813 1795 995
9473 4 3 1 1 0 1365 1367 1372 1411
9474 4 3 1 1 0 1984 1941 1624 1827
9475 4 3 1 1 0 1328 998 1826 1800
9476 4 3 1 1 0 2004 1319 1194 1326
9477 4 3 1 1 0 1984 1339 1624 1340
9478 4 3 1 1 0 1838 1969 1799 2202
9479 4 3 1 1 0 1282 1239 1825 997
9480 4 3 1 1 0 2113 1260 1237 1822
9481 4 3 1 1 0 1624 1339 1984 1827
9482 4 3 1 1 0 1423 1852 1842 1701
9483 4 3 1 1 0 373 1206 372 344
9484 4 3 1 1 0 1008 1423 1701 1843
9485 4 3 1 1 0 1396 1561 1039 1527
9486 4 3 1 1 0 1718 1837 1712 1703
9487 4 3 1 1 0 1834 2220 1701 1703
9488 4 3 1 1 0 2220 1834 1837 1703
9489 4 3 1 1 0 373 1206 344 1204
9490 4 3 1 1 0 1843 2212 1707 1568
9491 4 3 1 1 0 178 1078 2271 1909
9492 4 3 1 1 0 713 1527 1523 720
9493 4 3 1 1 0 2039 1218 1217 1223
9494 4 3 1 1 0 1709 1906 1960 1707
9495 4 3 1 1 0 1049 1901 1080 1522
9496 4 3 1 1 0 205 200 201 1140
9497 4 3 1 1 0 194 262 197 1145
9498 4 3 1 1 0 239 213 277 992
9499 4 3 1 1 0 1699 1700 1853 1137
9500 4 3 1 1 0 2018 2165 617 1180
9501 4 3 1 1 0 2031 1217 1218 1223
9502 4 3 1 1 0 2140 1456 609 1449
9503 4 3 1 1 0 1095 268 265 191
9504 4 3 1 1 0 2140 609 637 641
9505 4 3 1 1 0 632 602 2027 2158
9506 4 3 1 1 0 1677 1660 2202 998
9507 4 3 1 1 0 2017 550 2016 1207
9508 4 3 1 1 0 1691 2209 2175 1882
9509 4 3 1 1 0 1742 1965 2210 1884
9510 4 3 1 1 0 1881 1751 1792 2195
9511 4 3 1 1 0 685 1862 1531 1015
9512 4 3 1 1 0 1867 1870 1863 1028
9513 4 3 1 1 0 1756 1757 2170 2171
9514 4 3 1 1 0 1655 1941 1649 1584
9515 4 3 1 1 0 2226 1880 1028 1863
9516 4 3 1 1 0 1360 2010 1280 1208
9517 4 3 1 1 0 1555 2172 1876 1566
9518 4 3 1 1 0 1698 1705 1708 1006
9519 4 3 1 1 0 2220 1040 1702 1701
9520 4 3 1 1 0 630 575 1505 629
9521 4 3 1 1 0 575 2163 1505 629
9522 4 3 1 1 0 977 1024 2153 250
9523 4 3 1 1 0 1940 1649 1941 1584
9524 4 3 1 1 0 933 931 934 1431
9525 4 3 1 1 0 1896 1719 1041 1695
9526 4 3 1 1 0 1496 594 580 639
9527 4 3 1 1 0 2018 2165 585 617
9528 4 3 1 1 0 1340 1984 1339 1942
9529 4 3 1 1 0 661 1530 780 1281
9530 4 3 1 1 0 1751 1792 1877 1881
9531 4 3 1 1 0 282 1117 232 1053
9532 4 3 1 1 0 1904 1530 2090 1280
9533 4 3 1 1 0 1362 1280 1530 1333
9534 4 3 1 1 0 1722 1905 2009 1200
9535 4 3 1 1 0 1722 1421 1417 2121
9536 4 3 1 1 0 171 2264 50 51
9537 4 3 1 1 0 154 1373 2051 849
9538 4 3 1 1 0 245 278 1057 225
9539 4 3 1 1 0 1063 1105 171 2264
9540 4 3 1 1 0 226 213 992 277
9541 4 3 1 1 0 1801 992 1071 985
9542 4 3 1 1 0 2017 550 1207 658
9543 4 3 1 1 0 1919 987 1572 2184
9544 4 3 1 1 0 1057 1062 986 1058
9545 4 3 1 1 0 1660 1673 2202 998
9546 4 3 1 1 0 1373 2123 849 864
9547 4 3 1 1 0 859 847 1077 902
9548 4 3 1 1 0 1408 2092 1418 1420
9549 4 3 1 1 0 2078 1992 1184 1291
9550 4 3 1 1 0 897 1631 1927 847
9551 4 3 1 1 0 2083 2078 1184 1577
9552 4 3 1 1 0 1892 1008 1906 1039
9553 4 3 1 1 0 517 2276 501 1085
9554 4 3 1 1 0 415 501 1085 502
9555 4 3 1 1 0 1605 1075 2200 1618
9556 4 3 1 1 0 501 517 1085 502
9557 4 3 1 1 0 811 1594 1601 2185
9558 4 3 1 1 0 811 1593 1594 1590
9559 4 3 1 1 0 811 809 1594 2185
9560 4 3 1 1 0 1594 809 811 1590
9561 4 3 1 1 0 2081 794 1251 886
9562 4 3 1 1 0 1266 1265 2080 1619
9563 4 3 1 1 0 2080 1265 835 2079
9564 4 3 1 1 0 989 1082 1097 1927
9565 4 3 1 1 0 1294 2080 1265 1619
9566 4 3 1 1 0 1103 1104 169 288
9567 4 3 1 1 0 256 1103 169 288
9568 4 3 1 1 0 1964 276 27 169
9569 4 3 1 1 0 1294 1265 2080 2079
9570 4 3 1 1 0 1953 1097 1634 1111
9571 4 3 1 1 0 1997 1235 1233 2047
9572 4 3 1 1 0 1695 1895 2225 1696
9573 4 3 1 1 0 1099 1103 1953 271
9574 4 3 1 1 0 1118 1681 956 1120
9575 4 3 1 1 0 959 1972 1163 1681
9576 4 3 1 1 0 1696 1695 1895 1967
9577 4 3 1 1 0 1491 569 627 572
9578 4 3 1 1 0 1459 1478 1126 659
9579 4 3 1 1 0 1139 216 1117 217
9580 4 3 1 1 0 229 1117 248 216
9581 4 3 1 1 0 1070 2110 1957 1383
9582 4 3 1 1 0 2078 1979 1175 1582
9583 4 3 1 1 0 1386 507 2112 466
9584 4 3 1 1 0 1116 1377 1085 1385
9585 4 3 1 1 0 2078 1175 1979 1584
9586 4 3 1 1 0 1960 1709 1707 961
9587 4 3 1 1 0 1565 1558 1562 1691
9588 4 3 1 1 0 1263 1990 1317 1983
9589 4 3 1 1 0 2017 550 658 651
9590 4 3 1 1 0 1295 1268 1267 2065
9591 4 3 1 1 0 307 398 1251 369
9592 4 3 1 1 0 409 1994 1991 354
9593 4 3 1 1 0 398 409 1991 354
9594 4 3 1 1 0 1240 2005 1998 1320
9595 4 3 1 1 0 1287 1295 1268 1995
9596 4 3 1 1 0 1287 1989 1295 1995
9597 4 3 1 1 0 1399 2066 2113 2001
9598 4 3 1 1 0 1180 1207 622 658
9599 4 3 1 1 0 2077 1287 1268 1995
9600 4 3 1 1 0 2195 1751 1792 2223
9601 4 3 1 1 0 127 1207 622 1986
9602 4 3 1 1 0 1986 127 542 622
9603 4 3 1 1 0 585 1488 1499 2158
9604 4 3 1 1 0 2016 2019 1204 2017
9605 4 3 1 1 0 586 602 1205 601
9606 4 3 1 1 0 654 602 601 2015
9607 4 3 1 1 0 1180 2017 2019 1207
9608 4 3 1 1 0 660 602 638 2027
9609 4 3 1 1 0 1688 1687 1697 2211
9610 4 3 1 1 0 2028 660 638 2027
9611 4 3 1 1 0 1969 1313 1142 1305
9612 4 3 1 1 0 654 602 2015 638
9613 4 3 1 1 0 993 1937 1784 1087
9614 4 3 1 1 0 631 1488 570 584
9615 4 3 1 1 0 1225 83 84 308
9616 4 3 1 1 0 1794 1847 1602 2187
9617 4 3 1 1 0 1272 1223 414 312
9618 4 3 1 1 0 1794 1602 1847 1850
9619 4 3 1 1 0 356 392 414 1232
9620 4 3 1 1 0 1227 1223 2040 1221
9621 4 3 1 1 0 1282 1255 997 1289
9622 4 3 1 1 0 1236 1820 1998 1334
9623 4 3 1 1 0 2052 1978 1977 1173
9624 4 3 1 1 0 1898 1723 1200 1899
9625 4 3 1 1 0 1976 2278 1250 917
9626 4 3 1 1 0 1250 1184 1977 1976
9627 4 3 1 1 0 2062 1265 2079 845
9628 4 3 1 1 0 1910 1051 1053 1908
9629 4 3 1 1 0 558 557 559 1262
9630 4 3 1 1 0 2064 2062 871 2061
9631 4 3 1 1 0 2062 903 871 2061
9632 4 3 1 1 0 313 2070 316 1272
9633 4 3 1 1 0 554 547 2045 2046
9634 4 3 1 1 0 1221 1231 1232 2040
9635 4 3 1 1 0 1117 1009 232 1053
9636 4 3 1 1 0 558 1288 610 555
9637 4 3 1 1 0 1439 1454 1882 1479
9638 4 3 1 1 0 1688 1687 2211 1868
9639 4 3 1 1 0 389 1300 316 386
9640 4 3 1 1 0 313 1272 316 389
9641 4 3 1 1 0 1687 1886 2211 1868
9642 4 3 1 1 0 1736 1748 1652 2204
9643 4 3 1 1 0 1510 2076 1511 2027
9644 4 3 1 1 0 1877 1878 1836 1132
9645 4 3 1 1 0 1254 1252 1253 2055
9646 4 3 1 1 0 319 1316 1307 322
9647 4 3 1 1 0 324 320 323 1325
9648 4 3 1 1 0 1187 1324 1302 1305
9649 4 3 1 1 0 1324 1319 1314 1194
9650 4 3 1 1 0 814 1606 1593 1609
9651 4 3 1 1 0 325 341 1264 2084
9652 4 3 1 1 0 1301 1304 1187 1307
9653 4 3 1 1 0 1766 1167 1130 975
9654 4 3 1 1 0 1527 713 1396 776
9655 4 3 1 1 0 1389 415 91 90
9656 4 3 1 1 0 637 609 1456 556
9657 4 3 1 1 0 1644 1128 1141 1765
9658 4 3 1 1 0 2092 1816 995 2120
9659 4 3 1 1 0 1815 1813 995 2092
9660 4 3 1 1 0 1813 1420 1418 2092
9661 4 3 1 1 0 358 365 2059 2050
9662 4 3 1 1 0 432 433 420 2067
9663 4 3 1 1 0 1259 1365 1366 515
9664 4 3 1 1 0 531 1366 515 493
9665 4 3 1 1 0 1795 1630 1628 1669
9666 4 3 1 1 0 1260 1364 439 1397
9667 4 3 1 1 0 1366 515 493 487
9668 4 3 1 1 0 2197 1765 1644 1141
9669 4 3 1 1 0 2101 1244 1367 1366
9670 4 3 1 1 0 984 994 983 1787
9671 4 3 1 1 0 1813 1811 1579 1418
9672 4 3 1 1 0 251 234 977 964
9673 4 3 1 1 0 1574 1572 1937 1809
9674 4 3 1 1 0 1527 694 1545 1518
9675 4 3 1 1 0 1589 1087 1059 1809
9676 4 3 1 1 0 2111 1008 1386 1116
9677 4 3 1 1 0 1795 1628 1630 1783
9678 4 3 1 1 0 1395 741 742 675
9679 4 3 1 1 0 1399 1820 1821 2115
9680 4 3 1 1 0 1190 1820 1399 2115
9681 4 3 1 1 0 2066 1192 2003 2067
9682 4 3 1 1 0 300 2023 406 377
9683 4 3 1 1 0 2105 2008 1999 2116
9684 4 3 1 1 0 2113 1399 2115 2066
9685 4 3 1 1 0 1398 1270 2066 1397
9686 4 3 1 1 0 990 1809 1808 1578
9687 4 3 1 1 0 1669 1630 2179 1808
9688 4 3 1 1 0 1579 1369 1370 1808
9689 4 3 1 1 0 887 852 787 2098
9690 4 3 1 1 0 1545 694 1527 1552
9691 4 3 1 1 0 1842 1701 1706 1172
9692 4 3 1 1 0 608 647 2148 2128
9693 4 3 1 1 0 1748 1763 1735 1733
9694 4 3 1 1 0 1465 2150 1512 1436
9695 4 3 1 1 0 1653 1460 1758 1926
9696 4 3 1 1 0 1521 2088 743 1396
9697 4 3 1 1 0 1433 1443 1453 2126
9698 4 3 1 1 0 2141 1471 2140 1451
9699 4 3 1 1 0 1442 541 1448 2139
9700 4 3 1 1 0 585 1488 2158 584
9701 4 3 1 1 0 1395 1352 482 521
9702 4 3 1 1 0 2145 1101 2146 1463
9703 4 3 1 1 0 1655 1291 1982 1246
9704 4 3 1 1 0 1044 1045 1856 1056
9705 4 3 1 1 0 647 2148 2128 1462
9706 4 3 1 1 0 459 1371 472 1359
9707 4 3 1 1 0 1438 1926 1931 1495
9708 4 3 1 1 0 735 1521 714 1355
9709 4 3 1 1 0 578 572 573 1461
9710 4 3 1 1 0 627 580 639 1496
9711 4 3 1 1 0 2166 1761 1501 1490
9712 4 3 1 1 0 592 625 1962 588
9713 4 3 1 1 0 1503 1351 1263 2229
9714 4 3 1 1 0 1174 1982 1291 1246
9715 4 3 1 1 0 735 1521 1355 2087
9716 4 3 1 1 0 2184 2176 805 1588
9717 4 3 1 1 0 1174 1584 1291 1982
9718 4 3 1 1 0 1622 1627 1061 1632
9719 4 3 1 1 0 1437 1930 1932 1931
9720 4 3 1 1 0 1602 1918 1075 1594
9721 4 3 1 1 0 1437 1932 1930 1500
9722 4 3 1 1 0 1044 1045 1036 1856
9723 4 3 1 1 0 1182 1825 1240 1328
9724 4 3 1 1 0 1828 1328 1800 1673
9725 4 3 1 1 0 1345 1985 1828 1313
9726 4 3 1 1 0 2191 1660 1667 1673
9727 4 3 1 1 0 2190 1611 1609 1833
9728 4 3 1 1 0 966 1507 1501 583
9729 4 3 1 1 0 1956 1930 1932 1500
9730 4 3 1 1 0 1501 1490 1761 1461
9731 4 3 1 1 0 1145 982 1764 1765
9732 4 3 1 1 0 1214 1455 1511 1183
9733 4 3 1 1 0 2094 529 1371 1359
9734 4 3 1 1 0 1145 1150 1144 1764
9735 4 3 1 1 0 1075 1604 1620 1923
9736 4 3 1 1 0 203 1152 1112 1159
9737 4 3 1 1 0 1025 2153 1431 1466
9738 4 3 1 1 0 2109 2110 1706 1422
9739 4 3 1 1 0 1024 935 1431 2153
9740 4 3 1 1 0 2021 1375 1905 1376
9741 4 3 1 1 0 1606 1608 1593 1609
9742 4 3 1 1 0 1397 435 434 436
9743 4 3 1 1 0 1417 1716 1200 1841
9744 4 3 1 1 0 1041 1898 1200 1719
9745 4 3 1 1 0 1779 1778 981 1152
9746 4 3 1 1 0 987 1592 1591 1629
9747 4 3 1 1 0 1820 1714 1821 2115
9748 4 3 1 1 0 1676 1829 1826 998
9749 4 3 1 1 0 1220 2033 1559 1563
9750 4 3 1 1 0 1563 1873 1900 1311
9751 4 3 1 1 0 1348 1967 1965 1302
9752 4 3 1 1 0 1696 1305 1967 1895
9753 4 3 1 1 0 1896 1895 1308 1897
9754 4 3 1 1 0 324 338 385 1303
9755 4 3 1 1 0 1250 157 850 158
9756 4 3 1 1 0 1719 1899 1897 1898
9757 4 3 1 1 0 735 1521 2087 743
9758 4 3 1 1 0 1045 1012 1078 1036
9759 4 3 1 1 0 1046 1044 188 1036
9760 4 3 1 1 0 1078 732 759 674
9761 4 3 1 1 0 235 2259 1082 2275
9762 4 3 1 1 0 1232 2041 1231 1221
9763 4 3 1 1 0 926 1951 164 163
9764 4 3 1 1 0 1580 163 162 788
9765 4 3 1 1 0 735 1521 743 714
9766 4 3 1 1 0 371 1276 412 1278
9767 4 3 1 1 0 1520 1088 1079 760
9768 4 3 1 1 0 1085 90 501 415
9769 4 3 1 1 0 910 1389 90 911
9770 4 3 1 1 0 1520 683 1519 760
9771 4 3 1 1 0 503 1387 1379 2122
9772 4 3 1 1 0 494 535 499 1379
9773 4 3 1 1 0 2130 652 2137 1444
9774 4 3 1 1 0 1444 2151 2152 2132
9775 4 3 1 1 0 2132 124 546 2260
9776 4 3 1 1 0 2151 2149 2152 2132
9777 4 3 1 1 0 680 1088 1519 760
9778 4 3 1 1 0 371 412 1276 376
9779 4 3 1 1 0 683 680 1519 760
9780 4 3 1 1 0 1525 724 1477 777
9781 4 3 1 1 0 2278 299 359 74
9782 4 3 1 1 0 359 307 1250 73
9783 4 3 1 1 0 857 2082 888 896
9784 4 3 1 1 0 1991 2053 1994 2052
9785 4 3 1 1 0 92 1389 1395 522
9786 4 3 1 1 0 936 35 931 1048
9787 4 3 1 1 0 187 1013 1044 268
9788 4 3 1 1 0 174 1056 186 187
9789 4 3 1 1 0 724 1525 725 777
9790 4 3 1 1 0 191 1095 1129 264
9791 4 3 1 1 0 1968 1145 1127 1128
9792 4 3 1 1 0 1031 207 1096 221
9793 4 3 1 1 0 1389 534 492 522
9794 4 3 1 1 0 189 190 1046 266
9795 4 3 1 1 0 1127 1135 1108 262
9796 4 3 1 1 0 1140 205 212 208
9797 4 3 1 1 0 208 1136 215 216
9798 4 3 1 1 0 1359 2094 2095 1378
9799 4 3 1 1 0 1135 201 1136 215
9800 4 3 1 1 0 4 157 2253 73
9801 4 3 1 1 0 307 4 2253 73
9802 4 3 1 1 0 2281 245 180 1067
9803 4 3 1 1 0 498 2241 108 1363
9804 4 3 1 1 0 1947 986 1779 1064
9805 4 3 1 1 0 834 871 2079 845
9806 4 3 1 1 0 235 1077 281 242
9807 4 3 1 1 0 235 2239 55 2275
9808 4 3 1 1 0 195 1134 196 199
9809 4 3 1 1 0 259 1159 198 204
9810 4 3 1 1 0 1781 984 1783 1794
9811 4 3 1 1 0 1134 195 1143 199
9812 4 3 1 1 0 206 1147 260 1120
9813 4 3 1 1 0 1104 1103 169 1954
9814 4 3 1 1 0 1954 1964 27 169
9815 4 3 1 1 0 53 274 2281 2286
9816 4 3 1 1 0 1964 276 28 27
9817 4 3 1 1 0 1951 26 169 1954
9818 4 3 1 1 0 193 1108 1046 266
9819 4 3 1 1 0 1597 1596 1591 1807
9820 4 3 1 1 0 2286 175 1065 2239
9821 4 3 1 1 0 2046 2047 2035 1235
9822 4 3 1 1 0 1068 516 457 471
9823 4 3 1 1 0 1235 1224 2035 2085
9824 4 3 1 1 0 53 274 2286 54
9825 4 3 1 1 0 1113 1466 1509 1505
9826 4 3 1 1 0 1417 1716 1421 1200
9827 4 3 1 1 0 1989 1286 1287 1321
9828 4 3 1 1 0 1290 1342 1335 1995
9829 4 3 1 1 0 2045 305 80 22
9830 4 3 1 1 0 1997 1288 2046 1215
9831 4 3 1 1 0 1070 1383 536 470
9832 4 3 1 1 0 1241 365 347 413
9833 4 3 1 1 0 1241 1193 2048 368
9834 4 3 1 1 0 2048 397 1241 368
9835 4 3 1 1 0 1376 464 448 510
9836 4 3 1 1 0 1617 2181 1607 817
9837 4 3 1 1 0 999 1405 1402 2114
9838 4 3 1 1 0 2061 2062 2056 1186
9839 4 3 1 1 0 2061 903 2056 2062
9840 4 3 1 1 0 1202 1204 2015 656
9841 4 3 1 1 0 536 1383 1070 1109
9842 4 3 1 1 0 1617 2181 817 879
9843 4 3 1 1 0 391 1201 1203 395
9844 4 3 1 1 0 989 1939 1804 1089
9845 4 3 1 1 0 2181 806 1588 807
9846 4 3 1 1 0 2082 888 896 838
9847 4 3 1 1 0 989 1804 1939 1110
9848 4 3 1 1 0 405 412 1256 352
9849 4 3 1 1 0 339 2071 352 340
9850 4 3 1 1 0 97 2256 140 1362
9851 4 3 1 1 0 1394 1393 1003 1425
9852 4 3 1 1 0 97 2256 1362 429
9853 4 3 1 1 0 967 1730 2166 1508
9854 4 3 1 1 0 967 2166 1730 1502
9855 4 3 1 1 0 1418 1409 1408 447
9856 4 3 1 1 0 896 1296 2081 2082
9857 4 3 1 1 0 1070 491 471 470
9858 4 3 1 1 0 1365 1822 1367 1411
9859 4 3 1 1 0 478 1365 531 1367
9860 4 3 1 1 0 479 1364 1372 509
9861 4 3 1 1 0 579 1461 1961 578
9862 4 3 1 1 0 480 1361 1354 495
9863 4 3 1 1 0 1061 1918 1807 1597
9864 4 3 1 1 0 2198 1732 1663 1489
9865 4 3 1 1 0 1732 2198 2161 1489
9866 4 3 1 1 0 1986 1585 918 913
9867 4 3 1 1 0 483 1213 428 486
9868 4 3 1 1 0 2093 1359 2095 1378
9869 4 3 1 1 0 2026 406 2023 350
9870 4 3 1 1 0 483 1210 486 518
9871 4 3 1 1 0 915 1986 918 913
9872 4 3 1 1 0 2101 1367 531 1366
9873 4 3 1 1 0 2101 478 533 531
9874 4 3 1 1 0 478 2101 533 490
9875 4 3 1 1 0 1865 1538 2171 1757
9876 4 3 1 1 0 1365 1366 531 1367
9877 4 3 1 1 0 1123 604 1963 117
9878 4 3 1 1 0 1123 604 117 548
9879 4 3 1 1 0 2248 28 10 117
9880 4 3 1 1 0 1123 604 548 1773
9881 4 3 1 1 0 1123 604 1773 1963
9882 4 3 1 1 0 1492 628 1507 568
9883 4 3 1 1 0 564 563 2157 565
9884 4 3 1 1 0 1492 564 2157 565
9885 4 3 1 1 0 1492 568 564 565
9886 4 3 1 1 0 2151 853 2149 2132
9887 4 3 1 1 0 2171 2227 1865 1757
9888 4 3 1 1 0 618 2125 653 2126
9889 4 3 1 1 0 1781 1783 984 983
9890 4 3 1 1 0 1119 1502 1760 1501
9891 4 3 1 1 0 638 1202 616 2028
9892 4 3 1 1 0 638 1202 2028 2015
9893 4 3 1 1 0 1585 1986 1976 913
9894 4 3 1 1 0 1449 1448 606 641
9895 4 3 1 1 0 1479 1882 1480 1454
9896 4 3 1 1 0 653 2125 618 620
9897 4 3 1 1 0 1122 642 1961 611
9898 4 3 1 1 0 611 1773 650 604
9899 4 3 1 1 0 453 1413 448 452
9900 4 3 1 1 0 28 1123 276 1964
9901 4 3 1 1 0 1256 2044 2012 1231
9902 4 3 1 1 0 410 2044 355 367
9903 4 3 1 1 0 2014 2073 1278 1256
9904 4 3 1 1 0 1123 930 28 117
9905 4 3 1 1 0 1963 117 118 930
9906 4 3 1 1 0 1021 2167 1531 1518
9907 4 3 1 1 0 685 1531 686 684
9908 4 3 1 1 0 685 1531 684 1015
9909 4 3 1 1 0 687 688 1535 686
9910 4 3 1 1 0 1229 1515 703 1349
9911 4 3 1 1 0 2104 111 947 946
9912 4 3 1 1 0 1439 1262 1456 1457
9913 4 3 1 1 0 1454 1883 1511 1455
9914 4 3 1 1 0 1227 1223 2039 2038
9915 4 3 1 1 0 1439 1262 1457 1454
9916 4 3 1 1 0 1450 1514 1887 1476
9917 4 3 1 1 0 1514 704 1476 1450
9918 4 3 1 1 0 111 112 2104 947
9919 4 3 1 1 0 1395 1352 2088 743
9920 4 3 1 1 0 1352 2087 1390 2088
9921 4 3 1 1 0 1527 699 713 776
9922 4 3 1 1 0 699 710 1527 713
9923 4 3 1 1 0 1901 2282 1400 1902
9924 4 3 1 1 0 687 694 1545 691
9925 4 3 1 1 0 111 2104 112 484
9926 4 3 1 1 0 2120 1717 1405 2119
9927 4 3 1 1 0 746 149 2144 1458
9928 4 3 1 1 0 1438 2152 2129 646
9929 4 3 1 1 0 2120 1405 1717 1817
9930 4 3 1 1 0 2148 2150 2149 2129
9931 4 3 1 1 0 2148 647 607 549
9932 4 3 1 1 0 43 1908 42 907
9933 4 3 1 1 0 2150 1464 2129 1436
9934 4 3 1 1 0 1630 1087 1809 990
9935 4 3 1 1 0 176 2287 31 234
9936 4 3 1 1 0 943 1073 945 1922
9937 4 3 1 1 0 1591 2182 2184 2183
9938 4 3 1 1 0 812 2186 809 2185
9939 4 3 1 1 0 991 1617 1665 1380
9940 4 3 1 1 0 820 1616 1604 873
9941 4 3 1 1 0 846 876 901 1350
9942 4 3 1 1 0 1350 1576 876 901
9943 4 3 1 1 0 1373 2051 849 2123
9944 4 3 1 1 0 840 2151 893 854
9945 4 3 1 1 0 840 885 2151 854
9946 4 3 1 1 0 1259 2002 1398 487
9947 4 3 1 1 0 978 2272 2246 176
9948 4 3 1 1 0 243 978 176 964
9949 4 3 1 1 0 251 243 176 964
9950 4 3 1 1 0 857 2082 896 1577
9951 4 3 1 1 0 2001 1259 1398 2113
9952 4 3 1 1 0 1340 1091 2080 1296
9953 4 3 1 1 0 981 1159 1779 1152
9954 4 3 1 1 0 1781 1789 983 984
9955 4 3 1 1 0 986 1057 1065 1062
9956 4 3 1 1 0 1577 857 850 896
9957 4 3 1 1 0 840 2134 860 893
9958 4 3 1 1 0 631 1488 584 1486
9959 4 3 1 1 0 2078 2082 1979 1582
9960 4 3 1 1 0 1212 919 922 923
9961 4 3 1 1 0 99 483 2277 100
9962 4 3 1 1 0 981 1159 1152 1150
9963 4 3 1 1 0 2020 1212 923 2026
9964 4 3 1 1 0 483 2020 2277 2026
9965 4 3 1 1 0 1208 1212 922 923
9966 4 3 1 1 0 849 2123 2051 866
9967 4 3 1 1 0 154 791 1252 155
9968 4 3 1 1 0 495 496 1354 429
9969 4 3 1 1 0 2161 2198 1955 1932
9970 4 3 1 1 0 467 2097 453 530
9971 4 3 1 1 0 976 1120 956 1149
9972 4 3 1 1 0 495 1361 2097 530
9973 4 3 1 1 0 1361 497 1356 530
9974 4 3 1 1 0 1154 963 1096 1155
9975 4 3 1 1 0 570 1485 631 566
9976 4 3 1 1 0 956 1118 1648 1771
9977 4 3 1 1 0 1141 1637 1644 2197
9978 4 3 1 1 0 1972 956 1681 1120
9979 4 3 1 1 0 2221 2218 983 1785
9980 4 3 1 1 0 1118 1681 1120 1121
9981 4 3 1 1 0 98 922 1362 920
9982 4 3 1 1 0 2099 1073 2095 1074
9983 4 3 1 1 0 1922 1574 1073 801
9984 4 3 1 1 0 1732 1484 1738 1485
9985 4 3 1 1 0 1378 993 1574 1073
9986 4 3 1 1 0 2233 526 418 496
9987 4 3 1 1 0 496 418 2233 98
9988 4 3 1 1 0 1851 2110 1165 1802
9989 4 3 1 1 0 1708 2221 994 1158
9990 4 3 1 1 0 1009 1117 232 1139
9991 4 3 1 1 0 1890 1431 1025 1024
9992 4 3 1 1 0 963 1890 1025 1024
9993 4 3 1 1 0 228 218 1030 265
9994 4 3 1 1 0 1693 1696 2207 1685
9995 4 3 1 1 0 1024 249 221 250
9996 4 3 1 1 0 344 1206 330 1216
9997 4 3 1 1 0 1641 1023 1642 2195
9998 4 3 1 1 0 1894 2220 1792 2224
9999 4 3 1 1 0 344 330 1206 407
10000 4 3 1 1 0 2166 966 1507 1501
10001 4 3 1 1 0 2096 1904 1905 1426
10002 4 3 1 1 0 180 1067 278 238
10003 4 3 1 1 0 2096 1905 1904 2021
10004 4 3 1 1 0 1064 1778 1057 986
10005 4 3 1 1 0 224 211 1064 209
10006 4 3 1 1 0 209 1152 1064 1112
10007 4 3 1 1 0 1278 1279 1276 412
10008 4 3 1 1 0 993 1937 1914 1058
10009 4 3 1 1 0 1278 1279 412 1256
10010 4 3 1 1 0 1077 1089 900 1938
10011 4 3 1 1 0 1278 1279 1256 2073
10012 4 3 1 1 0 2183 1938 848 1089
10013 4 3 1 1 0 1278 1279 2073 1276
10014 4 3 1 1 0 1061 1958 1621 1917
10015 4 3 1 1 0 1922 166 165 800
10016 4 3 1 1 0 1374 1801 1921 2103
10017 4 3 1 1 0 279 1032 227 1157
10018 4 3 1 1 0 1360 2090 1362 1280
10019 4 3 1 1 0 2097 467 453 464
10020 4 3 1 1 0 1922 165 166 948
10021 4 3 1 1 0 1972 1970 1166 1639
10022 4 3 1 1 0 214 259 980 260
10023 4 3 1 1 0 956 1119 1681 1771
10024 4 3 1 1 0 1141 1637 1148 1130
10025 4 3 1 1 0 423 498 108 1363
10026 4 3 1 1 0 1705 1165 1171 1137
10027 4 3 1 1 0 1102 1495 1955 1932
10028 4 3 1 1 0 1376 510 1402 2106
10029 4 3 1 1 0 982 1699 1780 1764
10030 4 3 1 1 0 1764 982 1150 1780
10031 4 3 1 1 0 1699 1968 982 1700
10032 4 3 1 1 0 2222 1779 1774 1775
10033 4 3 1 1 0 2222 1779 1151 1776
10034 4 3 1 1 0 1161 959 1679 1163
10035 4 3 1 1 0 1163 1759 1760 1746
10036 4 3 1 1 0 1971 2203 1163 1746
10037 4 3 1 1 0 1163 1759 1746 2203
10038 4 3 1 1 0 2203 1161 1679 1163
10039 4 3 1 1 0 2201 1944 1658 1179
10040 4 3 1 1 0 392 370 2040 408
10041 4 3 1 1 0 1652 1661 1685 2207
10042 4 3 1 1 0 2198 1956 1489 1177
10043 4 3 1 1 0 1193 1343 1241 1238
10044 4 3 1 1 0 2226 1557 1863 1868
10045 4 3 1 1 0 1344 348 1193 1239
10046 4 3 1 1 0 1338 393 1191 1344
10047 4 3 1 1 0 953 949 952 2144
10048 4 3 1 1 0 1239 347 1193 1241
10049 4 3 1 1 0 347 1239 1193 348
10050 4 3 1 1 0 949 1224 952 2144
10051 4 3 1 1 0 1270 2105 1402 2106
10052 4 3 1 1 0 1402 1270 2106 437
10053 4 3 1 1 0 1212 1333 1280 922
10054 4 3 1 1 0 2116 2230 1331 1899
10055 4 3 1 1 0 1867 1546 1551 1863
10056 4 3 1 1 0 2008 2010 2020 1197
10057 4 3 1 1 0 1066 1778 1057 1152
10058 4 3 1 1 0 1869 1551 1867 1546
10059 4 3 1 1 0 1222 2030 1235 1224
10060 4 3 1 1 0 1145 1135 197 982
10061 4 3 1 1 0 308 297 1224 83
10062 4 3 1 1 0 1234 1233 1235 2030
10063 4 3 1 1 0 1261 2085 1222 1235
10064 4 3 1 1 0 2000 348 401 2048
10065 4 3 1 1 0 424 101 493 1249
10066 4 3 1 1 0 361 2000 401 2048
10067 4 3 1 1 0 1435 1509 1025 1466
10068 4 3 1 1 0 303 361 2048 2049
10069 4 3 1 1 0 1066 1778 1152 981
10070 4 3 1 1 0 408 2044 1257 355
10071 4 3 1 1 0 1150 1145 197 982
10072 4 3 1 1 0 2208 1730 2205 1729
10073 4 3 1 1 0 2208 2205 1730 2206
10074 4 3 1 1 0 412 1278 1256 352
10075 4 3 1 1 0 391 1203 1298 2036
10076 4 3 1 1 0 1483 1484 2156 1481
10077 4 3 1 1 0 1327 314 1298 2068
10078 4 3 1 1 0 875 1609 814 821
10079 4 3 1 1 0 822 1617 1609 817
10080 4 3 1 1 0 2177 1575 1576 1833
10081 4 3 1 1 0 1483 1484 1481 1732
10082 4 3 1 1 0 419 2241 107 498
10083 4 3 1 1 0 1182 1825 1328 1285
10084 4 3 1 1 0 846 1350 901 890
10085 4 3 1 1 0 1258 350 335 380
10086 4 3 1 1 0 319 1316 322 382
10087 4 3 1 1 0 315 2070 2068 2084
10088 4 3 1 1 0 319 1316 382 1314
10089 4 3 1 1 0 1301 1327 2068 2084
10090 4 3 1 1 0 1327 1990 1264 2084
10091 4 3 1 1 0 387 341 325 2084
10092 4 3 1 1 0 1066 1778 981 985
10093 4 3 1 1 0 2134 1444 2133 2132
10094 4 3 1 1 0 1331 2008 1197 2230
10095 4 3 1 1 0 2225 1799 1800 1195
10096 4 3 1 1 0 1968 1145 982 1135
10097 4 3 1 1 0 2153 115 116 935
10098 4 3 1 1 0 1778 1782 1779 1151
10099 4 3 1 1 0 324 320 1325 1306
10100 4 3 1 1 0 1821 1826 1824 1676
10101 4 3 1 1 0 1830 1330 1329 1331
10102 4 3 1 1 0 1197 1330 1211 1258
10103 4 3 1 1 0 1779 1782 1778 986
10104 4 3 1 1 0 698 699 1552 714
10105 4 3 1 1 0 2109 2110 1422 1419
10106 4 3 1 1 0 443 1409 508 447
10107 4 3 1 1 0 461 2118 1372 1410
10108 4 3 1 1 0 1433 2154 1513 2143
10109 4 3 1 1 0 865 2107 787 1379
10110 4 3 1 1 0 1816 1372 1410 1387
10111 4 3 1 1 0 2100 1811 1371 1418
10112 4 3 1 1 0 2100 1811 1418 1579
10113 4 3 1 1 0 503 473 1368 525
10114 4 3 1 1 0 415 534 1389 522
10115 4 3 1 1 0 1828 1328 1673 1335
10116 4 3 1 1 0 1902 2282 142 1049
10117 4 3 1 1 0 1392 1521 2088 2087
10118 4 3 1 1 0 1561 2168 1392 1019
10119 4 3 1 1 0 1364 2118 1409 1403
10120 4 3 1 1 0 1399 1821 1237 2115
10121 4 3 1 1 0 1415 1069 1408 449
10122 4 3 1 1 0 1867 1020 1555 1869
10123 4 3 1 1 0 126 2135 918 2137
10124 4 3 1 1 0 1967 1305 1740 1346
10125 4 3 1 1 0 1575 1060 1609 2190
10126 4 3 1 1 0 959 1972 1681 1162
10127 4 3 1 1 0 2136 2137 2133 1445
10128 4 3 1 1 0 1180 1987 2165 617
10129 4 3 1 1 0 2130 652 1444 595
10130 4 3 1 1 0 1571 1076 1512 1463
10131 4 3 1 1 0 792 161 867 1463
10132 4 3 1 1 0 1156 1140 1853 1780
10133 4 3 1 1 0 2148 549 121 2250
10134 4 3 1 1 0 1328 1673 998 1800
10135 4 3 1 1 0 1580 1101 1571 1463
10136 4 3 1 1 0 647 608 2148 607
10137 4 3 1 1 0 1685 1652 1663 1661
10138 4 3 1 1 0 1737 1882 1470 2209
10139 4 3 1 1 0 1516 718 1476 705
10140 4 3 1 1 0 1476 1516 705 1514
10141 4 3 1 1 0 705 704 718 1476
10142 4 3 1 1 0 1514 704 705 1476
10143 4 3 1 1 0 1492 628 568 565
10144 4 3 1 1 0 1226 1218 2031 2030
10145 4 3 1 1 0 2157 1492 565 1490
10146 4 3 1 1 0 2162 2157 565 1490
10147 4 3 1 1 0 1332 371 339 1278
10148 4 3 1 1 0 2027 632 2158 1486
10149 4 3 1 1 0 2162 2157 566 565
10150 4 3 1 1 0 2169 1534 1538 1862
10151 4 3 1 1 0 577 1487 1488 570
10152 4 3 1 1 0 1516 2033 1219 1517
10153 4 3 1 1 0 151 730 663 1243
10154 4 3 1 1 0 2046 1215 547 2045
10155 4 3 1 1 0 2046 547 1215 610
10156 4 3 1 1 0 400 336 1271 349
10157 4 3 1 1 0 748 711 1281 722
10158 4 3 1 1 0 722 738 723 1530
10159 4 3 1 1 0 711 1018 722 712
10160 4 3 1 1 0 1202 1204 1214 2015
10161 4 3 1 1 0 1802 1032 1957 1157
10162 4 3 1 1 0 1957 1007 1802 1157
10163 4 3 1 1 0 1547 1535 691 1544
10164 4 3 1 1 0 901 2055 890 1350
10165 4 3 1 1 0 1531 1869 1535 1545
10166 4 3 1 1 0 1160 959 1162 1679
10167 4 3 1 1 0 2087 1392 2091 1390
10168 4 3 1 1 0 2167 1546 1536 1531
10169 4 3 1 1 0 1168 1910 517 1085
10170 4 3 1 1 0 1514 1866 1557 1562
10171 4 3 1 1 0 1457 1467 1034 1219
10172 4 3 1 1 0 1354 1384 738 2090
10173 4 3 1 1 0 2140 609 641 1449
10174 4 3 1 1 0 1467 1449 1440 1476
10175 4 3 1 1 0 1557 1692 2211 1868
10176 4 3 1 1 0 1589 987 1059 1592
10177 4 3 1 1 0 1354 738 1384 767
10178 4 3 1 1 0 2164 2166 966 1507
10179 4 3 1 1 0 881 2182 2184 808
10180 4 3 1 1 0 2164 966 2166 1504
10181 4 3 1 1 0 808 807 1588 805
10182 4 3 1 1 0 1432 2154 1513 1433
10183 4 3 1 1 0 883 887 2102 855
10184 4 3 1 1 0 1332 371 380 339
10185 4 3 1 1 0 2184 2176 1588 1572
10186 4 3 1 1 0 988 1628 1610 1595
10187 4 3 1 1 0 1590 1588 1586 1628
10188 4 3 1 1 0 988 1590 1586 1628
10189 4 3 1 1 0 810 817 2181 879
10190 4 3 1 1 0 1065 1089 1077 1804
10191 4 3 1 1 0 1617 2178 879 880
10192 4 3 1 1 0 1606 819 874 1601
10193 4 3 1 1 0 815 818 873 1604
10194 4 3 1 1 0 1332 402 380 371
10195 4 3 1 1 0 1006 994 1708 1788
10196 4 3 1 1 0 1090 1618 1979 1615
10197 4 3 1 1 0 975 955 1768 1133
10198 4 3 1 1 0 1601 1603 1923 1605
10199 4 3 1 1 0 1984 2201 1941 1179
10200 4 3 1 1 0 1943 2064 1091 1296
10201 4 3 1 1 0 370 1227 2038 2040
10202 4 3 1 1 0 829 1266 2080 1619
10203 4 3 1 1 0 829 2080 834 825
10204 4 3 1 1 0 1394 1386 1425 1416
10205 4 3 1 1 0 1646 1845 1654 1735
10206 4 3 1 1 0 1311 1310 2007 1274
10207 4 3 1 1 0 972 1746 1654 1735
10208 4 3 1 1 0 1161 2203 1679 1635
10209 4 3 1 1 0 1140 1150 197 982
10210 4 3 1 1 0 1759 2203 1633 1646
10211 4 3 1 1 0 2203 1759 1746 1646
10212 4 3 1 1 0 1894 1837 2224 1836
10213 4 3 1 1 0 1300 1304 317 385
10214 4 3 1 1 0 1314 1307 1187 1304
10215 4 3 1 1 0 900 1920 1089 1065
10216 4 3 1 1 0 198 1159 203 204
10217 4 3 1 1 0 1658 1656 2201 1177
10218 4 3 1 1 0 1428 1388 1387 1429
10219 4 3 1 1 0 1388 1367 1411 1387
10220 4 3 1 1 0 1971 1679 2203 1680
10221 4 3 1 1 0 1971 1679 1680 1972
10222 4 3 1 1 0 203 1159 198 1150
10223 4 3 1 1 0 1304 1306 317 385
10224 4 3 1 1 0 1971 1679 1972 1163
10225 4 3 1 1 0 1971 1679 1163 2203
10226 4 3 1 1 0 1738 1739 969 1663
10227 4 3 1 1 0 1693 1696 1685 1694
10228 4 3 1 1 0 1973 1165 1706 2110
10229 4 3 1 1 0 16 101 424 1249
10230 4 3 1 1 0 1411 958 1671 1816
10231 4 3 1 1 0 66 298 1242 397
10232 4 3 1 1 0 1663 1739 1661 2201
10233 4 3 1 1 0 689 688 1544 690
10234 4 3 1 1 0 2109 1842 1852 1706
10235 4 3 1 1 0 1375 1722 1421 1905
10236 4 3 1 1 0 1553 1835 1020 1721
10237 4 3 1 1 0 1236 1824 1820 1334
10238 4 3 1 1 0 1316 1287 1336 337
10239 4 3 1 1 0 1662 1956 2198 1177
10240 4 3 1 1 0 2198 1956 1662 1650
10241 4 3 1 1 0 1843 1703 1835 1423
10242 4 3 1 1 0 964 243 976 251
10243 4 3 1 1 0 657 2272 538 1725
10244 4 3 1 1 0 2287 964 977 234
10245 4 3 1 1 0 31 234 2287 32
10246 4 3 1 1 0 1798 1735 1848 1786
10247 4 3 1 1 0 1745 1735 970 1747
10248 4 3 1 1 0 1798 1735 1786 1749
10249 4 3 1 1 0 2198 1656 1662 1177
10250 4 3 1 1 0 1089 848 884 900
10251 4 3 1 1 0 2204 1687 1684 1683
10252 4 3 1 1 0 1147 1134 199 1144
10253 4 3 1 1 0 1645 1728 1640 970
10254 4 3 1 1 0 1747 1877 1751 1132
10255 4 3 1 1 0 2048 397 368 303
10256 4 3 1 1 0 1735 1763 1654 972
10257 4 3 1 1 0 1745 2223 1744 1750
10258 4 3 1 1 0 1680 1159 1776 1144
10259 4 3 1 1 0 1657 1662 1651 1650
10260 4 3 1 1 0 2040 2270 1227 1228
10261 4 3 1 1 0 591 575 576 1494
10262 4 3 1 1 0 1791 1788 984 1796
10263 4 3 1 1 0 2040 2244 2270 1228
10264 4 3 1 1 0 1497 2217 1506 1494
10265 4 3 1 1 0 1506 1435 1509 971
10266 4 3 1 1 0 818 1604 1601 1615
10267 4 3 1 1 0 1487 627 1495 1491
10268 4 3 1 1 0 1653 1758 1102 1926
10269 4 3 1 1 0 956 1118 1120 976
10270 4 3 1 1 0 884 2183 1919 906
10271 4 3 1 1 0 184 275 979 236
10272 4 3 1 1 0 1604 818 813 815
10273 4 3 1 1 0 1201 1183 1298 1203
10274 4 3 1 1 0 1472 1725 1771 1648
10275 4 3 1 1 0 1201 1298 1183 1327
10276 4 3 1 1 0 197 1144 196 1145
10277 4 3 1 1 0 1778 1153 2221 1151
10278 4 3 1 1 0 1744 1764 1151 2219
10279 4 3 1 1 0 259 1147 1144 980
10280 4 3 1 1 0 884 2183 906 848
10281 4 3 1 1 0 1639 1970 1166 1148
10282 4 3 1 1 0 1134 196 1144 1145
10283 4 3 1 1 0 1414 1412 1415 1814
10284 4 3 1 1 0 2220 1005 1698 1792
10285 4 3 1 1 0 1750 1789 1786 1791
10286 4 3 1 1 0 1169 1948 1025 963
10287 4 3 1 1 0 1814 1006 1852 1812
10288 4 3 1 1 0 1944 1658 1659 2200
10289 4 3 1 1 0 1660 1664 1666 1674
10290 4 3 1 1 0 1075 1601 1605 1594
10291 4 3 1 1 0 120 161 1463 929
10292 4 3 1 1 0 1660 1677 1674 1666
10293 4 3 1 1 0 1771 979 1122 1772
10294 4 3 1 1 0 1806 1845 1632 1633
10295 4 3 1 1 0 162 1580 1463 929
10296 4 3 1 1 0 1789 983 2218 1785
10297 4 3 1 1 0 453 1413 1394 1375
10298 4 3 1 1 0 1158 1784 1106 985
10299 4 3 1 1 0 1827 1659 2202 1179
10300 4 3 1 1 0 1121 959 1772 1681
10301 4 3 1 1 0 448 1413 1375 1376
10302 4 3 1 1 0 2121 1413 1375 1394
10303 4 3 1 1 0 2121 1375 1413 1376
10304 4 3 1 1 0 2116 2008 1999 1331
10305 4 3 1 1 0 1240 2005 1320 1314
10306 4 3 1 1 0 1897 1329 1830 2004
10307 4 3 1 1 0 1319 2005 1194 1326
10308 4 3 1 1 0 1799 1797 1002 1686
10309 4 3 1 1 0 1612 1823 1659 1660
10310 4 3 1 1 0 1668 1797 1002 1799
10311 4 3 1 1 0 1691 1565 1742 1219
10312 4 3 1 1 0 1870 1020 1836 1867
10313 4 3 1 1 0 2210 1742 1565 1965
10314 4 3 1 1 0 1837 1796 1791 1002
10315 4 3 1 1 0 1632 1845 1807 1762
10316 4 3 1 1 0 1847 1798 1848 1786
10317 4 3 1 1 0 1847 1794 1786 1781
10318 4 3 1 1 0 1645 1728 970 1735
10319 4 3 1 1 0 972 1728 1746 1735
10320 4 3 1 1 0 1250 1977 398 359
10321 4 3 1 1 0 398 1977 1250 1991
10322 4 3 1 1 0 1139 1108 1081 961
10323 4 3 1 1 0 1193 348 2048 368
10324 4 3 1 1 0 1036 1037 1012 1042
10325 4 3 1 1 0 1137 1139 1009 961
10326 4 3 1 1 0 1135 1108 1139 1700
10327 4 3 1 1 0 247 1043 241 1909
10328 4 3 1 1 0 1040 1864 1881 1861
10329 4 3 1 1 0 2212 1710 1536 1040
10330 4 3 1 1 0 1627 1076 1622 1600
10331 4 3 1 1 0 1532 685 754 1862
10332 4 3 1 1 0 1531 1534 1536 1519
10333 4 3 1 1 0 1925 1622 1076 1600
10334 4 3 1 1 0 1711 1718 1002 962
10335 4 3 1 1 0 1870 1546 1867 1863
10336 4 3 1 1 0 1544 690 1548 692
10337 4 3 1 1 0 1898 1277 1903 1899
10338 4 3 1 1 0 1886 1867 1028 1878
10339 4 3 1 1 0 1898 1277 1899 1337
10340 4 3 1 1 0 1881 1752 1753 1877
10341 4 3 1 1 0 1878 1028 1836 1867
10342 4 3 1 1 0 1903 1905 2021 1904
10343 4 3 1 1 0 1684 1880 1753 1877
10344 4 3 1 1 0 1683 1132 1878 1684
10345 4 3 1 1 0 1903 2021 1905 1899
10346 4 3 1 1 0 2146 1580 1101 1478
10347 4 3 1 1 0 1154 1031 1149 1096
10348 4 3 1 1 0 1301 1327 2069 2068
10349 4 3 1 1 0 1297 1996 1741 1189
10350 4 3 1 1 0 361 2049 2002 2048
10351 4 3 1 1 0 1680 1774 1159 980
10352 4 3 1 1 0 1010 1108 1046 1854
10353 4 3 1 1 0 1036 1037 1010 1046
10354 4 3 1 1 0 189 188 1046 190
10355 4 3 1 1 0 1774 2222 1680 1776
10356 4 3 1 1 0 1891 1037 1036 1046
10357 4 3 1 1 0 2169 1862 1533 1015
10358 4 3 1 1 0 2176 1588 806 805
10359 4 3 1 1 0 1160 1121 230 1162
10360 4 3 1 1 0 806 1588 2176 2178
10361 4 3 1 1 0 1352 1353 422 489
10362 4 3 1 1 0 1840 1791 1797 1686
10363 4 3 1 1 0 712 1050 723 1550
10364 4 3 1 1 0 1901 1522 1902 1523
10365 4 3 1 1 0 466 1377 476 2112
10366 4 3 1 1 0 177 1888 1032 1889
10367 4 3 1 1 0 466 2112 476 477
10368 4 3 1 1 0 1254 1252 2055 2054
10369 4 3 1 1 0 1266 1575 1350 1915
10370 4 3 1 1 0 539 2266 78 2249
10371 4 3 1 1 0 1265 1266 1350 1915
10372 4 3 1 1 0 2177 1832 1283 1000
10373 4 3 1 1 0 484 426 1889 112
10374 4 3 1 1 0 213 1071 226 992
10375 4 3 1 1 0 19 49 1889 112
10376 4 3 1 1 0 985 993 1801 992
10377 4 3 1 1 0 975 1129 1133 1768
10378 4 3 1 1 0 12 2250 161 792
10379 4 3 1 1 0 161 2250 12 120
10380 4 3 1 1 0 1390 521 489 1352
10381 4 3 1 1 0 1059 986 1805 1062
10382 4 3 1 1 0 1390 489 521 532
10383 4 3 1 1 0 886 870 794 1251
10384 4 3 1 1 0 2045 363 360 305
10385 4 3 1 1 0 1953 1099 1111 1114
10386 4 3 1 1 0 1077 1082 1946 989
10387 4 3 1 1 0 1093 1099 1946 281
10388 4 3 1 1 0 1077 1093 1946 281
10389 4 3 1 1 0 2000 361 2002 2048
10390 4 3 1 1 0 1082 1077 1946 281
10391 4 3 1 1 0 2045 360 363 1215
10392 4 3 1 1 0 1200 1566 1721 1723
10393 4 3 1 1 0 1655 1981 1649 1177
10394 4 3 1 1 0 1931 1437 1495 1932
10395 4 3 1 1 0 2081 794 886 850
10396 4 3 1 1 0 1219 1222 1467 1243
10397 4 3 1 1 0 1243 1467 2144 1222
10398 4 3 1 1 0 347 1239 348 334
10399 4 3 1 1 0 480 1361 495 497
10400 4 3 1 1 0 2169 1534 1862 1015
10401 4 3 1 1 0 1687 1693 1694 1886
10402 4 3 1 1 0 2030 1219 1234 1218
10403 4 3 1 1 0 1218 1965 1565 1742
10404 4 3 1 1 0 1878 1836 1686 1720
10405 4 3 1 1 0 896 1296 2082 838
10406 4 3 1 1 0 1736 969 1732 1682
10407 4 3 1 1 0 1305 2004 1324 1895
10408 4 3 1 1 0 1823 1624 1612 2199
10409 4 3 1 1 0 1967 1305 1324 1895
10410 4 3 1 1 0 2199 1823 1624 1827
10411 4 3 1 1 0 1184 1976 1173 1977
10412 4 3 1 1 0 916 1986 914 915
10413 4 3 1 1 0 916 1986 915 913
10414 4 3 1 1 0 914 75 1975 916
10415 4 3 1 1 0 1978 75 1975 914
10416 4 3 1 1 0 1216 1183 1264 1201
10417 4 3 1 1 0 1978 76 914 1207
10418 4 3 1 1 0 1318 1336 384 383
10419 4 3 1 1 0 1993 384 1336 343
10420 4 3 1 1 0 383 1318 329 384
10421 4 3 1 1 0 1994 409 384 354
10422 4 3 1 1 0 1013 1095 1857 1859
10423 4 3 1 1 0 1248 1247 1245 345
10424 4 3 1 1 0 1239 347 332 334
10425 4 3 1 1 0 1424 1008 1561 1423
10426 4 3 1 1 0 65 66 1249 397
10427 4 3 1 1 0 1625 1285 1335 1673
10428 4 3 1 1 0 2077 1289 1186 2058
10429 4 3 1 1 0 1673 1625 1916 2191
10430 4 3 1 1 0 2077 1268 2058 1186
10431 4 3 1 1 0 1897 1711 1195 1826
10432 4 3 1 1 0 1998 1820 1830 1326
10433 4 3 1 1 0 1998 1830 2005 1326
10434 4 3 1 1 0 1713 1826 1829 1711
10435 4 3 1 1 0 1195 2004 1826 1800
10436 4 3 1 1 0 2070 1304 317 1300
10437 4 3 1 1 0 1673 1625 2191 1823
10438 4 3 1 1 0 1223 392 2040 1232
10439 4 3 1 1 0 1311 1274 1257 1310
10440 4 3 1 1 0 1232 2041 1221 1966
10441 4 3 1 1 0 1222 1234 1219 1457
10442 4 3 1 1 0 1673 1625 1823 1335
10443 4 3 1 1 0 1424 1561 1008 1039
10444 4 3 1 1 0 344 1204 1216 403
10445 4 3 1 1 0 2052 1245 1188 2053
10446 4 3 1 1 0 1245 2052 1188 1206
10447 4 3 1 1 0 1174 2019 1178 1188
10448 4 3 1 1 0 1245 1178 1248 1206
10449 4 3 1 1 0 388 341 1201 351
10450 4 3 1 1 0 2038 309 308 364
10451 4 3 1 1 0 2038 309 364 2031
10452 4 3 1 1 0 2042 2043 2013 1529
10453 4 3 1 1 0 1873 2013 1529 2042
10454 4 3 1 1 0 1563 1873 1311 1529
10455 4 3 1 1 0 1965 1297 1273 1299
10456 4 3 1 1 0 1348 1965 1563 1273
10457 4 3 1 1 0 1008 1561 1423 1843
10458 4 3 1 1 0 1707 1008 1561 1039
10459 4 3 1 1 0 1707 1561 1008 1843
10460 4 3 1 1 0 2123 1388 1429 1832
10461 4 3 1 1 0 1252 939 1244 940
10462 4 3 1 1 0 1892 1008 1039 1424
10463 4 3 1 1 0 49 2104 1889 112
10464 4 3 1 1 0 942 66 939 1242
10465 4 3 1 1 0 1254 2050 1244 1252
10466 4 3 1 1 0 1892 1008 1424 1116
10467 4 3 1 1 0 1292 1822 1284 1388
10468 4 3 1 1 0 2050 1254 1255 2059
10469 4 3 1 1 0 846 2057 1350 890
10470 4 3 1 1 0 411 2063 2065 369
10471 4 3 1 1 0 784 2064 871 2061
10472 4 3 1 1 0 1268 411 2061 2065
10473 4 3 1 1 0 1828 1328 1335 1322
10474 4 3 1 1 0 1903 1280 2021 2230
10475 4 3 1 1 0 1312 1310 2072 2071
10476 4 3 1 1 0 1329 1330 2006 1337
10477 4 3 1 1 0 1337 1277 1312 2072
10478 4 3 1 1 0 1529 1311 1257 2072
10479 4 3 1 1 0 1311 1310 1257 2072
10480 4 3 1 1 0 2080 835 1265 1266
10481 4 3 1 1 0 2064 2062 2079 871
10482 4 3 1 1 0 829 2080 1266 835
10483 4 3 1 1 0 1294 1265 2079 1267
10484 4 3 1 1 0 2070 1300 317 316
10485 4 3 1 1 0 1989 1286 1321 1182
10486 4 3 1 1 0 738 1530 2090 1384
10487 4 3 1 1 0 1375 1421 2121 1394
10488 4 3 1 1 0 1355 1384 1426 1876
10489 4 3 1 1 0 1375 1421 1394 1356
10490 4 3 1 1 0 1811 1418 1357 1371
10491 4 3 1 1 0 2021 1280 1903 1904
10492 4 3 1 1 0 1586 1669 1628 2179
10493 4 3 1 1 0 1586 1669 2179 991
10494 4 3 1 1 0 491 426 520 1889
10495 4 3 1 1 0 990 1087 1809 1574
10496 4 3 1 1 0 1165 1138 1957 1936
10497 4 3 1 1 0 1996 1273 1226 1297
10498 4 3 1 1 0 449 457 1419 1069
10499 4 3 1 1 0 1310 1274 356 386
10500 4 3 1 1 0 1851 1165 1137 1007
10501 4 3 1 1 0 1304 2070 317 1307
10502 4 3 1 1 0 1389 1395 492 1391
10503 4 3 1 1 0 1996 1273 1272 1226
10504 4 3 1 1 0 377 2025 61 300
10505 4 3 1 1 0 1588 807 809 2181
10506 4 3 1 1 0 2004 1329 1830 1326
10507 4 3 1 1 0 1670 2119 996 1667
10508 4 3 1 1 0 1739 1317 1980 1263
10509 4 3 1 1 0 1818 995 2120 1815
10510 4 3 1 1 0 2025 2026 61 300
10511 4 3 1 1 0 1707 1709 1704 961
10512 4 3 1 1 0 2123 899 837 866
10513 4 3 1 1 0 1141 1637 1130 1644
10514 4 3 1 1 0 104 18 427 2254
10515 4 3 1 1 0 1933 2155 1033 1072
10516 4 3 1 1 0 581 2131 582 595
10517 4 3 1 1 0 1072 1934 1933 1084
10518 4 3 1 1 0 2132 123 124 853
10519 4 3 1 1 0 2152 652 1444 2132
10520 4 3 1 1 0 636 2086 543 2144
10521 4 3 1 1 0 597 2140 2139 2141
10522 4 3 1 1 0 2257 133 606 134
10523 4 3 1 1 0 1933 2155 1072 1477
10524 4 3 1 1 0 2144 131 2085 543
10525 4 3 1 1 0 1617 2178 880 991
10526 4 3 1 1 0 596 621 2137 652
10527 4 3 1 1 0 646 2131 582 1438
10528 4 3 1 1 0 1464 1438 2129 1436
10529 4 3 1 1 0 1933 777 1072 1084
10530 4 3 1 1 0 1708 2219 1699 1698
10531 4 3 1 1 0 626 1498 577 581
10532 4 3 1 1 0 631 1488 1486 1485
10533 4 3 1 1 0 1699 2219 1708 1156
10534 4 3 1 1 0 680 1015 1519 1115
10535 4 3 1 1 0 688 687 1535 691
10536 4 3 1 1 0 2167 1869 1531 1545
10537 4 3 1 1 0 1547 1535 1544 1017
10538 4 3 1 1 0 2174 1549 2173 1551
10539 4 3 1 1 0 2172 1873 1549 1548
10540 4 3 1 1 0 721 774 1526 724
10541 4 3 1 1 0 2172 1528 1873 1548
10542 4 3 1 1 0 1526 774 721 1570
10543 4 3 1 1 0 163 1950 164 868
10544 4 3 1 1 0 1924 1600 1076 1627
10545 4 3 1 1 0 2181 806 807 879
10546 4 3 1 1 0 1618 1923 1615 1603
10547 4 3 1 1 0 1583 824 1979 1615
10548 4 3 1 1 0 1618 1612 1605 1603
10549 4 3 1 1 0 1650 1763 1849 1651
10550 4 3 1 1 0 1979 824 1581 1615
10551 4 3 1 1 0 1749 1750 1786 1791
10552 4 3 1 1 0 1786 1790 1749 1791
10553 4 3 1 1 0 1600 1613 1925 1622
10554 4 3 1 1 0 1766 1641 1642 1130
10555 4 3 1 1 0 1600 1599 1613 1622
10556 4 3 1 1 0 427 1381 105 499
10557 4 3 1 1 0 1605 1923 1618 1603
10558 4 3 1 1 0 810 1590 2181 1593
10559 4 3 1 1 0 484 426 524 1889
10560 4 3 1 1 0 1739 1346 1263 1690
10561 4 3 1 1 0 969 1694 1685 1884
10562 4 3 1 1 0 1263 1346 1739 1317
10563 4 3 1 1 0 1778 985 1057 1058
10564 4 3 1 1 0 1374 1801 2103 2104
10565 4 3 1 1 0 1870 1040 1871 1536
10566 4 3 1 1 0 1549 1555 1869 1867
10567 4 3 1 1 0 1020 1894 1703 1871
10568 4 3 1 1 0 1748 1657 1736 1652
10569 4 3 1 1 0 1894 1718 1703 1837
10570 4 3 1 1 0 1508 1636 1509 1504
10571 4 3 1 1 0 1751 1750 1749 1791
10572 4 3 1 1 0 1752 970 2196 1637
10573 4 3 1 1 0 1369 1671 1380 991
10574 4 3 1 1 0 1637 1752 2195 2196
10575 4 3 1 1 0 1508 1509 1636 971
10576 4 3 1 1 0 1687 1683 1878 1684
10577 4 3 1 1 0 1798 1735 1749 1763
10578 4 3 1 1 0 1510 1480 562 1484
10579 4 3 1 1 0 1921 1802 1888 1068
10580 4 3 1 1 0 1644 2197 2223 1765
10581 4 3 1 1 0 1510 562 1480 2076
10582 4 3 1 1 0 1753 1752 1684 1877
10583 4 3 1 1 0 1695 1720 1872 1886
10584 4 3 1 1 0 1692 2170 2226 1557
10585 4 3 1 1 0 1688 1692 2226 1868
10586 4 3 1 1 0 1026 1692 2226 1688
10587 4 3 1 1 0 1687 1688 2226 1868
10588 4 3 1 1 0 1867 1872 1720 1886
10589 4 3 1 1 0 1720 1693 1886 1695
10590 4 3 1 1 0 1677 1675 1799 1797
10591 4 3 1 1 0 1218 1965 1273 1563
10592 4 3 1 1 0 931 1431 1072 1048
10593 4 3 1 1 0 548 2280 29 2248
10594 4 3 1 1 0 640 2280 624 548
10595 4 3 1 1 0 1123 930 117 1963
10596 4 3 1 1 0 969 1739 1740 1685
10597 4 3 1 1 0 25 1951 26 255
10598 4 3 1 1 0 2255 35 172 1048
10599 4 3 1 1 0 1740 1739 969 1690
10600 4 3 1 1 0 1009 1709 961 1081
10601 4 3 1 1 0 1270 2066 1269 2067
10602 4 3 1 1 0 432 2002 431 487
10603 4 3 1 1 0 2026 375 300 406
10604 4 3 1 1 0 1675 2119 958 1667
10605 4 3 1 1 0 1093 209 1064 1112
10606 4 3 1 1 0 429 2284 480 96
10607 4 3 1 1 0 1675 2119 1667 1676
10608 4 3 1 1 0 728 1353 668 735
10609 4 3 1 1 0 171 2264 1105 50
10610 4 3 1 1 0 2104 1073 946 943
10611 4 3 1 1 0 2104 49 254 50
10612 4 3 1 1 0 1804 986 1064 1065
10613 4 3 1 1 0 554 2035 130 2085
10614 4 3 1 1 0 1035 1912 1934 1048
10615 4 3 1 1 0 1127 1141 1128 1145
10616 4 3 1 1 0 1141 1129 1127 1854
10617 4 3 1 1 0 163 1950 868 788
10618 4 3 1 1 0 1127 1141 1145 1134
10619 4 3 1 1 0 161 1463 162 867
10620 4 3 1 1 0 1141 1127 1129 1134
10621 4 3 1 1 0 1922 52 51 238
10622 4 3 1 1 0 1057 1914 1063 278
10623 4 3 1 1 0 1631 1927 1097 1098
10624 4 3 1 1 0 239 171 1063 277
10625 4 3 1 1 0 1066 1071 992 985
10626 4 3 1 1 0 1779 1152 1159 1112
10627 4 3 1 1 0 1017 1567 1553 1555
10628 4 3 1 1 0 1127 1135 262 1145
10629 4 3 1 1 0 1162 230 220 231
10630 4 3 1 1 0 222 206 261 1120
10631 4 3 1 1 0 1927 989 1938 1097
10632 4 3 1 1 0 766 1227 1228 737
10633 4 3 1 1 0 286 1118 261 1121
10634 4 3 1 1 0 259 1147 980 260
10635 4 3 1 1 0 1349 1228 1221 1227
10636 4 3 1 1 0 978 1770 1771 979
10637 4 3 1 1 0 1162 230 231 1121
10638 4 3 1 1 0 959 1678 1772 1164
10639 4 3 1 1 0 655 644 1113 1466
10640 4 3 1 1 0 644 655 1113 600
10641 4 3 1 1 0 2172 1873 1018 1566
10642 4 3 1 1 0 279 1109 1157 248
10643 4 3 1 1 0 279 1109 248 173
10644 4 3 1 1 0 207 1031 1096 1149
10645 4 3 1 1 0 1879 1513 1647 1432
10646 4 3 1 1 0 517 1086 481 425
10647 4 3 1 1 0 89 2 44 2279
10648 4 3 1 1 0 644 1466 2153 1113
10649 4 3 1 1 0 644 977 1113 2153
10650 4 3 1 1 0 181 253 289 1086
10651 4 3 1 1 0 644 1726 600 1113
10652 4 3 1 1 0 517 2276 1085 1910
10653 4 3 1 1 0 1978 1207 1188 357
10654 4 3 1 1 0 157 1250 73 917
10655 4 3 1 1 0 1349 1228 1227 737
10656 4 3 1 1 0 1349 1228 737 1229
10657 4 3 1 1 0 1304 1300 1303 385
10658 4 3 1 1 0 1130 1141 1128 1854
10659 4 3 1 1 0 1765 1893 1128 1699
10660 4 3 1 1 0 1289 1282 2059 2077
10661 4 3 1 1 0 1644 1128 1765 1642
10662 4 3 1 1 0 1841 1715 1712 962
10663 4 3 1 1 0 2067 2025 1271 1269
10664 4 3 1 1 0 328 324 323 1325
10665 4 3 1 1 0 1197 2024 1999 1258
10666 4 3 1 1 0 1196 2072 1337 1312
10667 4 3 1 1 0 296 371 402 1276
10668 4 3 1 1 0 1758 1654 1627 1622
10669 4 3 1 1 0 293 2274 87 2244
10670 4 3 1 1 0 1841 1712 1715 1001
10671 4 3 1 1 0 259 196 1144 199
10672 4 3 1 1 0 1147 259 1144 199
10673 4 3 1 1 0 1680 1159 1144 980
10674 4 3 1 1 0 1147 1680 1144 980
10675 4 3 1 1 0 372 1188 357 374
10676 4 3 1 1 0 933 1072 931 1431
10677 4 3 1 1 0 303 2048 361 401
10678 4 3 1 1 0 424 487 1249 493
10679 4 3 1 1 0 1192 2001 2066 2003
10680 4 3 1 1 0 1366 487 493 1249
10681 4 3 1 1 0 2000 1238 2048 2002
10682 4 3 1 1 0 1349 737 770 717
10683 4 3 1 1 0 1208 518 418 526
10684 4 3 1 1 0 1259 2002 487 1238
10685 4 3 1 1 0 1365 537 1260 479
10686 4 3 1 1 0 416 1366 493 102
10687 4 3 1 1 0 560 1471 1480 1479
10688 4 3 1 1 0 979 1771 1121 1772
10689 4 3 1 1 0 1394 468 452 453
10690 4 3 1 1 0 2097 1375 1209 464
10691 4 3 1 1 0 1386 460 1385 1414
10692 4 3 1 1 0 1562 2211 1557 2175
10693 4 3 1 1 0 1562 1557 2211 1558
10694 4 3 1 1 0 502 1385 1377 465
10695 4 3 1 1 0 1423 2111 1386 1393
10696 4 3 1 1 0 1229 716 701 765
10697 4 3 1 1 0 2025 433 513 486
10698 4 3 1 1 0 963 1030 221 1096
10699 4 3 1 1 0 1153 1158 2219 1156
10700 4 3 1 1 0 462 494 503 1387
10701 4 3 1 1 0 1242 1241 1249 397
10702 4 3 1 1 0 1427 1381 1387 1373
10703 4 3 1 1 0 252 2273 177 1032
10704 4 3 1 1 0 1154 963 1155 1169
10705 4 3 1 1 0 1509 1636 1169 973
10706 4 3 1 1 0 1564 1538 1541 1862
10707 4 3 1 1 0 1154 1636 1169 1155
10708 4 3 1 1 0 973 1636 1169 1154
10709 4 3 1 1 0 1736 1748 2204 1733
10710 4 3 1 1 0 1262 637 1456 556
10711 4 3 1 1 0 610 1215 1288 2028
10712 4 3 1 1 0 2086 2085 555 543
10713 4 3 1 1 0 2086 1262 1456 556
10714 4 3 1 1 0 1229 701 1230 765
10715 4 3 1 1 0 1506 1435 971 1497
10716 4 3 1 1 0 575 2163 571 576
10717 4 3 1 1 0 568 575 2163 571
10718 4 3 1 1 0 1493 568 2163 571
10719 4 3 1 1 0 1472 1504 1501 966
10720 4 3 1 1 0 1876 1554 1555 1567
10721 4 3 1 1 0 1876 1555 1554 2172
10722 4 3 1 1 0 2053 1977 1991 1184
10723 4 3 1 1 0 1466 591 655 612
10724 4 3 1 1 0 2125 591 612 620
10725 4 3 1 1 0 1987 648 2165 617
10726 4 3 1 1 0 306 2266 2237 2016
10727 4 3 1 1 0 1180 622 617 658
10728 4 3 1 1 0 1018 1875 1566 1874
10729 4 3 1 1 0 598 586 2018 601
10730 4 3 1 1 0 1438 608 639 582
10731 4 3 1 1 0 2053 1977 1184 1173
10732 4 3 1 1 0 2053 1977 1173 2052
10733 4 3 1 1 0 1992 2053 1184 1291
10734 4 3 1 1 0 1202 1204 656 539
10735 4 3 1 1 0 1214 1215 1201 1202
10736 4 3 1 1 0 2158 2018 585 586
10737 4 3 1 1 0 586 1205 2018 601
10738 4 3 1 1 0 330 1248 1216 1206
10739 4 3 1 1 0 2076 1455 1511 1214
10740 4 3 1 1 0 774 673 1434 736
10741 4 3 1 1 0 605 1466 1431 2153
10742 4 3 1 1 0 113 2252 1434 552
10743 4 3 1 1 0 1570 2252 673 745
10744 4 3 1 1 0 1898 1875 1903 1874
10745 4 3 1 1 0 751 706 1548 696
10746 4 3 1 1 0 1183 1741 1455 1690
10747 4 3 1 1 0 2262 2038 1227 1225
10748 4 3 1 1 0 2262 2038 1225 301
10749 4 3 1 1 0 1528 696 1559 1548
10750 4 3 1 1 0 706 1528 1548 696
10751 4 3 1 1 0 1229 1528 701 1559
10752 4 3 1 1 0 755 1537 1533 1564
10753 4 3 1 1 0 693 1537 707 1540
10754 4 3 1 1 0 388 395 351 1201
10755 4 3 1 1 0 1015 1533 758 685
10756 4 3 1 1 0 1201 403 395 351
10757 4 3 1 1 0 783 681 1524 758
10758 4 3 1 1 0 2060 1230 773 1231
10759 4 3 1 1 0 2060 1230 1231 2043
10760 4 3 1 1 0 341 1264 1201 1216
10761 4 3 1 1 0 761 783 1525 725
10762 4 3 1 1 0 1392 2111 2088 1424
10763 4 3 1 1 0 1849 957 1620 1650
10764 4 3 1 1 0 664 742 142 1902
10765 4 3 1 1 0 351 341 1201 1216
10766 4 3 1 1 0 1072 739 777 662
10767 4 3 1 1 0 1330 1999 1331 1830
10768 4 3 1 1 0 1540 1452 1564 709
10769 4 3 1 1 0 1201 403 351 1216
10770 4 3 1 1 0 707 1540 1564 709
10771 4 3 1 1 0 1513 2154 1022 2143
10772 4 3 1 1 0 551 1449 1458 2240
10773 4 3 1 1 0 1449 775 1458 669
10774 4 3 1 1 0 1705 1708 1156 1699
10775 4 3 1 1 0 869 2148 792 898
10776 4 3 1 1 0 1201 403 1216 1202
10777 4 3 1 1 0 1202 1204 403 1216
10778 4 3 1 1 0 2181 806 879 2178
10779 4 3 1 1 0 1590 988 2181 1593
10780 4 3 1 1 0 988 1590 2181 1586
10781 4 3 1 1 0 1609 988 1608 1593
10782 4 3 1 1 0 817 1607 814 810
10783 4 3 1 1 0 810 814 811 1593
10784 4 3 1 1 0 1257 408 355 356
10785 4 3 1 1 0 1698 1705 1006 1701
10786 4 3 1 1 0 1583 824 826 839
10787 4 3 1 1 0 1783 984 1795 1672
10788 4 3 1 1 0 2099 1370 2095 1363
10789 4 3 1 1 0 535 1387 494 475
10790 4 3 1 1 0 2261 108 1363 423
10791 4 3 1 1 0 423 529 498 1363
10792 4 3 1 1 0 1591 1596 2182 2183
10793 4 3 1 1 0 2099 423 2261 1363
10794 4 3 1 1 0 864 1381 2107 865
10795 4 3 1 1 0 1024 963 1030 221
10796 4 3 1 1 0 1585 790 159 158
10797 4 3 1 1 0 815 820 816 1598
10798 4 3 1 1 0 2186 2189 1598 816
10799 4 3 1 1 0 1591 1089 1805 1939
10800 4 3 1 1 0 812 2186 816 877
10801 4 3 1 1 0 1598 2186 2185 1594
10802 4 3 1 1 0 1591 1089 1939 1596
10803 4 3 1 1 0 1600 1076 1925 1512
10804 4 3 1 1 0 1600 842 827 872
10805 4 3 1 1 0 643 2145 1463 549
10806 4 3 1 1 0 102 1366 493 1249
10807 4 3 1 1 0 192 1046 190 193
10808 4 3 1 1 0 41 1052 42 247
10809 4 3 1 1 0 1909 674 1078 2271
10810 4 3 1 1 0 1724 249 977 1769
10811 4 3 1 1 0 1342 1989 1339 1335
10812 4 3 1 1 0 958 1795 1671 995
10813 4 3 1 1 0 942 1366 102 1249
10814 4 3 1 1 0 162 1580 929 928
10815 4 3 1 1 0 1580 925 929 928
10816 4 3 1 1 0 1580 925 928 1954
10817 4 3 1 1 0 2061 1268 1267 1186
10818 4 3 1 1 0 946 2232 944 1073
10819 4 3 1 1 0 1671 1795 958 1669
10820 4 3 1 1 0 212 1007 1157 1071
10821 4 3 1 1 0 1268 2061 2056 1186
10822 4 3 1 1 0 1071 1802 1007 1157
10823 4 3 1 1 0 1849 1622 1623 2194
10824 4 3 1 1 0 2073 1903 1277 2075
10825 4 3 1 1 0 1030 221 218 228
10826 4 3 1 1 0 1686 2225 1695 1839
10827 4 3 1 1 0 275 286 231 1121
10828 4 3 1 1 0 246 275 231 1121
10829 4 3 1 1 0 1121 1771 1681 1772
10830 4 3 1 1 0 1849 1623 1622 1653
10831 4 3 1 1 0 1364 996 1405 1237
10832 4 3 1 1 0 1365 537 479 515
10833 4 3 1 1 0 515 1366 1259 487
10834 4 3 1 1 0 1237 1405 1397 1402
10835 4 3 1 1 0 866 1576 858 837
10836 4 3 1 1 0 1013 1056 1011 1054
10837 4 3 1 1 0 1014 1859 1858 1013
10838 4 3 1 1 0 963 1031 1096 221
10839 4 3 1 1 0 195 202 1133 1143
10840 4 3 1 1 0 240 268 1857 1013
10841 4 3 1 1 0 1056 1044 186 187
10842 4 3 1 1 0 2105 2106 1376 1402
10843 4 3 1 1 0 1268 2058 1186 2056
10844 4 3 1 1 0 240 268 272 1857
10845 4 3 1 1 0 1094 1890 963 1030
10846 4 3 1 1 0 1094 963 1949 1030
10847 4 3 1 1 0 2200 1602 1075 1605
10848 4 3 1 1 0 280 1890 1030 1024
10849 4 3 1 1 0 715 1281 748 711
10850 4 3 1 1 0 1072 1048 1084 739
10851 4 3 1 1 0 1674 1651 1602 1850
10852 4 3 1 1 0 1134 194 1145 1127
10853 4 3 1 1 0 1854 1891 1125 1046
10854 4 3 1 1 0 1854 1891 1046 1037
10855 4 3 1 1 0 1057 1065 1067 245
10856 4 3 1 1 0 1101 1759 1634 1627
10857 4 3 1 1 0 802 2176 1574 1074
10858 4 3 1 1 0 1441 1758 1475 1101
10859 4 3 1 1 0 1922 1574 801 1573
10860 4 3 1 1 0 1012 1088 1078 1079
10861 4 3 1 1 0 1455 1288 2076 1454
10862 4 3 1 1 0 1045 678 1115 1056
10863 4 3 1 1 0 1135 1136 1139 215
10864 4 3 1 1 0 1907 1080 1081 1042
10865 4 3 1 1 0 1928 1038 1021 1704
10866 4 3 1 1 0 1891 1767 1125 1858
10867 4 3 1 1 0 1095 1859 1858 1767
10868 4 3 1 1 0 1739 2201 1980 1985
10869 4 3 1 1 0 1134 195 1133 1143
10870 4 3 1 1 0 263 1135 262 1108
10871 4 3 1 1 0 1635 1632 1917 1958
10872 4 3 1 1 0 1639 973 1154 1636
10873 4 3 1 1 0 762 717 1517 731
10874 4 3 1 1 0 1119 973 1636 1504
10875 4 3 1 1 0 1099 1103 1114 1953
10876 4 3 1 1 0 1086 1936 1910 1168
10877 4 3 1 1 0 659 1478 1126 611
10878 4 3 1 1 0 1459 1478 659 2146
10879 4 3 1 1 0 1459 1475 1126 1101
10880 4 3 1 1 0 1517 717 770 731
10881 4 3 1 1 0 1776 1764 1744 1146
10882 4 3 1 1 0 1690 1347 1741 1346
10883 4 3 1 1 0 1904 1530 1280 2075
10884 4 3 1 1 0 1129 264 1095 1133
10885 4 3 1 1 0 1027 969 1694 1697
10886 4 3 1 1 0 217 263 233 1139
10887 4 3 1 1 0 206 222 1149 1120
10888 4 3 1 1 0 1651 1657 1763 1945
10889 4 3 1 1 0 1681 1972 1120 1162
10890 4 3 1 1 0 959 1972 1162 1679
10891 4 3 1 1 0 1019 1876 1567 1554
10892 4 3 1 1 0 1972 956 1120 1970
10893 4 3 1 1 0 1763 1657 1651 1650
10894 4 3 1 1 0 1168 1086 1936 1383
10895 4 3 1 1 0 481 2279 1086 2258
10896 4 3 1 1 0 1973 1168 1936 1383
10897 4 3 1 1 0 1017 1019 1567 1554
10898 4 3 1 1 0 1009 1165 1171 1936
10899 4 3 1 1 0 1845 1633 1806 1846
10900 4 3 1 1 0 1135 1700 1139 1136
10901 4 3 1 1 0 1328 1182 1285 1335
10902 4 3 1 1 0 1806 1807 1845 1846
10903 4 3 1 1 0 1229 2041 1230 2042
10904 4 3 1 1 0 1199 2073 2014 2060
10905 4 3 1 1 0 1293 1341 2013 1199
10906 4 3 1 1 0 2034 2047 390 310
10907 4 3 1 1 0 773 734 1230 765
10908 4 3 1 1 0 1529 1199 2072 2012
10909 4 3 1 1 0 2014 2060 2012 1199
10910 4 3 1 1 0 1281 1256 1279 2073
10911 4 3 1 1 0 1336 1942 1247 1994
10912 4 3 1 1 0 1981 1982 2229 1655
10913 4 3 1 1 0 1981 1655 2229 1177
10914 4 3 1 1 0 651 598 2018 601
10915 4 3 1 1 0 2015 1204 1205 601
10916 4 3 1 1 0 1248 1247 345 1318
10917 4 3 1 1 0 1019 1561 1545 1553
10918 4 3 1 1 0 2015 602 601 1205
10919 4 3 1 1 0 2019 1178 1982 1174
10920 4 3 1 1 0 1982 1178 1351 2229
10921 4 3 1 1 0 376 304 412 1279
10922 4 3 1 1 0 1279 138 924 137
10923 4 3 1 1 0 1279 137 924 57
10924 4 3 1 1 0 1279 138 137 747
10925 4 3 1 1 0 304 405 1256 367
10926 4 3 1 1 0 1964 1772 246 1104
10927 4 3 1 1 0 1276 58 376 1279
10928 4 3 1 1 0 1767 1949 1167 975
10929 4 3 1 1 0 2080 2079 838 1296
10930 4 3 1 1 0 1943 2064 1296 1251
10931 4 3 1 1 0 2082 2080 838 1296
10932 4 3 1 1 0 1551 1539 1544 2173
10933 4 3 1 1 0 896 1296 838 886
10934 4 3 1 1 0 2064 2079 1091 1296
10935 4 3 1 1 0 1302 1299 2011 1346
10936 4 3 1 1 0 382 319 1314 321
10937 4 3 1 1 0 2020 1212 1211 2022
10938 4 3 1 1 0 1311 1348 2007 1308
10939 4 3 1 1 0 1516 2033 1565 1219
10940 4 3 1 1 0 1565 2033 1516 1515
10941 4 3 1 1 0 2170 1541 2171 2227
10942 4 3 1 1 0 1461 1475 1758 1760
10943 4 3 1 1 0 1190 1830 1338 1998
10944 4 3 1 1 0 326 1240 1320 321
10945 4 3 1 1 0 1830 1329 1309 1325
10946 4 3 1 1 0 2171 1541 2170 1543
10947 4 3 1 1 0 321 1325 323 320
10948 4 3 1 1 0 1775 1846 1629 1806
10949 4 3 1 1 0 2111 1392 1390 2091
10950 4 3 1 1 0 1019 1876 1844 1567
10951 4 3 1 1 0 1393 2111 1394 2091
10952 4 3 1 1 0 200 1150 198 197
10953 4 3 1 1 0 2103 993 1106 1378
10954 4 3 1 1 0 1810 2103 1106 1378
10955 4 3 1 1 0 1539 689 1544 692
10956 4 3 1 1 0 1539 1548 1556 692
10957 4 3 1 1 0 229 1117 289 248
10958 4 3 1 1 0 492 477 1391 521
10959 4 3 1 1 0 1840 1791 1686 1132
10960 4 3 1 1 0 1670 1388 1284 996
10961 4 3 1 1 0 995 2119 2120 1816
10962 4 3 1 1 0 528 1427 475 478
10963 4 3 1 1 0 1670 1284 1388 1000
10964 4 3 1 1 0 1132 1747 1748 1749
10965 4 3 1 1 0 2268 865 787 1379
10966 4 3 1 1 0 1720 1695 1686 1693
10967 4 3 1 1 0 1814 1815 1420 994
10968 4 3 1 1 0 451 447 454 1418
10969 4 3 1 1 0 1364 1822 1411 996
10970 4 3 1 1 0 1388 1367 1387 1429
10971 4 3 1 1 0 1091 1294 2079 1267
10972 4 3 1 1 0 106 107 419 2268
10973 4 3 1 1 0 1525 761 725 777
10974 4 3 1 1 0 1434 1072 1477 736
10975 4 3 1 1 0 1415 1382 1414 2109
10976 4 3 1 1 0 934 932 1431 114
10977 4 3 1 1 0 1016 2174 1863 1557
10978 4 3 1 1 0 1902 2282 742 142
10979 4 3 1 1 0 282 181 289 1086
10980 4 3 1 1 0 1557 1470 1887 2175
10981 4 3 1 1 0 991 1671 1380 1665
10982 4 3 1 1 0 2216 1451 1470 1471
10983 4 3 1 1 0 184 2280 236 979
10984 4 3 1 1 0 1448 541 641 2139
10985 4 3 1 1 0 1471 1439 1882 1479
10986 4 3 1 1 0 2258 253 45 181
10987 4 3 1 1 0 1516 718 705 769
10988 4 3 1 1 0 1516 718 769 1467
10989 4 3 1 1 0 25 1098 2259 164
10990 4 3 1 1 0 1391 521 1390 2088
10991 4 3 1 1 0 1026 2208 2206 1689
10992 4 3 1 1 0 1737 1688 1026 2206
10993 4 3 1 1 0 1391 1390 521 2112
10994 4 3 1 1 0 2165 2130 596 1447
10995 4 3 1 1 0 2165 596 2130 626
10996 4 3 1 1 0 1027 2209 1882 1737
10997 4 3 1 1 0 1530 1281 1050 722
10998 4 3 1 1 0 1492 1734 1755 2164
10999 4 3 1 1 0 1437 2131 1438 1495
11000 4 3 1 1 0 2131 574 581 582
11001 4 3 1 1 0 975 1949 1133 1095
11002 4 3 1 1 0 2131 574 582 1495
11003 4 3 1 1 0 2152 623 646 595
11004 4 3 1 1 0 540 2149 623 646
11005 4 3 1 1 0 1072 932 147 1434
11006 4 3 1 1 0 1072 1434 147 736
11007 4 3 1 1 0 925 1478 119 118
11008 4 3 1 1 0 1530 1050 1281 2075
11009 4 3 1 1 0 1961 592 1122 1962
11010 4 3 1 1 0 575 1494 1505 2163
11011 4 3 1 1 0 1494 1506 1509 2164
11012 4 3 1 1 0 1901 2282 1902 1049
11013 4 3 1 1 0 1527 1039 1400 1523
11014 4 3 1 1 0 772 664 1902 742
11015 4 3 1 1 0 772 664 764 1902
11016 4 3 1 1 0 2074 1050 1281 722
11017 4 3 1 1 0 1016 1537 1541 1862
11018 4 3 1 1 0 1846 1781 1629 1847
11019 4 3 1 1 0 1862 1865 1546 1534
11020 4 3 1 1 0 2074 1281 1050 2075
11021 4 3 1 1 0 1862 1865 1534 1538
11022 4 3 1 1 0 688 1532 689 1544
11023 4 3 1 1 0 1561 2168 1552 1396
11024 4 3 1 1 0 1544 1017 1535 1869
11025 4 3 1 1 0 687 1535 1545 1531
11026 4 3 1 1 0 2172 1555 1017 1869
11027 4 3 1 1 0 1470 1882 1440 2175
11028 4 3 1 1 0 1887 1470 1440 2175
11029 4 3 1 1 0 2209 1470 2175 1882
11030 4 3 1 1 0 2209 1470 1692 2175
11031 4 3 1 1 0 66 1242 1249 397
11032 4 3 1 1 0 1440 1457 1034 1691
11033 4 3 1 1 0 2175 1034 1514 1562
11034 4 3 1 1 0 543 636 2144 131
11035 4 3 1 1 0 399 2063 369 1251
11036 4 3 1 1 0 1204 613 601 656
11037 4 3 1 1 0 857 1585 1582 1577
11038 4 3 1 1 0 1175 2138 1446 1445
11039 4 3 1 1 0 857 905 839 1582
11040 4 3 1 1 0 1141 1129 1854 1130
11041 4 3 1 1 0 1628 2187 1794 1595
11042 4 3 1 1 0 1628 1794 2187 1592
11043 4 3 1 1 0 1059 1087 1783 1784
11044 4 3 1 1 0 1942 1655 1291 1941
11045 4 3 1 1 0 1592 1794 1783 1628
11046 4 3 1 1 0 1585 917 158 913
11047 4 3 1 1 0 1092 1790 1793 1797
11048 4 3 1 1 0 1266 875 876 1575
11049 4 3 1 1 0 1101 1634 1678 1100
11050 4 3 1 1 0 1609 988 1593 1607
11051 4 3 1 1 0 1606 875 1266 1575
11052 4 3 1 1 0 1101 1678 1759 1475
11053 4 3 1 1 0 1640 1636 1637 970
11054 4 3 1 1 0 1881 1752 1877 1751
11055 4 3 1 1 0 2210 1691 1027 2211
11056 4 3 1 1 0 1538 1757 1638 1647
11057 4 3 1 1 0 1146 1680 1144 1147
11058 4 3 1 1 0 681 1115 680 678
11059 4 3 1 1 0 1663 1177 1980 2201
11060 4 3 1 1 0 1663 1177 2201 1656
11061 4 3 1 1 0 1585 917 913 1976
11062 4 3 1 1 0 2225 1686 1799 1839
11063 4 3 1 1 0 678 1115 680 679
11064 4 3 1 1 0 1159 259 1144 980
11065 4 3 1 1 0 1979 1584 1649 1940
11066 4 3 1 1 0 1677 1944 1092 1838
11067 4 3 1 1 0 147 1434 148 736
11068 4 3 1 1 0 984 1790 1793 1794
11069 4 3 1 1 0 1677 1793 1674 1666
11070 4 3 1 1 0 1595 1605 1594 1602
11071 4 3 1 1 0 1147 1134 1144 974
11072 4 3 1 1 0 1595 1605 1602 1674
11073 4 3 1 1 0 976 956 973 1149
11074 4 3 1 1 0 673 1434 736 148
11075 4 3 1 1 0 932 1434 113 148
11076 4 3 1 1 0 1733 1736 2215 968
11077 4 3 1 1 0 633 1493 2156 1471
11078 4 3 1 1 0 1734 2206 2208 1730
11079 4 3 1 1 0 1756 1470 1026 2216
11080 4 3 1 1 0 1795 995 984 1815
11081 4 3 1 1 0 2198 1663 1177 1489
11082 4 3 1 1 0 962 1722 1417 1407
11083 4 3 1 1 0 1002 1720 1711 1839
11084 4 3 1 1 0 1818 984 995 1815
11085 4 3 1 1 0 962 2213 1407 1715
11086 4 3 1 1 0 1019 1844 1393 1003
11087 4 3 1 1 0 1393 1844 1019 1392
11088 4 3 1 1 0 1792 1836 1894 2224
11089 4 3 1 1 0 1894 1701 1703 1871
11090 4 3 1 1 0 1041 1549 1873 1872
11091 4 3 1 1 0 2195 2223 1792 1643
11092 4 3 1 1 0 1718 1841 1716 1020
11093 4 3 1 1 0 1492 628 565 1490
11094 4 3 1 1 0 628 1507 629 583
11095 4 3 1 1 0 1516 1565 1556 1034
11096 4 3 1 1 0 575 568 2163 629
11097 4 3 1 1 0 1884 1694 2210 1027
11098 4 3 1 1 0 730 663 1243 731
11099 4 3 1 1 0 1756 2217 1755 1754
11100 4 3 1 1 0 1026 2208 1689 1754
11101 4 3 1 1 0 1684 1689 2208 1753
11102 4 3 1 1 0 1663 1980 1489 1738
11103 4 3 1 1 0 1733 1728 2205 1730
11104 4 3 1 1 0 1730 1728 2205 1729
11105 4 3 1 1 0 1878 1684 1132 1877
11106 4 3 1 1 0 1516 1556 1565 1515
11107 4 3 1 1 0 1411 1387 1367 1372
11108 4 3 1 1 0 480 2284 95 96
11109 4 3 1 1 0 1023 1569 1861 1865
11110 4 3 1 1 0 373 1204 403 295
11111 4 3 1 1 0 1720 1719 1041 1718
11112 4 3 1 1 0 1677 1674 1659 1660
11113 4 3 1 1 0 1166 1971 1680 1972
11114 4 3 1 1 0 1511 1738 1481 1484
11115 4 3 1 1 0 1146 1148 1166 974
11116 4 3 1 1 0 1517 730 1243 731
11117 4 3 1 1 0 1778 1779 981 1151
11118 4 3 1 1 0 295 2266 373 1204
11119 4 3 1 1 0 1774 1114 980 1679
11120 4 3 1 1 0 1291 1942 2053 1246
11121 4 3 1 1 0 1137 1156 1699 1705
11122 4 3 1 1 0 1939 1917 1806 1596
11123 4 3 1 1 0 1705 1708 1006 1851
11124 4 3 1 1 0 1592 1783 1794 1781
11125 4 3 1 1 0 1779 1782 2222 1151
11126 4 3 1 1 0 762 705 731 1516
11127 4 3 1 1 0 1655 1584 1291 1941
11128 4 3 1 1 0 1555 1017 1567 1554
11129 4 3 1 1 0 1751 1836 1132 1877
11130 4 3 1 1 0 1137 1156 1705 1851
11131 4 3 1 1 0 1302 1967 1324 1308
11132 4 3 1 1 0 1324 1967 1302 1305
11133 4 3 1 1 0 1735 1745 1749 1747
11134 4 3 1 1 0 1708 1788 994 2218
11135 4 3 1 1 0 1851 1165 1007 1802
11136 4 3 1 1 0 1106 1787 1810 1378
11137 4 3 1 1 0 1586 1669 991 1610
11138 4 3 1 1 0 935 2255 1024 1431
11139 4 3 1 1 0 2178 991 1808 2102
11140 4 3 1 1 0 1813 1671 1579 1795
11141 4 3 1 1 0 880 887 2102 883
11142 4 3 1 1 0 1498 1447 1500 1437
11143 4 3 1 1 0 2202 1944 1659 1677
11144 4 3 1 1 0 1342 1339 1626 1624
11145 4 3 1 1 0 1828 1673 1800 2202
11146 4 3 1 1 0 1828 1827 1823 2202
11147 4 3 1 1 0 1659 1677 1660 2202
11148 4 3 1 1 0 1498 1500 1447 1176
11149 4 3 1 1 0 2228 1500 1447 1437
11150 4 3 1 1 0 2228 1447 1500 1176
11151 4 3 1 1 0 1001 1852 1812 1814
11152 4 3 1 1 0 2225 1839 1799 1195
11153 4 3 1 1 0 2004 2225 1800 1195
11154 4 3 1 1 0 1131 1693 1696 1695
11155 4 3 1 1 0 1415 2117 1408 1814
11156 4 3 1 1 0 2221 2218 994 983
11157 4 3 1 1 0 1534 1038 1519 1959
11158 4 3 1 1 0 1038 1021 1536 1519
11159 4 3 1 1 0 1520 1088 760 1519
11160 4 3 1 1 0 682 684 1519 1015
11161 4 3 1 1 0 1531 1534 1519 1015
11162 4 3 1 1 0 1836 1870 1792 1894
11163 4 3 1 1 0 687 756 684 1531
11164 4 3 1 1 0 208 212 1157 257
11165 4 3 1 1 0 212 1007 1071 1140
11166 4 3 1 1 0 1018 706 1550 712
11167 4 3 1 1 0 976 1769 1648 964
11168 4 3 1 1 0 2064 1267 1091 2079
11169 4 3 1 1 0 1893 1704 961 1702
11170 4 3 1 1 0 1538 1022 1543 1513
11171 4 3 1 1 0 1526 1525 1477 1022
11172 4 3 1 1 0 1542 1029 1557 1540
11173 4 3 1 1 0 1538 1022 2169 1564
11174 4 3 1 1 0 1862 1865 1538 1541
11175 4 3 1 1 0 1513 971 1435 1497
11176 4 3 1 1 0 1029 1543 1557 1540
11177 4 3 1 1 0 1125 1767 1095 1858
11178 4 3 1 1 0 251 234 249 977
11179 4 3 1 1 0 747 763 1281 748
11180 4 3 1 1 0 1279 763 1281 747
11181 4 3 1 1 0 1894 1701 1871 1040
11182 4 3 1 1 0 1038 1124 1861 1037
11183 4 3 1 1 0 1750 1751 1792 2224
11184 4 3 1 1 0 1513 971 1497 1757
11185 4 3 1 1 0 1710 1038 1861 1037
11186 4 3 1 1 0 1870 1792 1040 1881
11187 4 3 1 1 0 1569 1047 1911 1647
11188 4 3 1 1 0 2152 1464 1438 2129
11189 4 3 1 1 0 1203 1189 1298 2036
11190 4 3 1 1 0 391 1201 395 388
11191 4 3 1 1 0 1901 2282 1049 1389
11192 4 3 1 1 0 1148 1640 1743 1639
11193 4 3 1 1 0 664 729 764 1902
11194 4 3 1 1 0 314 388 1298 391
11195 4 3 1 1 0 1035 182 237 240
11196 4 3 1 1 0 1333 1212 924 921
11197 4 3 1 1 0 608 582 1438 646
11198 4 3 1 1 0 924 138 1333 921
11199 4 3 1 1 0 1628 2187 1587 1592
11200 4 3 1 1 0 1010 961 1128 1893
11201 4 3 1 1 0 1572 1059 1805 1062
11202 4 3 1 1 0 1333 1279 747 138
11203 4 3 1 1 0 1527 1561 1552 1396
11204 4 3 1 1 0 1100 1103 1952 1634
11205 4 3 1 1 0 1958 1635 1634 1111
11206 4 3 1 1 0 1777 1635 1111 1114
11207 4 3 1 1 0 1580 1101 1100 1924
11208 4 3 1 1 0 1942 1655 1941 1980
11209 4 3 1 1 0 724 779 736 1477
11210 4 3 1 1 0 774 1526 724 1477
11211 4 3 1 1 0 707 1540 709 708
11212 4 3 1 1 0 1933 1033 1879 1047
11213 4 3 1 1 0 314 1327 1298 388
11214 4 3 1 1 0 2082 1340 1979 1581
11215 4 3 1 1 0 819 1581 1615 1601
11216 4 3 1 1 0 1672 984 958 1666
11217 4 3 1 1 0 1394 1421 2121 1003
11218 4 3 1 1 0 1942 1336 1339 1185
11219 4 3 1 1 0 905 860 839 1446
11220 4 3 1 1 0 2080 2082 1581 1340
11221 4 3 1 1 0 825 824 1581 888
11222 4 3 1 1 0 1505 965 1509 1113
11223 4 3 1 1 0 1818 984 958 995
11224 4 3 1 1 0 971 1948 1638 1647
11225 4 3 1 1 0 1435 971 1647 1948
11226 4 3 1 1 0 1675 958 984 1666
11227 4 3 1 1 0 1094 1890 1047 1025
11228 4 3 1 1 0 1879 1525 1933 1647
11229 4 3 1 1 0 1879 1933 1047 1647
11230 4 3 1 1 0 1091 1295 1294 1267
11231 4 3 1 1 0 961 1128 1108 1010
11232 4 3 1 1 0 236 978 176 243
11233 4 3 1 1 0 2037 1226 2032 2036
11234 4 3 1 1 0 965 1727 1726 600
11235 4 3 1 1 0 615 645 657 1726
11236 4 3 1 1 0 964 1118 978 1648
11237 4 3 1 1 0 1091 1294 1295 1626
11238 4 3 1 1 0 1342 1294 1295 1267
11239 4 3 1 1 0 965 1769 1648 973
11240 4 3 1 1 0 1639 1636 1154 1148
11241 4 3 1 1 0 1342 1295 1294 1626
11242 4 3 1 1 0 1141 1146 1145 974
11243 4 3 1 1 0 1625 1335 1290 1342
11244 4 3 1 1 0 1134 1141 1145 974
11245 4 3 1 1 0 955 975 1949 1133
11246 4 3 1 1 0 1766 1167 975 1767
11247 4 3 1 1 0 1130 955 1148 1768
11248 4 3 1 1 0 2200 957 1618 1075
11249 4 3 1 1 0 1134 1129 1768 1133
11250 4 3 1 1 0 1130 955 1768 975
11251 4 3 1 1 0 1651 2200 1658 1944
11252 4 3 1 1 0 955 1096 1133 1949
11253 4 3 1 1 0 1792 1836 1751 1877
11254 4 3 1 1 0 1148 974 1768 1143
11255 4 3 1 1 0 1466 1494 1505 591
11256 4 3 1 1 0 1881 1023 1642 1861
11257 4 3 1 1 0 1585 2138 2136 1446
11258 4 3 1 1 0 1035 182 240 1054
11259 4 3 1 1 0 1316 1287 337 1321
11260 4 3 1 1 0 240 1035 272 237
11261 4 3 1 1 0 656 601 2015 654
11262 4 3 1 1 0 1289 2077 1995 1286
11263 4 3 1 1 0 1624 1619 1090 1340
11264 4 3 1 1 0 1399 1998 1191 1236
11265 4 3 1 1 0 656 2015 601 1204
11266 4 3 1 1 0 1822 1388 996 1284
11267 4 3 1 1 0 2283 47 46 173
11268 4 3 1 1 0 2085 2046 1235 1261
11269 4 3 1 1 0 562 1480 2076 559
11270 4 3 1 1 0 2024 2105 1999 1270
11271 4 3 1 1 0 1348 1967 1302 1308
11272 4 3 1 1 0 727 773 1231 1256
11273 4 3 1 1 0 667 734 782 1231
11274 4 3 1 1 0 591 1466 2125 612
11275 4 3 1 1 0 2060 1231 773 1256
11276 4 3 1 1 0 1961 1461 1475 2147
11277 4 3 1 1 0 2010 1208 2020 1280
11278 4 3 1 1 0 1360 2010 1208 1209
11279 4 3 1 1 0 2010 1210 1209 2008
11280 4 3 1 1 0 1234 1261 1222 1235
11281 4 3 1 1 0 1448 541 2257 606
11282 4 3 1 1 0 622 1987 617 542
11283 4 3 1 1 0 622 1207 1180 1986
11284 4 3 1 1 0 2036 1996 1226 1189
11285 4 3 1 1 0 1226 1233 1189 2030
11286 4 3 1 1 0 325 2084 1315 318
11287 4 3 1 1 0 1444 1447 2137 2130
11288 4 3 1 1 0 2050 2054 2059 358
11289 4 3 1 1 0 302 2056 2054 394
11290 4 3 1 1 0 435 1398 487 1259
11291 4 3 1 1 0 1260 1398 1397 435
11292 4 3 1 1 0 1259 1365 1260 1822
11293 4 3 1 1 0 2115 1190 1830 1999
11294 4 3 1 1 0 1529 1341 2072 1199
11295 4 3 1 1 0 1932 1620 1926 1931
11296 4 3 1 1 0 400 336 362 2003
11297 4 3 1 1 0 2024 2105 1270 1210
11298 4 3 1 1 0 1271 1258 1999 2024
11299 4 3 1 1 0 1285 1290 1335 1995
11300 4 3 1 1 0 1342 1186 1995 1290
11301 4 3 1 1 0 1603 1605 1593 1608
11302 4 3 1 1 0 2078 2082 1340 1979
11303 4 3 1 1 0 1601 1603 1605 1593
11304 4 3 1 1 0 2052 1991 1977 366
11305 4 3 1 1 0 1336 1295 1339 1185
11306 4 3 1 1 0 1466 1494 591 2125
11307 4 3 1 1 0 610 1288 2046 555
11308 4 3 1 1 0 2034 2047 2035 390
11309 4 3 1 1 0 1680 1146 1743 1166
11310 4 3 1 1 0 636 132 2144 131
11311 4 3 1 1 0 1243 2144 1467 746
11312 4 3 1 1 0 949 953 131 2144
11313 4 3 1 1 0 1723 1421 1716 1200
11314 4 3 1 1 0 1375 1722 1905 1376
11315 4 3 1 1 0 2214 2105 1402 2116
11316 4 3 1 1 0 516 1374 471 1068
11317 4 3 1 1 0 2090 1050 1426 1384
11318 4 3 1 1 0 322 325 1315 318
11319 4 3 1 1 0 880 1380 991 2102
11320 4 3 1 1 0 516 471 1374 485
11321 4 3 1 1 0 1560 1900 1558 1563
11322 4 3 1 1 0 2098 887 2108 787
11323 4 3 1 1 0 1711 1831 962 1713
11324 4 3 1 1 0 1416 460 505 506
11325 4 3 1 1 0 1715 1412 1406 2121
11326 4 3 1 1 0 512 1260 439 1397
11327 4 3 1 1 0 253 2283 173 1109
11328 4 3 1 1 0 1872 1873 1560 1549
11329 4 3 1 1 0 2008 2010 1197 2230
11330 4 3 1 1 0 1588 2184 808 805
11331 4 3 1 1 0 1406 1404 1401 440
11332 4 3 1 1 0 2130 596 595 581
11333 4 3 1 1 0 1588 808 2184 1587
11334 4 3 1 1 0 2131 2130 595 581
11335 4 3 1 1 0 45 2 2279 181
11336 4 3 1 1 0 510 511 437 2106
11337 4 3 1 1 0 1398 1270 1397 434
11338 4 3 1 1 0 511 514 2106 1210
11339 4 3 1 1 0 1697 1694 1027 2211
11340 4 3 1 1 0 1549 2174 1560 1872
11341 4 3 1 1 0 1488 570 1487 1485
11342 4 3 1 1 0 552 1443 2252 1434
11343 4 3 1 1 0 603 1443 618 552
11344 4 3 1 1 0 577 1487 570 574
11345 4 3 1 1 0 1942 1655 1980 1246
11346 4 3 1 1 0 1264 325 2084 1315
11347 4 3 1 1 0 2260 546 2133 2135
11348 4 3 1 1 0 2134 893 2132 2133
11349 4 3 1 1 0 2136 2135 159 889
11350 4 3 1 1 0 1342 1989 1295 1339
11351 4 3 1 1 0 659 1459 2146 2145
11352 4 3 1 1 0 659 1459 2145 2147
11353 4 3 1 1 0 1544 2173 1549 1551
11354 4 3 1 1 0 1759 1758 1760 972
11355 4 3 1 1 0 1393 1421 1003 1844
11356 4 3 1 1 0 1100 1772 1126 1964
11357 4 3 1 1 0 1040 1864 1861 1536
11358 4 3 1 1 0 1536 1861 1040 1710
11359 4 3 1 1 0 1486 1738 1484 1485
11360 4 3 1 1 0 1704 1702 1707 961
11361 4 3 1 1 0 1444 2134 2133 1445
11362 4 3 1 1 0 2154 1443 1434 1570
11363 4 3 1 1 0 1461 1496 2147 578
11364 4 3 1 1 0 1478 1954 1964 930
11365 4 3 1 1 0 572 1490 573 1461
11366 4 3 1 1 0 965 1472 1727 600
11367 4 3 1 1 0 2127 2143 1433 1513
11368 4 3 1 1 0 1961 2147 1126 611
11369 4 3 1 1 0 1126 2147 1961 1475
11370 4 3 1 1 0 649 597 2139 1453
11371 4 3 1 1 0 2147 580 593 578
11372 4 3 1 1 0 1433 1497 1513 1435
11373 4 3 1 1 0 1952 1953 1098 1097
11374 4 3 1 1 0 1919 987 2184 1591
11375 4 3 1 1 0 1919 987 1591 1805
11376 4 3 1 1 0 1919 987 1805 1572
11377 4 3 1 1 0 2183 1591 1919 2184
11378 4 3 1 1 0 1952 1098 1953 1103
11379 4 3 1 1 0 1098 1953 1082 1097
11380 4 3 1 1 0 1942 1655 1246 1291
11381 4 3 1 1 0 1350 2177 1576 1253
11382 4 3 1 1 0 901 1350 1576 1253
11383 4 3 1 1 0 858 837 1576 901
11384 4 3 1 1 0 858 901 1576 1253
11385 4 3 1 1 0 1644 1637 1130 2195
11386 4 3 1 1 0 1636 1641 1637 1753
11387 4 3 1 1 0 271 1953 1098 1103
11388 4 3 1 1 0 1501 1504 2166 966
11389 4 3 1 1 0 1748 1945 1763 1657
11390 4 3 1 1 0 1799 1829 1800 1195
11391 4 3 1 1 0 1828 1827 2202 1179
11392 4 3 1 1 0 2196 2223 2197 1744
11393 4 3 1 1 0 2197 2223 2196 1644
11394 4 3 1 1 0 2172 1547 1554 1550
11395 4 3 1 1 0 1686 2207 1693 1696
11396 4 3 1 1 0 1898 1875 1874 1566
11397 4 3 1 1 0 925 1478 118 930
11398 4 3 1 1 0 1920 1065 1067 1062
11399 4 3 1 1 0 1835 1020 1703 1871
11400 4 3 1 1 0 1728 970 1735 2205
11401 4 3 1 1 0 2219 1744 1765 1005
11402 4 3 1 1 0 1744 1005 2219 1785
11403 4 3 1 1 0 1806 1061 1596 1917
11404 4 3 1 1 0 1131 1900 1695 1967
11405 4 3 1 1 0 1131 1695 1900 1872
11406 4 3 1 1 0 1846 1781 1782 1629
11407 4 3 1 1 0 1807 1847 1629 1592
11408 4 3 1 1 0 1814 994 1006 1812
11409 4 3 1 1 0 1791 1837 1836 2224
11410 4 3 1 1 0 1132 1683 2204 1684
11411 4 3 1 1 0 1747 1877 1132 1684
11412 4 3 1 1 0 1814 1815 994 1812
11413 4 3 1 1 0 1881 1752 1751 2195
11414 4 3 1 1 0 1085 1908 1051 1910
11415 4 3 1 1 0 1269 2025 1271 2024
11416 4 3 1 1 0 978 2272 176 964
11417 4 3 1 1 0 796 2259 164 11
11418 4 3 1 1 0 642 593 578 2147
11419 4 3 1 1 0 2026 2020 1211 1258
11420 4 3 1 1 0 1990 1264 2084 1315
11421 4 3 1 1 0 1197 1999 1330 1258
11422 4 3 1 1 0 2048 397 303 1249
11423 4 3 1 1 0 2209 1691 2211 1027
11424 4 3 1 1 0 2153 115 605 116
11425 4 3 1 1 0 1197 2024 1258 2020
11426 4 3 1 1 0 2093 417 111 110
11427 4 3 1 1 0 1067 800 1573 1922
11428 4 3 1 1 0 2056 302 2054 2267
11429 4 3 1 1 0 378 2267 2056 2238
11430 4 3 1 1 0 851 858 2055 890
11431 4 3 1 1 0 868 1950 164 796
11432 4 3 1 1 0 370 2262 85 301
11433 4 3 1 1 0 1365 537 515 1259
11434 4 3 1 1 0 479 1365 515 531
11435 4 3 1 1 0 2049 361 2002 64
11436 4 3 1 1 0 2248 28 117 1123
11437 4 3 1 1 0 2289 541 135 134
11438 4 3 1 1 0 1757 1756 1026 1754
11439 4 3 1 1 0 2262 85 301 23
11440 4 3 1 1 0 150 746 1243 663
11441 4 3 1 1 0 2039 2033 1218 1221
11442 4 3 1 1 0 672 152 1225 730
11443 4 3 1 1 0 1990 1347 1346 1301
11444 4 3 1 1 0 1187 1990 1317 1346
11445 4 3 1 1 0 246 1104 230 288
11446 4 3 1 1 0 187 1013 268 240
11447 4 3 1 1 0 298 1241 1242 397
11448 4 3 1 1 0 1078 1045 186 185
11449 4 3 1 1 0 241 1078 186 185
11450 4 3 1 1 0 1694 2210 1027 2211
11451 4 3 1 1 0 1263 1990 1346 1317
11452 4 3 1 1 0 1263 1347 1346 1990
11453 4 3 1 1 0 219 214 980 220
11454 4 3 1 1 0 1972 1680 1166 1147
11455 4 3 1 1 0 1150 1152 203 1159
11456 4 3 1 1 0 1487 1485 2161 1488
11457 4 3 1 1 0 1972 1162 1679 980
11458 4 3 1 1 0 1680 1972 1679 980
11459 4 3 1 1 0 1187 1990 1346 1301
11460 4 3 1 1 0 222 1118 261 286
11461 4 3 1 1 0 214 220 260 980
11462 4 3 1 1 0 1857 1013 1859 1035
11463 4 3 1 1 0 1167 1094 1859 1047
11464 4 3 1 1 0 2118 2117 1409 1403
11465 4 3 1 1 0 172 237 272 1035
11466 4 3 1 1 0 1648 1769 1726 964
11467 4 3 1 1 0 1857 1030 272 1035
11468 4 3 1 1 0 212 1071 227 226
11469 4 3 1 1 0 1017 1554 2172 1547
11470 4 3 1 1 0 965 1504 966 1509
11471 4 3 1 1 0 1057 1914 992 1063
11472 4 3 1 1 0 1098 1082 1953 271
11473 4 3 1 1 0 1098 1951 255 1952
11474 4 3 1 1 0 1098 1103 1952 255
11475 4 3 1 1 0 1748 1945 1657 1652
11476 4 3 1 1 0 1668 1791 984 1796
11477 4 3 1 1 0 2094 1371 1363 2100
11478 4 3 1 1 0 1786 1004 1847 1781
11479 4 3 1 1 0 1964 276 169 288
11480 4 3 1 1 0 1104 1964 169 288
11481 4 3 1 1 0 2034 1224 2035 1235
11482 4 3 1 1 0 2285 360 79 80
11483 4 3 1 1 0 1370 1579 2094 2100
11484 4 3 1 1 0 1534 1861 1865 1864
11485 4 3 1 1 0 82 81 390 2035
11486 4 3 1 1 0 2036 2047 391 1203
11487 4 3 1 1 0 1363 1370 2094 2100
11488 4 3 1 1 0 1843 1561 1835 1568
11489 4 3 1 1 0 387 315 2068 2084
11490 4 3 1 1 0 843 836 1380 2107
11491 4 3 1 1 0 315 1307 318 317
11492 4 3 1 1 0 836 2124 1380 2107
11493 4 3 1 1 0 319 1307 318 322
11494 4 3 1 1 0 1307 315 318 2084
11495 4 3 1 1 0 1332 1278 339 1312
11496 4 3 1 1 0 1955 1495 1491 1487
11497 4 3 1 1 0 296 1211 375 1212
11498 4 3 1 1 0 1198 1348 2007 1274
11499 4 3 1 1 0 1480 1484 2156 561
11500 4 3 1 1 0 1348 1311 1274 1966
11501 4 3 1 1 0 410 1231 293 408
11502 4 3 1 1 0 1769 977 1726 964
11503 4 3 1 1 0 1617 2124 1380 833
11504 4 3 1 1 0 306 2266 2016 373
11505 4 3 1 1 0 1696 1686 1695 1693
11506 4 3 1 1 0 836 843 1380 833
11507 4 3 1 1 0 1245 2052 345 1994
11508 4 3 1 1 0 1206 2052 374 407
11509 4 3 1 1 0 372 1206 374 407
11510 4 3 1 1 0 1247 345 1318 384
11511 4 3 1 1 0 2124 836 1380 833
11512 4 3 1 1 0 329 1248 325 330
11513 4 3 1 1 0 1365 1366 515 531
11514 4 3 1 1 0 1477 1933 777 1072
11515 4 3 1 1 0 474 511 464 1209
11516 4 3 1 1 0 1686 1695 2225 1696
11517 4 3 1 1 0 1403 1412 442 1406
11518 4 3 1 1 0 1405 1364 1237 1397
11519 4 3 1 1 0 1418 1409 447 1410
11520 4 3 1 1 0 503 1410 462 1387
11521 4 3 1 1 0 1260 1398 2113 1397
11522 4 3 1 1 0 1904 1903 1905 1875
11523 4 3 1 1 0 1364 1260 1237 1397
11524 4 3 1 1 0 1389 92 91 522
11525 4 3 1 1 0 1723 1905 1903 1875
11526 4 3 1 1 0 1723 1903 1905 1899
11527 4 3 1 1 0 439 1364 509 508
11528 4 3 1 1 0 1364 461 509 508
11529 4 3 1 1 0 1111 1953 1082 1099
11530 4 3 1 1 0 435 512 1397 1260
11531 4 3 1 1 0 1111 1082 1953 1097
11532 4 3 1 1 0 467 474 1209 526
11533 4 3 1 1 0 1360 467 1209 526
11534 4 3 1 1 0 271 1082 1953 1099
11535 4 3 1 1 0 1477 1933 1525 777
11536 4 3 1 1 0 132 953 2144 131
11537 4 3 1 1 0 2226 1689 2227 2170
11538 4 3 1 1 0 1670 996 1411 1388
11539 4 3 1 1 0 1670 2119 1667 958
11540 4 3 1 1 0 954 949 130 2035
11541 4 3 1 1 0 1689 1757 2227 2170
11542 4 3 1 1 0 2035 949 130 2085
11543 4 3 1 1 0 1822 1388 1411 996
11544 4 3 1 1 0 562 559 561 1480
11545 4 3 1 1 0 1486 632 2158 584
11546 4 3 1 1 0 898 1463 2148 792
11547 4 3 1 1 0 1689 1880 2227 1753
11548 4 3 1 1 0 1108 1854 1128 1127
11549 4 3 1 1 0 1871 1843 1835 1568
11550 4 3 1 1 0 614 659 544 2146
11551 4 3 1 1 0 614 2146 544 643
11552 4 3 1 1 0 1478 1963 1126 611
11553 4 3 1 1 0 1457 1439 1467 1456
11554 4 3 1 1 0 593 659 2147 611
11555 4 3 1 1 0 642 593 2147 611
11556 4 3 1 1 0 583 1490 573 628
11557 4 3 1 1 0 1490 565 567 628
11558 4 3 1 1 0 1501 1490 1461 573
11559 4 3 1 1 0 1491 572 2162 569
11560 4 3 1 1 0 583 1490 628 1507
11561 4 3 1 1 0 31 30 2246 176
11562 4 3 1 1 0 1725 1648 1726 964
11563 4 3 1 1 0 1726 2272 1725 964
11564 4 3 1 1 0 1462 549 2148 1463
11565 4 3 1 1 0 1462 549 1463 2145
11566 4 3 1 1 0 1462 549 2145 647
11567 4 3 1 1 0 933 932 147 1072
11568 4 3 1 1 0 1115 1519 680 1088
11569 4 3 1 1 0 1462 549 647 2148
11570 4 3 1 1 0 1756 1497 1754 1757
11571 4 3 1 1 0 1528 1293 2013 1230
11572 4 3 1 1 0 715 1293 702 1230
11573 4 3 1 1 0 2146 643 119 544
11574 4 3 1 1 0 1528 1018 702 706
11575 4 3 1 1 0 143 664 142 1902
11576 4 3 1 1 0 2087 668 1352 1353
11577 4 3 1 1 0 1756 1754 1497 2217
11578 4 3 1 1 0 735 778 1355 714
11579 4 3 1 1 0 2086 1456 1222 2144
11580 4 3 1 1 0 1520 710 757 720
11581 4 3 1 1 0 1516 762 1517 731
11582 4 3 1 1 0 1467 1222 1456 2144
11583 4 3 1 1 0 1467 1516 1219 1243
11584 4 3 1 1 0 730 1517 770 731
11585 4 3 1 1 0 138 661 747 1333
11586 4 3 1 1 0 1333 1279 138 924
11587 4 3 1 1 0 1447 1499 1176 1180
11588 4 3 1 1 0 715 1281 763 748
11589 4 3 1 1 0 764 1522 1523 1902
11590 4 3 1 1 0 1902 2282 1400 742
11591 4 3 1 1 0 772 713 1523 720
11592 4 3 1 1 0 745 1570 740 781
11593 4 3 1 1 0 1570 721 740 781
11594 4 3 1 1 0 1463 842 1512 1571
11595 4 3 1 1 0 1438 2128 2129 1436
11596 4 3 1 1 0 2051 154 791 1252
11597 4 3 1 1 0 576 587 1469 571
11598 4 3 1 1 0 633 2141 634 587
11599 4 3 1 1 0 470 536 488 1383
11600 4 3 1 1 0 2123 1381 864 1373
11601 4 3 1 1 0 1427 427 1373 490
11602 4 3 1 1 0 519 470 488 1383
11603 4 3 1 1 0 2126 2127 1433 1494
11604 4 3 1 1 0 830 2189 816 2188
11605 4 3 1 1 0 1599 2194 1598 1613
11606 4 3 1 1 0 536 1109 488 1383
11607 4 3 1 1 0 1584 1930 1176 1175
11608 4 3 1 1 0 1939 989 1938 1089
11609 4 3 1 1 0 847 1631 1938 832
11610 4 3 1 1 0 791 858 866 2051
11611 4 3 1 1 0 1689 1880 1753 1684
11612 4 3 1 1 0 1689 1880 1684 2226
11613 4 3 1 1 0 864 2123 849 866
11614 4 3 1 1 0 2123 864 899 866
11615 4 3 1 1 0 633 587 571 1469
11616 4 3 1 1 0 633 2141 587 1469
11617 4 3 1 1 0 2176 1809 990 1578
11618 4 3 1 1 0 1086 1109 1383 488
11619 4 3 1 1 0 1370 2098 2099 855
11620 4 3 1 1 0 498 473 1368 1363
11621 4 3 1 1 0 2099 797 882 855
11622 4 3 1 1 0 1493 633 571 1469
11623 4 3 1 1 0 2184 881 804 906
11624 4 3 1 1 0 1725 1727 1726 1648
11625 4 3 1 1 0 1978 1173 1174 1976
11626 4 3 1 1 0 1342 1339 1624 1335
11627 4 3 1 1 0 1454 1510 1481 1480
11628 4 3 1 1 0 1250 1585 917 158
11629 4 3 1 1 0 1510 1454 1481 1511
11630 4 3 1 1 0 2135 795 889 2136
11631 4 3 1 1 0 603 1431 114 545
11632 4 3 1 1 0 115 934 935 1431
11633 4 3 1 1 0 1024 2255 172 1890
11634 4 3 1 1 0 949 1224 951 952
11635 4 3 1 1 0 1174 1173 1978 1188
11636 4 3 1 1 0 1992 1994 1942 1185
11637 4 3 1 1 0 1071 1170 1801 985
11638 4 3 1 1 0 1158 1170 1071 985
11639 4 3 1 1 0 1110 1775 1629 1806
11640 4 3 1 1 0 1540 1537 1541 1016
11641 4 3 1 1 0 1128 1766 1893 1642
11642 4 3 1 1 0 1128 1766 1642 1130
11643 4 3 1 1 0 1668 1796 1002 1791
11644 4 3 1 1 0 1777 1633 1806 1635
11645 4 3 1 1 0 1677 1092 1840 1838
11646 4 3 1 1 0 1777 1633 1635 1774
11647 4 3 1 1 0 2168 1392 1019 1844
11648 4 3 1 1 0 1640 1971 1645 1743
11649 4 3 1 1 0 1463 1512 2145 1076
11650 4 3 1 1 0 1463 2145 1512 1462
11651 4 3 1 1 0 1441 2145 1512 1076
11652 4 3 1 1 0 936 36 1048 145
11653 4 3 1 1 0 1477 1933 1879 1525
11654 4 3 1 1 0 1084 670 739 1048
11655 4 3 1 1 0 1072 936 1048 146
11656 4 3 1 1 0 36 35 1048 237
11657 4 3 1 1 0 2251 1054 182 1048
11658 4 3 1 1 0 1912 1084 1934 1048
11659 4 3 1 1 0 41 1052 247 1909
11660 4 3 1 1 0 1049 1052 912 1909
11661 4 3 1 1 0 729 732 1522 1909
11662 4 3 1 1 0 1051 1080 1908 1049
11663 4 3 1 1 0 1405 999 1402 1237
11664 4 3 1 1 0 1908 912 1052 42
11665 4 3 1 1 0 232 287 244 1053
11666 4 3 1 1 0 1441 1512 2145 1462
11667 4 3 1 1 0 1049 729 1522 1909
11668 4 3 1 1 0 1260 1364 1822 1365
11669 4 3 1 1 0 1676 1667 996 2119
11670 4 3 1 1 0 1745 1750 1786 1749
11671 4 3 1 1 0 177 254 283 1888
11672 4 3 1 1 0 1051 1389 1085 1116
11673 4 3 1 1 0 1790 1798 1786 1749
11674 4 3 1 1 0 2230 2075 1277 1903
11675 4 3 1 1 0 502 1168 469 517
11676 4 3 1 1 0 1190 1338 1830 1999
11677 4 3 1 1 0 2073 1903 2075 2074
11678 4 3 1 1 0 2105 1270 1210 2106
11679 4 3 1 1 0 799 2057 2055 2056
11680 4 3 1 1 0 1903 1050 1904 2075
11681 4 3 1 1 0 2115 2116 999 1402
11682 4 3 1 1 0 1906 1960 1116 1051
11683 4 3 1 1 0 968 2205 1733 2204
11684 4 3 1 1 0 2115 999 2116 1714
11685 4 3 1 1 0 1931 1083 1620 1926
11686 4 3 1 1 0 1733 1736 968 2204
11687 4 3 1 1 0 1115 681 1015 1913
11688 4 3 1 1 0 1747 2204 1684 1132
11689 4 3 1 1 0 1636 955 1148 1637
11690 4 3 1 1 0 955 1636 1148 1154
11691 4 3 1 1 0 1015 1959 1115 1913
11692 4 3 1 1 0 1409 1364 1403 508
11693 4 3 1 1 0 980 259 204 1159
11694 4 3 1 1 0 634 1479 1471 560
11695 4 3 1 1 0 1947 1064 1093 1804
11696 4 3 1 1 0 211 1152 209 203
11697 4 3 1 1 0 1040 1893 1643 1702
11698 4 3 1 1 0 1148 1640 1637 1743
11699 4 3 1 1 0 1867 1836 1870 1028
11700 4 3 1 1 0 2019 1180 1188 1174
11701 4 3 1 1 0 372 2016 306 357
11702 4 3 1 1 0 416 1366 531 493
11703 4 3 1 1 0 1148 1640 1636 1637
11704 4 3 1 1 0 2052 1978 1188 374
11705 4 3 1 1 0 2147 611 1961 642
11706 4 3 1 1 0 2057 846 861 890
11707 4 3 1 1 0 1978 1188 374 357
11708 4 3 1 1 0 1719 1720 1041 1695
11709 4 3 1 1 0 1202 1214 1204 1216
11710 4 3 1 1 0 502 1168 517 1085
11711 4 3 1 1 0 1205 2019 2017 1204
11712 4 3 1 1 0 1328 1240 1319 1326
11713 4 3 1 1 0 2018 585 598 617
11714 4 3 1 1 0 2017 651 2018 601
11715 4 3 1 1 0 324 1303 1325 1309
11716 4 3 1 1 0 502 1385 465 469
11717 4 3 1 1 0 1803 1805 1919 1089
11718 4 3 1 1 0 324 1325 1303 1306
11719 4 3 1 1 0 1220 1559 1560 1563
11720 4 3 1 1 0 1558 1872 1560 2174
11721 4 3 1 1 0 2001 1238 1236 1193
11722 4 3 1 1 0 1191 2001 1236 1193
11723 4 3 1 1 0 1191 1399 1236 2001
11724 4 3 1 1 0 1259 2002 1238 2001
11725 4 3 1 1 0 1800 1799 998 1829
11726 4 3 1 1 0 998 1826 1800 1829
11727 4 3 1 1 0 858 1252 2055 1253
11728 4 3 1 1 0 358 2058 404 394
11729 4 3 1 1 0 358 2058 394 2054
11730 4 3 1 1 0 451 458 459 1357
11731 4 3 1 1 0 1001 1712 1817 1812
11732 4 3 1 1 0 799 2055 890 851
11733 4 3 1 1 0 2120 1717 2119 1818
11734 4 3 1 1 0 1995 1825 1289 1286
11735 4 3 1 1 0 1329 1309 1303 2006
11736 4 3 1 1 0 1822 1366 1367 1292
11737 4 3 1 1 0 1148 1640 1639 1636
11738 4 3 1 1 0 1322 1182 1335 1989
11739 4 3 1 1 0 1303 1309 1329 1325
11740 4 3 1 1 0 1322 1339 1335 1828
11741 4 3 1 1 0 459 1371 1359 1357
11742 4 3 1 1 0 111 2093 946 2104
11743 4 3 1 1 0 1198 1299 1302 1965
11744 4 3 1 1 0 1299 1967 1302 1965
11745 4 3 1 1 0 1803 1919 1920 1089
11746 4 3 1 1 0 1322 1339 1345 1336
11747 4 3 1 1 0 484 2093 417 111
11748 4 3 1 1 0 1240 1825 1334 1328
11749 4 3 1 1 0 1239 1825 1334 1240
11750 4 3 1 1 0 1240 1334 1326 1328
11751 4 3 1 1 0 1575 1266 1350 876
11752 4 3 1 1 0 1575 1266 1060 1915
11753 4 3 1 1 0 1290 1915 1916 1625
11754 4 3 1 1 0 1342 1186 1290 1915
11755 4 3 1 1 0 1290 1186 1350 1915
11756 4 3 1 1 0 1186 1265 1350 1915
11757 4 3 1 1 0 1294 1915 1342 1624
11758 4 3 1 1 0 2190 2191 1916 1625
11759 4 3 1 1 0 2190 1664 1611 2191
11760 4 3 1 1 0 1342 1265 1186 1915
11761 4 3 1 1 0 484 2093 111 2104
11762 4 3 1 1 0 864 1381 798 1373
11763 4 3 1 1 0 1290 1289 1283 1254
11764 4 3 1 1 0 1351 1248 1216 1264
11765 4 3 1 1 0 1351 1216 1248 1206
11766 4 3 1 1 0 1260 1398 435 1259
11767 4 3 1 1 0 1355 1550 1384 1876
11768 4 3 1 1 0 723 738 1384 1530
11769 4 3 1 1 0 767 738 1384 723
11770 4 3 1 1 0 2090 2089 1426 1361
11771 4 3 1 1 0 1803 1919 1062 1920
11772 4 3 1 1 0 1402 1404 1401 2114
11773 4 3 1 1 0 512 439 436 1397
11774 4 3 1 1 0 1722 1407 1376 2121
11775 4 3 1 1 0 441 438 1401 510
11776 4 3 1 1 0 448 1401 441 1413
11777 4 3 1 1 0 453 1413 1375 448
11778 4 3 1 1 0 1722 1905 1376 2009
11779 4 3 1 1 0 1260 1398 1259 2113
11780 4 3 1 1 0 244 1908 170 43
11781 4 3 1 1 0 1172 1171 1974 1935
11782 4 3 1 1 0 2114 2214 1402 999
11783 4 3 1 1 0 244 1908 43 1910
11784 4 3 1 1 0 1260 1822 1364 1237
11785 4 3 1 1 0 1449 1467 1440 1439
11786 4 3 1 1 0 1243 952 950 1224
11787 4 3 1 1 0 1886 1687 2211 1694
11788 4 3 1 1 0 1358 523 1359 459
11789 4 3 1 1 0 1243 950 952 151
11790 4 3 1 1 0 2082 2078 1577 1582
11791 4 3 1 1 0 1001 1834 1852 1703
11792 4 3 1 1 0 1001 1834 1703 1712
11793 4 3 1 1 0 1222 2086 1457 1456
11794 4 3 1 1 0 442 1416 445 1406
11795 4 3 1 1 0 1083 1465 1616 1613
11796 4 3 1 1 0 1616 820 828 873
11797 4 3 1 1 0 2015 2027 1205 1214
11798 4 3 1 1 0 2230 2075 1903 1280
11799 4 3 1 1 0 1982 1503 2229 1351
11800 4 3 1 1 0 1479 1882 1471 1480
11801 4 3 1 1 0 1884 969 1027 1690
11802 4 3 1 1 0 2076 1214 1511 2027
11803 4 3 1 1 0 1488 2159 2160 1499
11804 4 3 1 1 0 1981 1956 1177 1489
11805 4 3 1 1 0 1488 2159 1485 2160
11806 4 3 1 1 0 857 2082 1577 1582
11807 4 3 1 1 0 1498 1176 2160 1500
11808 4 3 1 1 0 1656 1658 1651 1662
11809 4 3 1 1 0 1981 1956 1489 1500
11810 4 3 1 1 0 1658 1656 1177 1662
11811 4 3 1 1 0 1981 1982 1176 1503
11812 4 3 1 1 0 1499 1503 2160 1176
11813 4 3 1 1 0 1015 1860 1913 1524
11814 4 3 1 1 0 1503 1489 1738 2160
11815 4 3 1 1 0 1600 842 872 1571
11816 4 3 1 1 0 1600 2180 1571 872
11817 4 3 1 1 0 2163 2217 1469 1494
11818 4 3 1 1 0 1498 2160 1176 1499
11819 4 3 1 1 0 1585 1175 1446 1582
11820 4 3 1 1 0 756 687 694 1518
11821 4 3 1 1 0 1450 1540 1452 1029
11822 4 3 1 1 0 905 1446 839 1582
11823 4 3 1 1 0 1862 1865 1541 1546
11824 4 3 1 1 0 1015 681 1524 1913
11825 4 3 1 1 0 1611 1000 1916 1670
11826 4 3 1 1 0 1555 2172 1549 1869
11827 4 3 1 1 0 1568 2212 1707 1704
11828 4 3 1 1 0 1553 1017 1869 1545
11829 4 3 1 1 0 1553 1019 1835 1567
11830 4 3 1 1 0 408 2044 355 410
11831 4 3 1 1 0 1611 1388 1430 1000
11832 4 3 1 1 0 1786 1794 1798 1790
11833 4 3 1 1 0 1001 1703 1425 1841
11834 4 3 1 1 0 1847 1798 1786 1794
11835 4 3 1 1 0 1495 1500 1437 1498
11836 4 3 1 1 0 1619 2080 1581 1340
11837 4 3 1 1 0 298 66 2050 67
11838 4 3 1 1 0 1047 1025 1948 1094
11839 4 3 1 1 0 1047 1948 1025 1432
11840 4 3 1 1 0 1606 1601 874 1593
11841 4 3 1 1 0 1606 1601 1593 1603
11842 4 3 1 1 0 811 1601 1594 1593
11843 4 3 1 1 0 1695 1720 1041 1872
11844 4 3 1 1 0 2204 1687 1682 2206
11845 4 3 1 1 0 818 819 1615 1601
11846 4 3 1 1 0 818 824 1615 819
11847 4 3 1 1 0 1607 817 2181 810
11848 4 3 1 1 0 806 880 879 2178
11849 4 3 1 1 0 899 1430 2123 837
11850 4 3 1 1 0 1257 408 356 1232
11851 4 3 1 1 0 1590 1588 809 2181
11852 4 3 1 1 0 1567 1721 1723 1716
11853 4 3 1 1 0 2047 1203 363 391
11854 4 3 1 1 0 1567 1723 1721 1566
11855 4 3 1 1 0 1760 1164 1163 1681
11856 4 3 1 1 0 1540 1541 1564 1543
11857 4 3 1 1 0 1651 1798 1763 1848
11858 4 3 1 1 0 1061 2189 1596 1621
11859 4 3 1 1 0 2047 1203 1215 363
11860 4 3 1 1 0 996 1284 1670 1667
11861 4 3 1 1 0 2052 366 374 345
11862 4 3 1 1 0 1797 1668 984 1675
11863 4 3 1 1 0 1556 1562 1866 1514
11864 4 3 1 1 0 899 1430 837 822
11865 4 3 1 1 0 1897 1711 1839 1195
11866 4 3 1 1 0 1944 1945 1092 1838
11867 4 3 1 1 0 2225 1969 1800 1799
11868 4 3 1 1 0 1345 1985 1313 1323
11869 4 3 1 1 0 899 1430 822 2124
11870 4 3 1 1 0 1321 1182 1286 1240
11871 4 3 1 1 0 1618 1979 1649 1940
11872 4 3 1 1 0 1688 1687 2226 1689
11873 4 3 1 1 0 1687 1684 2226 1689
11874 4 3 1 1 0 1701 1960 1707 961
11875 4 3 1 1 0 1687 1684 1689 2206
11876 4 3 1 1 0 1744 1743 1776 1146
11877 4 3 1 1 0 1680 1743 1776 2222
11878 4 3 1 1 0 1417 1716 1003 1421
11879 4 3 1 1 0 1567 1721 1553 1555
11880 4 3 1 1 0 407 2052 374 345
11881 4 3 1 1 0 1680 1776 1743 1146
11882 4 3 1 1 0 1004 1735 1645 970
11883 4 3 1 1 0 1645 1735 1004 1646
11884 4 3 1 1 0 1712 1718 1841 962
11885 4 3 1 1 0 1277 1899 2230 1903
11886 4 3 1 1 0 1499 1176 1982 1503
11887 4 3 1 1 0 1763 1650 2215 1657
11888 4 3 1 1 0 2204 1687 1683 1682
11889 4 3 1 1 0 1898 1875 1566 1723
11890 4 3 1 1 0 1131 1886 1695 1872
11891 4 3 1 1 0 1682 1687 1688 2206
11892 4 3 1 1 0 999 1717 1713 1676
11893 4 3 1 1 0 1667 1675 1676 998
11894 4 3 1 1 0 972 1728 1735 1733
11895 4 3 1 1 0 2166 1761 1490 1731
11896 4 3 1 1 0 2198 1732 2215 1736
11897 4 3 1 1 0 1313 1345 1319 1828
11898 4 3 1 1 0 1898 1875 1723 1903
11899 4 3 1 1 0 1978 76 75 914
11900 4 3 1 1 0 1739 1740 1685 1142
11901 4 3 1 1 0 1693 960 1685 1683
11902 4 3 1 1 0 1187 1301 1346 2011
11903 4 3 1 1 0 1689 1753 2227 1757
11904 4 3 1 1 0 1754 1757 1753 1689
11905 4 3 1 1 0 1752 1729 1753 2205
11906 4 3 1 1 0 1026 2208 1754 1755
11907 4 3 1 1 0 1506 1734 1755 2208
11908 4 3 1 1 0 1734 968 1730 1731
11909 4 3 1 1 0 1562 1556 1565 1034
11910 4 3 1 1 0 1102 2215 1955 1761
11911 4 3 1 1 0 1069 1810 1921 1422
11912 4 3 1 1 0 1461 1475 2147 1441
11913 4 3 1 1 0 1622 1925 1653 1623
11914 4 3 1 1 0 1978 76 357 75
11915 4 3 1 1 0 1978 75 357 299
11916 4 3 1 1 0 1040 1870 1894 1792
11917 4 3 1 1 0 1028 1878 1836 1877
11918 4 3 1 1 0 258 1150 1152 203
11919 4 3 1 1 0 1836 1870 1028 1877
11920 4 3 1 1 0 1066 981 1152 258
11921 4 3 1 1 0 1037 1038 1042 1704
11922 4 3 1 1 0 1781 1789 1785 983
11923 4 3 1 1 0 1004 2222 1646 1633
11924 4 3 1 1 0 1810 1420 1787 994
11925 4 3 1 1 0 389 1300 386 1274
11926 4 3 1 1 0 1651 1944 1092 1674
11927 4 3 1 1 0 1595 1850 1602 1794
11928 4 3 1 1 0 1812 1788 994 1006
11929 4 3 1 1 0 1688 1687 1689 2206
11930 4 3 1 1 0 1059 1937 1062 1572
11931 4 3 1 1 0 1483 1682 2206 968
11932 4 3 1 1 0 212 1007 1140 208
11933 4 3 1 1 0 1830 2004 1326 1826
11934 4 3 1 1 0 1310 1300 1274 386
11935 4 3 1 1 0 1239 1825 997 1334
11936 4 3 1 1 0 338 1310 340 386
11937 4 3 1 1 0 1670 2119 958 1411
11938 4 3 1 1 0 1816 1372 1387 1411
11939 4 3 1 1 0 1962 1961 1164 1122
11940 4 3 1 1 0 1945 1944 1661 1838
11941 4 3 1 1 0 1673 1800 2202 998
11942 4 3 1 1 0 1961 1501 1461 579
11943 4 3 1 1 0 1619 829 1606 1581
11944 4 3 1 1 0 1417 1425 2121 1003
11945 4 3 1 1 0 1734 1483 2206 968
11946 4 3 1 1 0 1020 1720 1867 1041
11947 4 3 1 1 0 1619 1606 829 1266
11948 4 3 1 1 0 1831 1719 962 1200
11949 4 3 1 1 0 2009 1722 2214 1376
11950 4 3 1 1 0 1734 1730 1508 2166
11951 4 3 1 1 0 809 1587 1594 2186
11952 4 3 1 1 0 1140 1136 1007 1853
11953 4 3 1 1 0 1007 1137 1851 1156
11954 4 3 1 1 0 1631 1621 831 2180
11955 4 3 1 1 0 1533 1525 1564 2169
11956 4 3 1 1 0 809 1594 1587 1590
11957 4 3 1 1 0 1022 1525 1879 1647
11958 4 3 1 1 0 1033 1432 1879 1047
11959 4 3 1 1 0 1978 76 1207 357
11960 4 3 1 1 0 1167 1859 1767 1014
11961 4 3 1 1 0 1536 1870 1546 1871
11962 4 3 1 1 0 1553 1546 1869 1020
11963 4 3 1 1 0 2052 299 366 1977
11964 4 3 1 1 0 1207 128 622 550
11965 4 3 1 1 0 972 2215 1763 1102
11966 4 3 1 1 0 1532 1539 1551 1016
11967 4 3 1 1 0 1894 1837 1703 2220
11968 4 3 1 1 0 1243 2144 1224 1222
11969 4 3 1 1 0 1506 1734 2208 1508
11970 4 3 1 1 0 1243 1224 2144 952
11971 4 3 1 1 0 1483 1682 1737 2206
11972 4 3 1 1 0 1027 1690 969 1481
11973 4 3 1 1 0 2144 1243 952 150
11974 4 3 1 1 0 66 298 2050 1242
11975 4 3 1 1 0 987 1809 1059 1572
11976 4 3 1 1 0 1493 2217 2164 1755
11977 4 3 1 1 0 1217 1218 1517 1219
11978 4 3 1 1 0 1117 282 289 1086
11979 4 3 1 1 0 2030 1219 1218 1217
11980 4 3 1 1 0 1493 1492 1755 2164
11981 4 3 1 1 0 1969 1800 1799 2202
11982 4 3 1 1 0 1337 1897 1896 1308
11983 4 3 1 1 0 1350 1254 1253 2055
11984 4 3 1 1 0 2008 2105 2009 2116
11985 4 3 1 1 0 1670 2191 1611 1664
11986 4 3 1 1 0 1360 2097 1361 2096
11987 4 3 1 1 0 1670 1611 2191 1916
11988 4 3 1 1 0 2021 1375 1376 1209
11989 4 3 1 1 0 2116 2230 1899 2009
11990 4 3 1 1 0 2214 2105 2116 2009
11991 4 3 1 1 0 1093 1077 1946 1804
11992 4 3 1 1 0 1057 245 1064 1065
11993 4 3 1 1 0 1128 1766 1130 1854
11994 4 3 1 1 0 1805 986 1803 1062
11995 4 3 1 1 0 1766 1641 1130 1167
11996 4 3 1 1 0 411 2063 2061 2065
11997 4 3 1 1 0 1064 1778 986 1779
11998 4 3 1 1 0 1086 1109 488 481
11999 4 3 1 1 0 1814 994 1420 1422
12000 4 3 1 1 0 2087 1390 2091 1356
12001 4 3 1 1 0 1709 1010 961 1081
12002 4 3 1 1 0 1888 2104 1374 1889
12003 4 3 1 1 0 784 903 2061 871
12004 4 3 1 1 0 2110 2109 1382 1419
12005 4 3 1 1 0 1910 181 1086 2279
12006 4 3 1 1 0 732 1088 1078 679
12007 4 3 1 1 0 1357 1359 1811 1371
12008 4 3 1 1 0 1985 1984 1828 1179
12009 4 3 1 1 0 732 1088 679 760
12010 4 3 1 1 0 1045 1088 679 1078
12011 4 3 1 1 0 1279 1256 304 412
12012 4 3 1 1 0 2269 2063 2061 292
12013 4 3 1 1 0 1888 2104 254 1105
12014 4 3 1 1 0 1168 1382 1974 1385
12015 4 3 1 1 0 1914 1057 992 985
12016 4 3 1 1 0 1315 1317 1983 1988
12017 4 3 1 1 0 903 2062 845 861
12018 4 3 1 1 0 871 2062 2079 845
12019 4 3 1 1 0 1265 1186 2062 1267
12020 4 3 1 1 0 784 2064 2061 2063
12021 4 3 1 1 0 2194 1613 1622 1623
12022 4 3 1 1 0 1315 1983 1317 1990
12023 4 3 1 1 0 993 992 1914 1063
12024 4 3 1 1 0 1103 1160 219 1114
12025 4 3 1 1 0 1613 1925 1622 1623
12026 4 3 1 1 0 1995 1182 1989 1335
12027 4 3 1 1 0 1161 1635 1114 1634
12028 4 3 1 1 0 1989 1286 1182 1995
12029 4 3 1 1 0 1924 1952 1634 1100
12030 4 3 1 1 0 1678 1759 1161 1634
12031 4 3 1 1 0 1627 1635 1759 1634
12032 4 3 1 1 0 1461 1475 1164 1961
12033 4 3 1 1 0 1475 1461 1164 1760
12034 4 3 1 1 0 1475 1961 1126 1164
12035 4 3 1 1 0 1496 1461 1758 1491
12036 4 3 1 1 0 1847 1845 1762 1807
12037 4 3 1 1 0 1126 1164 1772 1678
12038 4 3 1 1 0 1740 1696 1685 1142
12039 4 3 1 1 0 2201 1944 1179 1661
12040 4 3 1 1 0 1408 504 1357 451
12041 4 3 1 1 0 1802 1165 1957 2110
12042 4 3 1 1 0 1009 1165 1936 1138
12043 4 3 1 1 0 459 1357 504 451
12044 4 3 1 1 0 1165 1802 1957 1007
12045 4 3 1 1 0 282 1910 181 1086
12046 4 3 1 1 0 1942 2053 1994 1992
12047 4 3 1 1 0 1911 1525 783 1524
12048 4 3 1 1 0 1117 1109 289 248
12049 4 3 1 1 0 353 354 1993 343
12050 4 3 1 1 0 783 1525 1911 761
12051 4 3 1 1 0 907 1049 912 909
12052 4 3 1 1 0 1192 1398 2067 2066
12053 4 3 1 1 0 1269 1999 2066 1270
12054 4 3 1 1 0 2025 433 2067 513
12055 4 3 1 1 0 2000 348 362 401
12056 4 3 1 1 0 939 66 2050 1242
12057 4 3 1 1 0 1209 511 518 474
12058 4 3 1 1 0 2063 292 411 2061
12059 4 3 1 1 0 826 885 873 1616
12060 4 3 1 1 0 1109 253 289 248
12061 4 3 1 1 0 1405 1403 1364 1404
12062 4 3 1 1 0 1817 1403 2114 1406
12063 4 3 1 1 0 2163 575 1494 576
12064 4 3 1 1 0 2237 128 1207 550
12065 4 3 1 1 0 2237 128 550 5
12066 4 3 1 1 0 77 5 306 2237
12067 4 3 1 1 0 648 596 1447 2165
12068 4 3 1 1 0 2099 2261 168 797
12069 4 3 1 1 0 1205 2027 1511 1214
12070 4 3 1 1 0 632 562 1484 2027
12071 4 3 1 1 0 1499 2019 2018 1205
12072 4 3 1 1 0 562 1510 1484 2027
12073 4 3 1 1 0 562 2076 1510 2027
12074 4 3 1 1 0 1727 1648 1725 1472
12075 4 3 1 1 0 1217 1223 2038 2039
12076 4 3 1 1 0 228 280 272 1030
12077 4 3 1 1 0 394 2056 2054 2058
12078 4 3 1 1 0 2056 1254 2054 2058
12079 4 3 1 1 0 168 2261 2099 109
12080 4 3 1 1 0 1252 858 2051 1253
12081 4 3 1 1 0 2177 1832 1253 1283
12082 4 3 1 1 0 2142 1887 1450 1029
12083 4 3 1 1 0 365 1241 298 413
12084 4 3 1 1 0 510 2106 464 511
12085 4 3 1 1 0 1268 353 379 411
12086 4 3 1 1 0 342 1268 379 346
12087 4 3 1 1 0 391 1201 388 1298
12088 4 3 1 1 0 2070 1304 2011 1301
12089 4 3 1 1 0 1198 2011 1275 1300
12090 4 3 1 1 0 1300 2070 2011 1275
12091 4 3 1 1 0 342 2077 1268 346
12092 4 3 1 1 0 342 2077 346 333
12093 4 3 1 1 0 1995 2077 1186 1268
12094 4 3 1 1 0 510 464 2106 1376
12095 4 3 1 1 0 1319 1187 1988 1313
12096 4 3 1 1 0 1316 1321 382 1314
12097 4 3 1 1 0 1209 464 2106 511
12098 4 3 1 1 0 1319 1187 1313 1305
12099 4 3 1 1 0 507 477 532 2112
12100 4 3 1 1 0 1390 489 532 468
12101 4 3 1 1 0 506 1416 1386 1394
12102 4 3 1 1 0 1209 2106 464 1376
12103 4 3 1 1 0 1209 2105 2106 1376
12104 4 3 1 1 0 451 1408 447 1418
12105 4 3 1 1 0 1364 1404 1403 508
12106 4 3 1 1 0 104 427 1373 2254
12107 4 3 1 1 0 1428 1430 1388 2123
12108 4 3 1 1 0 1209 2106 2105 1210
12109 4 3 1 1 0 1030 280 272 1035
12110 4 3 1 1 0 2098 787 2108 1368
12111 4 3 1 1 0 1390 2111 1394 2112
12112 4 3 1 1 0 507 1390 1394 2112
12113 4 3 1 1 0 2111 1008 1116 1424
12114 4 3 1 1 0 477 466 2112 507
12115 4 3 1 1 0 2066 1271 1191 1999
12116 4 3 1 1 0 1070 524 1889 1068
12117 4 3 1 1 0 821 1430 822 837
12118 4 3 1 1 0 1448 1887 1449 1476
12119 4 3 1 1 0 525 494 1379 503
12120 4 3 1 1 0 1367 1427 1387 1373
12121 4 3 1 1 0 1440 1449 1887 1476
12122 4 3 1 1 0 2099 529 423 1363
12123 4 3 1 1 0 2180 788 1571 894
12124 4 3 1 1 0 820 1613 2192 2188
12125 4 3 1 1 0 1491 627 1495 1496
12126 4 3 1 1 0 1460 1758 1926 1441
12127 4 3 1 1 0 2128 1496 1441 1436
12128 4 3 1 1 0 633 2141 1469 1471
12129 4 3 1 1 0 1479 1471 2140 634
12130 4 3 1 1 0 746 718 775 1458
12131 4 3 1 1 0 1571 788 2180 1580
12132 4 3 1 1 0 1618 1658 1649 957
12133 4 3 1 1 0 1476 1458 718 1467
12134 4 3 1 1 0 892 869 2148 786
12135 4 3 1 1 0 718 1458 1476 775
12136 4 3 1 1 0 1101 1076 1441 1460
12137 4 3 1 1 0 1710 1037 1704 1038
12138 4 3 1 1 0 2158 2018 586 1205
12139 4 3 1 1 0 1466 1724 2153 1113
12140 4 3 1 1 0 1489 1732 1663 1738
12141 4 3 1 1 0 1101 1441 1076 2145
12142 4 3 1 1 0 1702 1705 1698 1701
12143 4 3 1 1 0 771 740 1450 749
12144 4 3 1 1 0 2076 660 2027 635
12145 4 3 1 1 0 660 602 2027 635
12146 4 3 1 1 0 771 1450 740 1448
12147 4 3 1 1 0 1216 1204 1205 1214
12148 4 3 1 1 0 1202 2028 2015 1214
12149 4 3 1 1 0 1070 1888 1802 1068
12150 4 3 1 1 0 1307 1306 317 1304
12151 4 3 1 1 0 2166 1731 1730 1502
12152 4 3 1 1 0 1931 1437 1929 1473
12153 4 3 1 1 0 1757 1689 1026 2170
12154 4 3 1 1 0 1689 1757 1026 1754
12155 4 3 1 1 0 1087 1937 1059 1809
12156 4 3 1 1 0 1589 1087 1809 1630
12157 4 3 1 1 0 2179 1809 1588 2176
12158 4 3 1 1 0 987 1572 2184 1588
12159 4 3 1 1 0 1601 1923 1615 1604
12160 4 3 1 1 0 1735 1745 970 1004
12161 4 3 1 1 0 1132 2204 1652 1748
12162 4 3 1 1 0 818 1601 1604 813
12163 4 3 1 1 0 1599 1598 2189 2188
12164 4 3 1 1 0 1599 2189 1598 1918
12165 4 3 1 1 0 1599 1613 1598 2188
12166 4 3 1 1 0 1613 820 1598 2188
12167 4 3 1 1 0 2189 830 816 877
12168 4 3 1 1 0 1068 1888 1374 1889
12169 4 3 1 1 0 1649 1930 1929 1620
12170 4 3 1 1 0 818 1616 826 873
12171 4 3 1 1 0 1763 1650 1849 1653
12172 4 3 1 1 0 984 994 1787 1815
12173 4 3 1 1 0 820 815 1604 1598
12174 4 3 1 1 0 1914 1063 238 1922
12175 4 3 1 1 0 1075 2193 1604 1598
12176 4 3 1 1 0 1931 1473 1929 1083
12177 4 3 1 1 0 863 868 904 1950
12178 4 3 1 1 0 1836 1751 1791 2224
12179 4 3 1 1 0 1787 1795 984 1815
12180 4 3 1 1 0 1501 1504 967 2166
12181 4 3 1 1 0 1750 1745 2223 1751
12182 4 3 1 1 0 983 2218 994 1788
12183 4 3 1 1 0 1789 1785 2218 1750
12184 4 3 1 1 0 1753 1757 1638 1865
12185 4 3 1 1 0 1371 1363 2100 473
12186 4 3 1 1 0 1474 826 1616 885
12187 4 3 1 1 0 2216 1451 1471 2141
12188 4 3 1 1 0 1699 1156 1780 2219
12189 4 3 1 1 0 1749 1132 1840 1652
12190 4 3 1 1 0 1748 1945 1652 1749
12191 4 3 1 1 0 1736 1682 968 2204
12192 4 3 1 1 0 1682 2206 968 2204
12193 4 3 1 1 0 1616 1474 885 1473
12194 4 3 1 1 0 1782 1846 1629 1775
12195 4 3 1 1 0 1705 1165 1137 1851
12196 4 3 1 1 0 1757 1538 1638 1865
12197 4 3 1 1 0 1233 1234 1997 1189
12198 4 3 1 1 0 1631 1950 863 904
12199 4 3 1 1 0 1218 1965 1563 1565
12200 4 3 1 1 0 1218 1565 1219 1742
12201 4 3 1 1 0 1900 1873 1041 1898
12202 4 3 1 1 0 1566 1876 1723 1875
12203 4 3 1 1 0 971 1757 1647 1638
12204 4 3 1 1 0 1876 1566 1567 1555
12205 4 3 1 1 0 1457 2086 1262 1456
12206 4 3 1 1 0 1711 1829 1195 1826
12207 4 3 1 1 0 1099 1112 210 273
12208 4 3 1 1 0 2150 1465 1473 1436
12209 4 3 1 1 0 1512 1460 1925 1436
12210 4 3 1 1 0 2129 540 2149 2148
12211 4 3 1 1 0 1457 1262 2086 1261
12212 4 3 1 1 0 1464 1931 1436 1473
12213 4 3 1 1 0 2150 1464 1436 1473
12214 4 3 1 1 0 306 2266 373 77
12215 4 3 1 1 0 1204 2015 1205 1214
12216 4 3 1 1 0 1351 1206 1204 1216
12217 4 3 1 1 0 1045 1078 2245 185
12218 4 3 1 1 0 1909 674 729 732
12219 4 3 1 1 0 2278 299 74 1975
12220 4 3 1 1 0 2278 359 73 74
12221 4 3 1 1 0 521 2088 1391 1395
12222 4 3 1 1 0 1055 783 1524 1911
12223 4 3 1 1 0 1363 2094 1370 2095
12224 4 3 1 1 0 681 783 1524 1055
12225 4 3 1 1 0 525 494 419 1379
12226 4 3 1 1 0 105 1381 106 499
12227 4 3 1 1 0 1648 1504 1119 1472
12228 4 3 1 1 0 160 2135 918 125
12229 4 3 1 1 0 1011 1055 1913 1912
12230 4 3 1 1 0 6 2135 160 125
12231 4 3 1 1 0 1055 1911 1913 1912
12232 4 3 1 1 0 742 2282 1395 141
12233 4 3 1 1 0 1648 1504 1472 965
12234 4 3 1 1 0 1400 772 742 713
12235 4 3 1 1 0 741 1400 742 713
12236 4 3 1 1 0 2135 160 159 889
12237 4 3 1 1 0 126 1986 918 915
12238 4 3 1 1 0 1011 1912 1913 1014
12239 4 3 1 1 0 1864 1534 1861 1536
12240 4 3 1 1 0 1504 1472 965 966
12241 4 3 1 1 0 1065 245 175 274
12242 4 3 1 1 0 290 245 175 1065
12243 4 3 1 1 0 1705 1165 1851 1706
12244 4 3 1 1 0 1065 1077 2239 175
12245 4 3 1 1 0 1851 1705 1706 1006
12246 4 3 1 1 0 1134 192 194 1127
12247 4 3 1 1 0 1898 1277 1337 1341
12248 4 3 1 1 0 264 1129 191 192
12249 4 3 1 1 0 195 1129 264 192
12250 4 3 1 1 0 1341 1898 1903 1874
12251 4 3 1 1 0 1053 1052 170 1908
12252 4 3 1 1 0 1053 170 285 287
12253 4 3 1 1 0 1774 1947 1779 1112
12254 4 3 1 1 0 980 219 1114 210
12255 4 3 1 1 0 1093 273 224 209
12256 4 3 1 1 0 986 1057 1064 1065
12257 4 3 1 1 0 254 1105 277 226
12258 4 3 1 1 0 1174 1584 1982 1176
12259 4 3 1 1 0 2089 2090 1426 1384
12260 4 3 1 1 0 1584 2138 1174 2078
12261 4 3 1 1 0 176 2287 234 964
12262 4 3 1 1 0 958 1671 1669 1665
12263 4 3 1 1 0 1549 2173 1548 1560
12264 4 3 1 1 0 195 202 1143 199
12265 4 3 1 1 0 1118 1120 261 1121
12266 4 3 1 1 0 220 1162 260 980
12267 4 3 1 1 0 1120 1162 261 1121
12268 4 3 1 1 0 231 1162 1121 261
12269 4 3 1 1 0 1766 1641 1167 1861
12270 4 3 1 1 0 1167 1861 1641 1569
12271 4 3 1 1 0 2124 864 899 2123
12272 4 3 1 1 0 2024 2105 1210 2008
12273 4 3 1 1 0 1540 1543 1564 1452
12274 4 3 1 1 0 1543 1526 1564 1452
12275 4 3 1 1 0 2070 1301 2011 2069
12276 4 3 1 1 0 1233 310 2029 2032
12277 4 3 1 1 0 1301 2070 2068 2069
12278 4 3 1 1 0 1183 1347 1327 1298
12279 4 3 1 1 0 391 1201 1298 1203
12280 4 3 1 1 0 2167 1021 1536 1568
12281 4 3 1 1 0 1830 1329 1325 2005
12282 4 3 1 1 0 331 324 1309 338
12283 4 3 1 1 0 1320 328 381 323
12284 4 3 1 1 0 2178 2176 883 1578
12285 4 3 1 1 0 372 1188 374 1206
12286 4 3 1 1 0 2052 409 366 345
12287 4 3 1 1 0 2052 409 345 1994
12288 4 3 1 1 0 1669 1630 1808 1579
12289 4 3 1 1 0 1378 1370 990 1808
12290 4 3 1 1 0 2001 1191 2066 2003
12291 4 3 1 1 0 1437 1473 1474 1929
12292 4 3 1 1 0 1378 1630 1808 990
12293 4 3 1 1 0 292 2061 378 379
12294 4 3 1 1 0 2061 292 411 379
12295 4 3 1 1 0 1268 2061 411 379
12296 4 3 1 1 0 378 2061 2056 379
12297 4 3 1 1 0 2061 1268 2056 379
12298 4 3 1 1 0 883 1370 2102 1578
12299 4 3 1 1 0 1282 365 2059 396
12300 4 3 1 1 0 365 404 2059 396
12301 4 3 1 1 0 2059 1282 396 2077
12302 4 3 1 1 0 404 2059 396 2077
12303 4 3 1 1 0 818 1616 873 1604
12304 4 3 1 1 0 2178 883 2102 1578
12305 4 3 1 1 0 2187 1918 1602 1594
12306 4 3 1 1 0 2187 1918 1594 1597
12307 4 3 1 1 0 2187 1590 1587 1594
12308 4 3 1 1 0 1395 141 3 675
12309 4 3 1 1 0 1597 2187 1587 1594
12310 4 3 1 1 0 1049 908 142 909
12311 4 3 1 1 0 688 1532 1544 1535
12312 4 3 1 1 0 1395 492 521 430
12313 4 3 1 1 0 443 1408 1409 447
12314 4 3 1 1 0 1597 2186 1594 1587
12315 4 3 1 1 0 1408 443 446 447
12316 4 3 1 1 0 1075 1598 2185 1594
12317 4 3 1 1 0 953 132 2144 149
12318 4 3 1 1 0 2130 652 595 596
12319 4 3 1 1 0 1777 1110 1806 1775
12320 4 3 1 1 0 517 1168 527 1086
12321 4 3 1 1 0 519 1168 527 469
12322 4 3 1 1 0 1168 517 527 469
12323 4 3 1 1 0 2130 652 596 2137
12324 4 3 1 1 0 1106 1787 1378 1784
12325 4 3 1 1 0 1347 1327 1990 1183
12326 4 3 1 1 0 1398 432 487 2002
12327 4 3 1 1 0 537 435 1259 1260
12328 4 3 1 1 0 1398 432 435 487
12329 4 3 1 1 0 2112 532 1390 521
12330 4 3 1 1 0 1612 1823 2191 1625
12331 4 3 1 1 0 1823 1612 1624 1625
12332 4 3 1 1 0 2146 1580 1463 1101
12333 4 3 1 1 0 614 2145 643 549
12334 4 3 1 1 0 647 2145 614 549
12335 4 3 1 1 0 1112 1114 210 980
12336 4 3 1 1 0 1482 2162 1490 2157
12337 4 3 1 1 0 1472 599 589 588
12338 4 3 1 1 0 630 1505 600 589
12339 4 3 1 1 0 1505 966 600 589
12340 4 3 1 1 0 1472 588 589 966
12341 4 3 1 1 0 568 1507 2163 629
12342 4 3 1 1 0 966 1472 600 589
12343 4 3 1 1 0 1472 599 600 589
12344 4 3 1 1 0 1347 1990 1327 1301
12345 4 3 1 1 0 1507 568 628 629
12346 4 3 1 1 0 2236 37 267 38
12347 4 3 1 1 0 1418 2100 2122 503
12348 4 3 1 1 0 1639 973 1636 1119
12349 4 3 1 1 0 1640 1636 1119 1639
12350 4 3 1 1 0 622 1987 542 1986
12351 4 3 1 1 0 2141 597 634 587
12352 4 3 1 1 0 1930 1981 1956 1649
12353 4 3 1 1 0 306 1207 357 2016
12354 4 3 1 1 0 613 2016 651 550
12355 4 3 1 1 0 76 5 2237 306
12356 4 3 1 1 0 1352 1353 2235 422
12357 4 3 1 1 0 1395 1352 2288 482
12358 4 3 1 1 0 1418 2122 2100 1579
12359 4 3 1 1 0 2199 1624 1940 1941
12360 4 3 1 1 0 1532 689 754 686
12361 4 3 1 1 0 1532 1537 754 689
12362 4 3 1 1 0 1537 693 754 689
12363 4 3 1 1 0 1528 701 696 702
12364 4 3 1 1 0 1806 1635 1633 1632
12365 4 3 1 1 0 1704 1021 1707 1568
12366 4 3 1 1 0 1732 1484 1481 1738
12367 4 3 1 1 0 969 1732 1738 1663
12368 4 3 1 1 0 1448 744 665 771
12369 4 3 1 1 0 1481 1732 1738 969
12370 4 3 1 1 0 1690 1481 1738 969
12371 4 3 1 1 0 739 1072 777 1084
12372 4 3 1 1 0 1072 779 777 1477
12373 4 3 1 1 0 723 1550 1384 753
12374 4 3 1 1 0 778 723 1384 753
12375 4 3 1 1 0 1648 1504 965 973
12376 4 3 1 1 0 1355 1550 1876 1554
12377 4 3 1 1 0 1648 1504 973 1119
12378 4 3 1 1 0 1670 2119 1411 996
12379 4 3 1 1 0 151 1225 152 730
12380 4 3 1 1 0 716 1349 717 737
12381 4 3 1 1 0 716 1349 737 1229
12382 4 3 1 1 0 734 716 782 1229
12383 4 3 1 1 0 1228 1229 1231 782
12384 4 3 1 1 0 2236 37 182 267
12385 4 3 1 1 0 995 2119 1816 958
12386 4 3 1 1 0 787 2107 895 2108
12387 4 3 1 1 0 787 887 2108 895
12388 4 3 1 1 0 2107 865 787 895
12389 4 3 1 1 0 1428 2122 1387 1671
12390 4 3 1 1 0 1919 1572 804 2184
12391 4 3 1 1 0 2119 1816 958 1411
12392 4 3 1 1 0 2144 1243 150 746
12393 4 3 1 1 0 808 881 805 2184
12394 4 3 1 1 0 2042 2043 1529 2041
12395 4 3 1 1 0 2176 1573 1572 804
12396 4 3 1 1 0 801 2176 804 1573
12397 4 3 1 1 0 2081 850 886 896
12398 4 3 1 1 0 2081 850 896 1577
12399 4 3 1 1 0 2082 825 888 838
12400 4 3 1 1 0 2082 825 838 2080
12401 4 3 1 1 0 825 834 838 2080
12402 4 3 1 1 0 2098 1370 2099 1363
12403 4 3 1 1 0 2098 852 855 887
12404 4 3 1 1 0 1600 842 1571 1512
12405 4 3 1 1 0 1740 969 1685 1884
12406 4 3 1 1 0 1739 969 1663 1685
12407 4 3 1 1 0 1661 1739 1663 1685
12408 4 3 1 1 0 1696 1694 1884 1685
12409 4 3 1 1 0 795 2136 860 889
12410 4 3 1 1 0 1740 1696 1884 1685
12411 4 3 1 1 0 881 2183 848 906
12412 4 3 1 1 0 884 2183 848 1089
12413 4 3 1 1 0 2183 1919 906 2184
12414 4 3 1 1 0 881 2183 906 2184
12415 4 3 1 1 0 483 99 2277 1208
12416 4 3 1 1 0 2020 483 2277 1208
12417 4 3 1 1 0 2254 153 798 1373
12418 4 3 1 1 0 2254 153 1373 104
12419 4 3 1 1 0 1106 1422 1921 1810
12420 4 3 1 1 0 2101 1427 1367 1373
12421 4 3 1 1 0 1618 1620 957 1649
12422 4 3 1 1 0 1942 1323 1984 1181
12423 4 3 1 1 0 1979 1618 1649 1615
12424 4 3 1 1 0 1437 1444 1474 2151
12425 4 3 1 1 0 1584 1930 1175 1649
12426 4 3 1 1 0 259 1147 260 199
12427 4 3 1 1 0 187 1013 240 1054
12428 4 3 1 1 0 1146 1148 1743 1166
12429 4 3 1 1 0 1453 1443 590 2126
12430 4 3 1 1 0 1453 619 590 1443
12431 4 3 1 1 0 1146 1145 1144 1764
12432 4 3 1 1 0 1424 1393 1561 1392
12433 4 3 1 1 0 285 247 170 1052
12434 4 3 1 1 0 1373 849 154 153
12435 4 3 1 1 0 1787 1813 1579 1795
12436 4 3 1 1 0 1630 1809 1808 990
12437 4 3 1 1 0 1671 1669 1579 1795
12438 4 3 1 1 0 1671 1369 1579 991
12439 4 3 1 1 0 1738 1485 1489 1732
12440 4 3 1 1 0 1019 1423 1561 1835
12441 4 3 1 1 0 2075 2073 2074 1281
12442 4 3 1 1 0 1705 1171 961 1137
12443 4 3 1 1 0 2073 1903 2074 1341
12444 4 3 1 1 0 116 33 2153 935
12445 4 3 1 1 0 1837 1834 1812 1712
12446 4 3 1 1 0 1509 1435 1025 1948
12447 4 3 1 1 0 984 1791 1789 1788
12448 4 3 1 1 0 1102 2198 1932 1955
12449 4 3 1 1 0 104 1373 941 153
12450 4 3 1 1 0 660 2076 558 635
12451 4 3 1 1 0 1040 1864 1536 1870
12452 4 3 1 1 0 2176 802 883 1074
12453 4 3 1 1 0 1074 1578 990 1370
12454 4 3 1 1 0 937 2101 941 103
12455 4 3 1 1 0 865 1379 1381 2107
12456 4 3 1 1 0 1074 1578 1370 883
12457 4 3 1 1 0 1197 2024 2020 2008
12458 4 3 1 1 0 1653 972 1763 1102
12459 4 3 1 1 0 1715 1425 1841 1001
12460 4 3 1 1 0 1841 1425 1715 1417
12461 4 3 1 1 0 1715 962 1841 1417
12462 4 3 1 1 0 189 1046 1107 266
12463 4 3 1 1 0 1080 1051 1908 1081
12464 4 3 1 1 0 232 217 233 1139
12465 4 3 1 1 0 1107 1907 1081 1042
12466 4 3 1 1 0 1278 2073 1341 1277
12467 4 3 1 1 0 1118 1681 1121 1771
12468 4 3 1 1 0 1761 2215 1955 1731
12469 4 3 1 1 0 2014 2073 1256 2060
12470 4 3 1 1 0 1122 1773 640 650
12471 4 3 1 1 0 1007 1157 1138 216
12472 4 3 1 1 0 1485 1955 1731 2162
12473 4 3 1 1 0 619 2252 136 552
12474 4 3 1 1 0 1485 1731 1955 1732
12475 4 3 1 1 0 1157 1109 1032 1957
12476 4 3 1 1 0 1957 1157 1138 1007
12477 4 3 1 1 0 1066 981 1140 985
12478 4 3 1 1 0 1199 2014 2072 2012
12479 4 3 1 1 0 1700 1135 1853 1136
12480 4 3 1 1 0 239 1057 225 270
12481 4 3 1 1 0 1066 258 213 1140
12482 4 3 1 1 0 1162 1147 980 1972
12483 4 3 1 1 0 1162 1147 1972 1120
12484 4 3 1 1 0 1160 220 230 219
12485 4 3 1 1 0 1160 980 219 1114
12486 4 3 1 1 0 1663 1177 1489 1980
12487 4 3 1 1 0 1160 1162 980 1679
12488 4 3 1 1 0 1160 980 1114 1679
12489 4 3 1 1 0 329 1248 330 345
12490 4 3 1 1 0 1214 1215 1202 2028
12491 4 3 1 1 0 1980 1663 2201 1739
12492 4 3 1 1 0 604 1963 544 611
12493 4 3 1 1 0 1329 2004 1324 1194
12494 4 3 1 1 0 1324 2004 1319 1194
12495 4 3 1 1 0 1213 2025 486 1210
12496 4 3 1 1 0 518 514 1210 486
12497 4 3 1 1 0 483 1210 518 1208
12498 4 3 1 1 0 2105 2008 1209 1210
12499 4 3 1 1 0 1360 2010 1209 2021
12500 4 3 1 1 0 511 514 437 2106
12501 4 3 1 1 0 511 518 514 1210
12502 4 3 1 1 0 1270 514 1210 2106
12503 4 3 1 1 0 2034 297 1224 2029
12504 4 3 1 1 0 2037 1996 1272 1226
12505 4 3 1 1 0 1893 961 1699 1702
12506 4 3 1 1 0 2262 2038 301 370
12507 4 3 1 1 0 1542 1537 1539 693
12508 4 3 1 1 0 942 937 1366 1242
12509 4 3 1 1 0 303 2049 2048 1249
12510 4 3 1 1 0 2050 2054 358 2231
12511 4 3 1 1 0 633 1480 560 1471
12512 4 3 1 1 0 1241 2059 2050 1255
12513 4 3 1 1 0 1255 1254 1244 1283
12514 4 3 1 1 0 1252 939 940 938
12515 4 3 1 1 0 365 358 298 2050
12516 4 3 1 1 0 1843 1703 1423 1701
12517 4 3 1 1 0 1843 1703 1701 1871
12518 4 3 1 1 0 1799 1829 1711 1002
12519 4 3 1 1 0 1196 1329 1337 1308
12520 4 3 1 1 0 1309 335 331 1330
12521 4 3 1 1 0 1330 1337 1329 1331
12522 4 3 1 1 0 1894 1701 1040 2220
12523 4 3 1 1 0 1268 1993 353 2065
12524 4 3 1 1 0 1174 2053 1246 1291
12525 4 3 1 1 0 1716 1003 1019 1835
12526 4 3 1 1 0 1019 1567 1716 1835
12527 4 3 1 1 0 1967 1324 1308 1895
12528 4 3 1 1 0 1348 1967 1308 1900
12529 4 3 1 1 0 1348 1311 1900 1308
12530 4 3 1 1 0 1196 1324 1329 1308
12531 4 3 1 1 0 1329 2004 1308 1324
12532 4 3 1 1 0 326 332 1239 1240
12533 4 3 1 1 0 1668 1829 1799 1002
12534 4 3 1 1 0 2005 1306 1314 1194
12535 4 3 1 1 0 2005 1306 1194 1329
12536 4 3 1 1 0 1312 1330 2006 1309
12537 4 3 1 1 0 328 324 1325 1309
12538 4 3 1 1 0 1186 1342 1295 1267
12539 4 3 1 1 0 326 1239 332 334
12540 4 3 1 1 0 2077 1287 1995 1286
12541 4 3 1 1 0 1289 1186 1290 1995
12542 4 3 1 1 0 1942 1291 1992 1340
12543 4 3 1 1 0 965 1769 1113 1726
12544 4 3 1 1 0 1332 371 1278 1276
12545 4 3 1 1 0 1186 1268 1295 1995
12546 4 3 1 1 0 468 530 1356 497
12547 4 3 1 1 0 1361 497 530 495
12548 4 3 1 1 0 1332 402 371 1276
12549 4 3 1 1 0 2097 530 1361 1356
12550 4 3 1 1 0 2101 102 937 1366
12551 4 3 1 1 0 2045 390 363 305
12552 4 3 1 1 0 2101 1244 941 1373
12553 4 3 1 1 0 849 798 153 1373
12554 4 3 1 1 0 2101 104 490 1373
12555 4 3 1 1 0 2045 363 390 2047
12556 4 3 1 1 0 1392 2087 2088 1390
12557 4 3 1 1 0 2111 1392 2088 1390
12558 4 3 1 1 0 2091 1356 1844 2087
12559 4 3 1 1 0 1356 2089 1426 1844
12560 4 3 1 1 0 2111 1390 1394 2091
12561 4 3 1 1 0 1048 172 1890 1035
12562 4 3 1 1 0 1048 1890 172 2255
12563 4 3 1 1 0 2089 1355 1426 1844
12564 4 3 1 1 0 2213 999 1713 1407
12565 4 3 1 1 0 2121 1715 1407 2114
12566 4 3 1 1 0 1513 1647 1432 1435
12567 4 3 1 1 0 1799 1839 1686 1002
12568 4 3 1 1 0 1413 445 1406 441
12569 4 3 1 1 0 1799 1711 1839 1002
12570 4 3 1 1 0 1106 1787 1784 994
12571 4 3 1 1 0 447 1410 454 1418
12572 4 3 1 1 0 1410 2122 503 1418
12573 4 3 1 1 0 995 2119 958 1818
12574 4 3 1 1 0 1566 1723 1876 1567
12575 4 3 1 1 0 2118 1364 1372 1411
12576 4 3 1 1 0 786 2150 892 854
12577 4 3 1 1 0 1252 939 938 2050
12578 4 3 1 1 0 1364 2119 1405 996
12579 4 3 1 1 0 977 1113 1769 1726
12580 4 3 1 1 0 888 857 839 1582
12581 4 3 1 1 0 2134 2136 1446 860
12582 4 3 1 1 0 1505 655 1113 1466
12583 4 3 1 1 0 2228 2138 1176 1175
12584 4 3 1 1 0 2150 2148 1512 1436
12585 4 3 1 1 0 2077 333 396 346
12586 4 3 1 1 0 2128 2148 2129 1436
12587 4 3 1 1 0 2148 1512 1436 1462
12588 4 3 1 1 0 2128 2148 1436 1462
12589 4 3 1 1 0 2077 1268 346 2058
12590 4 3 1 1 0 1491 1490 572 1461
12591 4 3 1 1 0 579 1501 1461 573
12592 4 3 1 1 0 329 1248 345 1318
12593 4 3 1 1 0 1318 384 345 329
12594 4 3 1 1 0 2217 2127 1469 1494
12595 4 3 1 1 0 1177 1981 1503 2229
12596 4 3 1 1 0 1288 1261 1997 2046
12597 4 3 1 1 0 389 1272 414 312
12598 4 3 1 1 0 1261 1997 2046 1235
12599 4 3 1 1 0 1531 1534 1015 1862
12600 4 3 1 1 0 1038 1534 1519 1536
12601 4 3 1 1 0 1913 1124 1959 1011
12602 4 3 1 1 0 370 2262 1227 2270
12603 4 3 1 1 0 2169 1534 1015 1860
12604 4 3 1 1 0 364 392 1223 414
12605 4 3 1 1 0 682 758 685 1015
12606 4 3 1 1 0 1204 1202 403 295
12607 4 3 1 1 0 1204 344 373 403
12608 4 3 1 1 0 1542 1537 1016 1539
12609 4 3 1 1 0 360 1202 295 395
12610 4 3 1 1 0 314 2037 311 2036
12611 4 3 1 1 0 695 1515 703 1559
12612 4 3 1 1 0 701 695 703 1559
12613 4 3 1 1 0 1229 1515 1349 2033
12614 4 3 1 1 0 1229 1515 2033 1559
12615 4 3 1 1 0 1539 1548 692 1544
12616 4 3 1 1 0 695 1556 1559 1548
12617 4 3 1 1 0 2173 1556 1559 1220
12618 4 3 1 1 0 2037 314 1298 2036
12619 4 3 1 1 0 358 2231 68 67
12620 4 3 1 1 0 948 943 945 1922
12621 4 3 1 1 0 948 943 1922 51
12622 4 3 1 1 0 1922 2264 993 1063
12623 4 3 1 1 0 1067 245 180 278
12624 4 3 1 1 0 789 802 1073 882
12625 4 3 1 1 0 314 311 391 2036
12626 4 3 1 1 0 314 391 1298 2036
12627 4 3 1 1 0 813 815 2185 1604
12628 4 3 1 1 0 808 2182 2184 1587
12629 4 3 1 1 0 2184 1587 1591 987
12630 4 3 1 1 0 2186 809 1587 877
12631 4 3 1 1 0 1597 2186 1587 877
12632 4 3 1 1 0 2085 1222 2144 2086
12633 4 3 1 1 0 311 310 391 2036
12634 4 3 1 1 0 1270 2025 2024 1210
12635 4 3 1 1 0 1120 1162 260 261
12636 4 3 1 1 0 2025 1270 2024 1269
12637 4 3 1 1 0 1624 1619 1612 1090
12638 4 3 1 1 0 1619 1603 1612 1090
12639 4 3 1 1 0 1269 1999 1270 2024
12640 4 3 1 1 0 1831 1897 1899 1331
12641 4 3 1 1 0 1924 1952 1100 1580
12642 4 3 1 1 0 1924 1950 1097 1952
12643 4 3 1 1 0 1924 1958 1634 1097
12644 4 3 1 1 0 1924 1958 1097 1621
12645 4 3 1 1 0 1924 1627 1101 1634
12646 4 3 1 1 0 1100 1924 1101 1634
12647 4 3 1 1 0 1924 1958 1621 1627
12648 4 3 1 1 0 1924 1958 1627 1634
12649 4 3 1 1 0 1506 1435 1497 1494
12650 4 3 1 1 0 1022 1538 2169 1647
12651 4 3 1 1 0 1324 2007 1304 1302
12652 4 3 1 1 0 219 1099 1114 210
12653 4 3 1 1 0 223 273 1099 210
12654 4 3 1 1 0 1657 1662 1650 2198
12655 4 3 1 1 0 1945 1656 1651 1657
12656 4 3 1 1 0 1657 1662 2198 1656
12657 4 3 1 1 0 219 1099 210 223
12658 4 3 1 1 0 1304 1303 1324 1306
12659 4 3 1 1 0 1063 239 278 238
12660 4 3 1 1 0 1387 1388 1671 1411
12661 4 3 1 1 0 1364 2119 996 1411
12662 4 3 1 1 0 1370 1369 2102 1808
12663 4 3 1 1 0 1370 990 1808 1578
12664 4 3 1 1 0 1809 1630 1808 2179
12665 4 3 1 1 0 190 1046 266 193
12666 4 3 1 1 0 1771 1681 1772 1164
12667 4 3 1 1 0 960 969 1697 1694
12668 4 3 1 1 0 1687 960 1697 1694
12669 4 3 1 1 0 1687 960 1694 1693
$EndElements
$Periodicity
507
4 2 0 0 0
5 3 0 0 0
6 1 0 0 0
7 2 0 0 0
10 2 0 0 0
11 9 0 0 0
12 8 0 0 0
13 3 0 0 0
15 9 0 0 0
16 14 0 0 0
17 9 0 0 0
18 3 0 0 0
19 8 0 0 0
20 14 0 0 0
21 1 0 0 0
22 14 0 0 0
23 1 0 0 0
24 8 0 0 0
57 45 0 0 0
58 46 0 0 0
59 47 0 0 0
60 48 0 0 0
61 49 0 0 0
62 50 0 0 0
63 51 0 0 0
64 52 0 0 0
65 53 0 0 0
66 54 0 0 0
67 55 0 0 0
68 56 0 0 0
69 25 0 0 0
70 26 0 0 0
71 27 0 0 0
72 28 0 0 0
73 29 0 0 0
74 30 0 0 0
75 31 0 0 0
76 32 0 0 0
77 33 0 0 0
78 34 0 0 0
79 35 0 0 0
80 36 0 0 0
81 37 0 0 0
82 38 0 0 0
83 39 0 0 0
84 40 0 0 0
85 41 0 0 0
86 42 0 0 0
87 43 0 0 0
88 44 0 0 0
89 29 0 0 0
90 30 0 0 0
91 31 0 0 0
92 32 0 0 0
101 33 0 0 0
102 34 0 0 0
103 35 0 0 0
104 36 0 0 0
113 93 0 0 0
114 94 0 0 0
115 95 0 0 0
116 96 0 0 0
117 45 0 0 0
118 46 0 0 0
119 47 0 0 0
120 48 0 0 0
121 109 0 0 0
122 110 0 0 0
123 111 0 0 0
124 112 0 0 0
125 105 0 0 0
126 106 0 0 0
127 107 0 0 0
128 108 0 0 0
129 49 0 0 0
130 50 0 0 0
131 51 0 0 0
132 52 0 0 0
133 97 0 0 0
134 98 0 0 0
135 99 0 0 0
136 100 0 0 0
137 25 0 0 0
138 26 0 0 0
139 27 0 0 0
140 28 0 0 0
141 105 0 0 0
142 106 0 0 0
143 107 0 0 0
144 108 0 0 0
145 53 0 0 0
146 54 0 0 0
147 55 0 0 0
148 56 0 0 0
149 109 0 0 0
150 110 0 0 0
151 111 0 0 0
152 112 0 0 0
153 93 0 0 0
154 94 0 0 0
155 95 0 0 0
156 96 0 0 0
157 41 0 0 0
158 42 0 0 0
159 43 0 0 0
160 44 0 0 0
161 97 0 0 0
162 98 0 0 0
163 99 0 0 0
164 100 0 0 0
165 37 0 0 0
166 38 0 0 0
167 39 0 0 0
168 40 0 0 0
292 169 0 0 0
293 170 0 0 0
294 171 0 0 0
295 172 0 0 0
296 173 0 0 0
297 174 0 0 0
298 175 0 0 0
299 176 0 0 0
300 177 0 0 0
301 178 0 0 0
302 179 0 0 0
303 180 0 0 0
304 181 0 0 0
305 182 0 0 0
306 183 0 0 0
307 184 0 0 0
308 185 0 0 0
309 186 0 0 0
310 187 0 0 0
311 188 0 0 0
312 189 0 0 0
313 190 0 0 0
314 191 0 0 0
315 192 0 0 0
316 193 0 0 0
317 194 0 0 0
318 195 0 0 0
319 196 0 0 0
320 197 0 0 0
321 198 0 0 0
322 199 0 0 0
323 200 0 0 0
324 201 0 0 0
325 202 0 0 0
326 203 0 0 0
327 204 0 0 0
328 205 0 0 0
329 206 0 0 0
330 207 0 0 0
331 208 0 0 0
332 209 0 0 0
333 210 0 0 0
334 211 0 0 0
335 212 0 0 0
336 213 0 0 0
337 214 0 0 0
338 215 0 0 0
339 216 0 0 0
340 217 0 0 0
341 218 0 0 0
342 219 0 0 0
343 220 0 0 0
344 221 0 0 0
345 222 0 0 0
346 223 0 0 0
347 224 0 0 0
348 225 0 0 0
349 226 0 0 0
350 227 0 0 0
351 228 0 0 0
352 229 0 0 0
353 230 0 0 0
354 231 0 0 0
355 232 0 0 0
356 233 0 0 0
357 234 0 0 0
358 235 0 0 0
359 236 0 0 0
360 237 0 0 0
361 238 0 0 0
362 239 0 0 0
363 240 0 0 0
364 241 0 0 0
365 242 0 0 0
366 243 0 0 0
367 244 0 0 0
368 245 0 0 0
369 246 0 0 0
370 247 0 0 0
371 248 0 0 0
372 249 0 0 0
373 250 0 0 0
374 251 0 0 0
375 252 0 0 0
376 253 0 0 0
377 254 0 0 0
378 255 0 0 0
379 256 0 0 0
380 257 0 0 0
381 258 0 0 0
382 259 0 0 0
383 260 0 0 0
384 261 0 0 0
385 262 0 0 0
386 263 0 0 0
387 264 0 0 0
388 265 0 0 0
389 266 0 0 0
390 267 0 0 0
391 268 0 0 0
392 269 0 0 0
393 270 0 0 0
394 271 0 0 0
395 272 0 0 0
396 273 0 0 0
397 274 0 0 0
398 275 0 0 0
399 276 0 0 0
400 277 0 0 0
401 278 0 0 0
402 279 0 0 0
403 280 0 0 0
404 281 0 0 0
405 282 0 0 0
406 283 0 0 0
407 284 0 0 0
408 285 0 0 0
409 286 0 0 0
410 287 0 0 0
411 288 0 0 0
412 289 0 0 0
413 290 0 0 0
414 291 0 0 0
538 415 0 0 0
539 416 0 0 0
540 417 0 0 0
541 418 0 0 0
542 419 0 0 0
543 420 0 0 0
544 421 0 0 0
545 422 0 0 0
546 423 0 0 0
547 424 0 0 0
548 425 0 0 0
549 426 0 0 0
550 427 0 0 0
551 428 0 0 0
552 429 0 0 0
553 430 0 0 0
554 431 0 0 0
555 432 0 0 0
556 433 0 0 0
557 434 0 0 0
558 435 0 0 0
559 436 0 0 0
560 437 0 0 0
561 438 0 0 0
562 439 0 0 0
563 440 0 0 0
564 441 0 0 0
565 442 0 0 0
566 443 0 0 0
567 444 0 0 0
568 445 0 0 0
569 446 0 0 0
570 447 0 0 0
571 448 0 0 0
572 449 0 0 0
573 450 0 0 0
574 451 0 0 0
575 452 0 0 0
576 453 0 0 0
577 454 0 0 0
578 455 0 0 0
579 456 0 0 0
580 457 0 0 0
581 458 0 0 0
582 459 0 0 0
583 460 0 0 0
584 461 0 0 0
585 462 0 0 0
586 463 0 0 0
587 464 0 0 0
588 465 0 0 0
589 466 0 0 0
590 467 0 0 0
591 468 0 0 0
592 469 0 0 0
593 470 0 0 0
594 471 0 0 0
595 472 0 0 0
596 473 0 0 0
597 474 0 0 0
598 475 0 0 0
599 476 0 0 0
600 477 0 0 0
601 478 0 0 0
602 479 0 0 0
603 480 0 0 0
604 481 0 0 0
605 482 0 0 0
606 483 0 0 0
607 484 0 0 0
608 485 0 0 0
609 486 0 0 0
610 487 0 0 0
611 488 0 0 0
612 489 0 0 0
613 490 0 0 0
614 491 0 0 0
615 492 0 0 0
616 493 0 0 0
617 494 0 0 0
618 495 0 0 0
619 496 0 0 0
620 497 0 0 0
621 498 0 0 0
622 499 0 0 0
623 500 0 0 0
624 501 0 0 0
625 502 0 0 0
626 503 0 0 0
627 504 0 0 0
628 505 0 0 0
629 506 0 0 0
630 507 0 0 0
631 508 0 0 0
632 509 0 0 0
633 510 0 0 0
634 511 0 0 0
635 512 0 0 0
636 513 0 0 0
637 514 0 0 0
638 515 0 0 0
639 516 0 0 0
640 517 0 0 0
641 518 0 0 0
642 519 0 0 0
643 520 0 0 0
644 521 0 0 0
645 522 0 0 0
646 523 0 0 0
647 524 0 0 0
648 525 0 0 0
649 526 0 0 0
650 527 0 0 0
651 528 0 0 0
652 529 0 0 0
653 530 0 0 0
654 531 0 0 0
655 532 0 0 0
656 533 0 0 0
657 534 0 0 0
658 535 0 0 0
659 536 0 0 0
660 537 0 0 0
784 661 0 0 0
785 662 0 0 0
786 663 0 0 0
787 664 0 0 0
788 665 0 0 0
789 666 0 0 0
790 667 0 0 0
791 668 0 0 0
792 669 0 0 0
793 670 0 0 0
794 671 0 0 0
795 672 0 0 0
796 673 0 0 0
797 674 0 0 0
798 675 0 0 0
799 676 0 0 0
800 677 0 0 0
801 678 0 0 0
802 679 0 0 0
803 680 0 0 0
804 681 0 0 0
805 682 0 0 0
806 683 0 0 0
807 684 0 0 0
808 685 0 0 0
809 686 0 0 0
810 687 0 0 0
811 688 0 0 0
812 689 0 0 0
813 690 0 0 0
814 691 0 0 0
815 692 0 0 0
816 693 0 0 0
817 694 0 0 0
818 695 0 0 0
819 696 0 0 0
820 697 0 0 0
821 698 0 0 0
822 699 0 0 0
823 700 0 0 0
824 701 0 0 0
825 702 0 0 0
826 703 0 0 0
827 704 0 0 0
828 705 0 0 0
829 706 0 0 0
830 707 0 0 0
831 708 0 0 0
832 709 0 0 0
833 710 0 0 0
834 711 0 0 0
835 712 0 0 0
836 713 0 0 0
837 714 0 0 0
838 715 0 0 0
839 716 0 0 0
840 717 0 0 0
841 718 0 0 0
842 719 0 0 0
843 720 0 0 0
844 721 0 0 0
845 722 0 0 0
846 723 0 0 0
847 724 0 0 0
848 725 0 0 0
849 726 0 0 0
850 727 0 0 0
851 728 0 0 0
852 729 0 0 0
853 730 0 0 0
854 731 0 0 0
855 732 0 0 0
856 733 0 0 0
857 734 0 0 0
858 735 0 0 0
859 736 0 0 0
860 737 0 0 0
861 738 0 0 0
862 739 0 0 0
863 740 0 0 0
864 741 0 0 0
865 742 0 0 0
866 743 0 0 0
867 744 0 0 0
868 745 0 0 0
869 746 0 0 0
870 747 0 0 0
871 748 0 0 0
872 749 0 0 0
873 750 0 0 0
874 751 0 0 0
875 752 0 0 0
876 753 0 0 0
877 754 0 0 0
878 755 0 0 0
879 756 0 0 0
880 757 0 0 0
881 758 0 0 0
882 759 0 0 0
883 760 0 0 0
884 761 0 0 0
885 762 0 0 0
886 763 0 0 0
887 764 0 0 0
888 765 0 0 0
889 766 0 0 0
890 767 0 0 0
891 768 0 0 0
892 769 0 0 0
893 770 0 0 0
894 771 0 0 0
895 772 0 0 0
896 773 0 0 0
897 774 0 0 0
898 775 0 0 0
899 776 0 0 0
900 777 0 0 0
901 778 0 0 0
902 779 0 0 0
903 780 0 0 0
904 781 0 0 0
905 782 0 0 0
906 783 0 0 0
913 907 0 0 0
914 908 0 0 0
915 909 0 0 0
916 910 0 0 0
917 911 0 0 0
918 912 0 0 0
925 919 0 0 0
926 920 0 0 0
927 921 0 0 0
928 922 0 0 0
929 923 0 0 0
930 924 0 0 0
937 931 0 0 0
938 932 0 0 0
939 933 0 0 0
940 934 0 0 0
941 935 0 0 0
942 936 0 0 0
949 943 0 0 0
950 944 0 0 0
951 945 0 0 0
952 946 0 0 0
953 947 0 0 0
954 948 0 0 0
$EndPeriodicity
$NSets
0
$EndNSets
$PhysicalNames
75
0 1 "ver1"
0 2 "ver2"
0 3 "ver3"
0 4 "ver4"
0 5 "ver5"
0 6 "ver6"
0 7 "ver7"
0 8 "ver8"
0 9 "ver9"
0 10 "ver10"
0 11 "ver11"
0 12 "ver12"
0 13 "ver13"
0 14 "ver14"
0 15 "ver15"
0 16 "ver16"
0 17 "ver17"
0 18 "ver18"
0 19 "ver19"
0 20 "ver20"
0 21 "ver21"
0 22 "ver22"
0 23 "ver23"
0 24 "ver24"
1 1 "edge1"
1 2 "edge2"
1 3 "edge3"
1 4 "edge4"
1 5 "edge5"
1 6 "edge6"
1 7 "edge7"
1 8 "edge8"
1 9 "edge9"
1 10 "edge10"
1 11 "edge11"
1 12 "edge12"
1 13 "edge13"
1 14 "edge14"
1 15 "edge15"
1 16 "edge16"
1 17 "edge17"
1 18 "edge18"
1 19 "edge19"
1 20 "edge20"
1 21 "edge21"
1 22 "edge22"
1 23 "edge23"
1 24 "edge24"
1 25 "edge25"
1 26 "edge26"
1 27 "edge27"
1 28 "edge28"
1 29 "edge29"
1 30 "edge30"
1 31 "edge31"
1 32 "edge32"
1 33 "edge33"
1 34 "edge34"
1 35 "edge35"
1 36 "edge36"
2 1 "face1"
2 2 "face2"
2 3 "face3"
2 4 "face4"
2 5 "face5"
2 6 "face6"
2 7 "face7"
2 8 "face8"
2 9 "face9"
2 10 "face10"
2 11 "face11"
2 12 "face12"
2 13 "face13"
2 14 "face14"
3 1 "poly1"
$EndPhysicalNames
$ElsetOrientations
1 rodrigues:passive
1    0.919953402851    1.412193625247   -0.358468593221
$EndElsetOrientations
