$MeshFormat
2.2 0 8
$EndMeshFormat
$MeshVersion
2.3
$EndMeshVersion
$Domain
rodrigues(cubic)
$EndDomain
$Nodes
493
1 0.414213562373 0.171572875254 0.414213562373
2 0.414213562373 0.414213562373 0.171572875254
3 0.171572875254 0.414213562373 0.414213562373
4 -0.414213562373 -0.171572875254 -0.414213562373
5 -0.414213562373 -0.414213562373 -0.171572875254
6 -0.171572875254 -0.414213562373 -0.414213562373
7 -0.414213562373 0.171572875254 0.414213562373
8 -0.414213562373 0.414213562373 0.171572875254
9 -0.171572875254 0.414213562373 0.414213562373
10 0.414213562373 -0.414213562373 -0.171572875254
11 0.414213562373 -0.171572875254 -0.414213562373
12 0.171572875254 -0.414213562373 -0.414213562373
13 0.414213562373 -0.414213562373 0.171572875254
14 0.414213562373 -0.171572875254 0.414213562373
15 0.171572875254 -0.414213562373 0.414213562373
16 -0.414213562373 0.414213562373 -0.171572875254
17 -0.414213562373 0.171572875254 -0.414213562373
18 -0.171572875254 0.414213562373 -0.414213562373
19 0.414213562373 0.414213562373 -0.171572875254
20 0.414213562373 0.171572875254 -0.414213562373
21 0.171572875254 0.414213562373 -0.414213562373
22 -0.414213562373 -0.414213562373 0.171572875254
23 -0.414213562373 -0.171572875254 0.414213562373
24 -0.171572875254 -0.414213562373 0.414213562373
25 0.414213562373 -0.252453104294 -0.333333333333
26 0.414213562373 -0.333333333333 -0.252453104294
27 0.414213562373 -0.414213562373 -0.057190958418
28 0.414213562373 -0.414213562373 0.057190958418
29 0.414213562373 -0.333333333333 0.252453104294
30 0.414213562373 -0.252453104294 0.333333333333
31 0.414213562373 -0.057190958418 0.414213562373
32 0.414213562373 0.057190958418 0.414213562373
33 0.414213562373 0.252453104294 0.333333333333
34 0.414213562373 0.333333333333 0.252453104294
35 0.414213562373 0.414213562373 0.057190958418
36 0.414213562373 0.414213562373 -0.057190958418
37 0.414213562373 0.333333333333 -0.252453104294
38 0.414213562373 0.252453104294 -0.333333333333
39 0.414213562373 0.057190958418 -0.414213562373
40 0.414213562373 -0.057190958418 -0.414213562373
41 -0.414213562373 0.252453104294 0.333333333333
42 -0.414213562373 0.333333333333 0.252453104294
43 -0.414213562373 0.414213562373 0.057190958418
44 -0.414213562373 0.414213562373 -0.057190958418
45 -0.414213562373 0.333333333333 -0.252453104294
46 -0.414213562373 0.252453104294 -0.333333333333
47 -0.414213562373 0.057190958418 -0.414213562373
48 -0.414213562373 -0.057190958418 -0.414213562373
49 -0.414213562373 -0.252453104294 -0.333333333333
50 -0.414213562373 -0.333333333333 -0.252453104294
51 -0.414213562373 -0.414213562373 -0.057190958418
52 -0.414213562373 -0.414213562373 0.057190958418
53 -0.414213562373 -0.333333333333 0.252453104294
54 -0.414213562373 -0.252453104294 0.333333333333
55 -0.414213562373 -0.057190958418 0.414213562373
56 -0.414213562373 0.057190958418 0.414213562373
57 0.333333333333 0.414213562373 0.252453104294
58 0.252453104294 0.414213562373 0.333333333333
59 0.057190958418 0.414213562373 0.414213562373
60 -0.057190958418 0.414213562373 0.414213562373
61 -0.252453104294 0.414213562373 0.333333333333
62 -0.333333333333 0.414213562373 0.252453104294
63 -0.333333333333 0.414213562373 -0.252453104294
64 -0.252453104294 0.414213562373 -0.333333333333
65 -0.057190958418 0.414213562373 -0.414213562373
66 0.057190958418 0.414213562373 -0.414213562373
67 0.252453104294 0.414213562373 -0.333333333333
68 0.333333333333 0.414213562373 -0.252453104294
69 0.252453104294 -0.414213562373 0.333333333333
70 0.333333333333 -0.414213562373 0.252453104294
71 0.333333333333 -0.414213562373 -0.252453104294
72 0.252453104294 -0.414213562373 -0.333333333333
73 0.057190958418 -0.414213562373 -0.414213562373
74 -0.057190958418 -0.414213562373 -0.414213562373
75 -0.252453104294 -0.414213562373 -0.333333333333
76 -0.333333333333 -0.414213562373 -0.252453104294
77 -0.333333333333 -0.414213562373 0.252453104294
78 -0.252453104294 -0.414213562373 0.333333333333
79 -0.057190958418 -0.414213562373 0.414213562373
80 0.057190958418 -0.414213562373 0.414213562373
81 -0.333333333333 0.252453104294 0.414213562373
82 -0.252453104294 0.333333333333 0.414213562373
83 0.252453104294 0.333333333333 0.414213562373
84 0.333333333333 0.252453104294 0.414213562373
85 0.333333333333 -0.252453104294 0.414213562373
86 0.252453104294 -0.333333333333 0.414213562373
87 -0.252453104294 -0.333333333333 0.414213562373
88 -0.333333333333 -0.252453104294 0.414213562373
89 -0.252453104294 0.333333333333 -0.414213562373
90 -0.333333333333 0.252453104294 -0.414213562373
91 -0.333333333333 -0.252453104294 -0.414213562373
92 -0.252453104294 -0.333333333333 -0.414213562373
93 0.252453104294 -0.333333333333 -0.414213562373
94 0.333333333333 -0.252453104294 -0.414213562373
95 0.333333333333 0.252453104294 -0.414213562373
96 0.252453104294 0.333333333333 -0.414213562373
97 0.414213562373 -0.221376479504 -0.221251940026
98 0.414213562373 0.219858146244 0.218997902582
99 0.414213562373 0.224753352771 -0.218251095814
100 0.414213562373 -0.218263279783 0.216571420717
101 0.414213562373 0.010669597687 0.316571926729
102 0.414213562373 0.310902059840 0.004076912168
103 0.414213562373 0.004540364589 -0.321932792908
104 0.414213562373 -0.313666139011 -0.006260293778
105 0.414213562373 0.123361750062 -0.305011429133
106 0.414213562373 0.112364438270 -0.193244667309
107 0.414213562373 0.193244667310 -0.112364438270
108 0.414213562373 0.087570323426 -0.081082768801
109 0.414213562373 -0.001894822472 -0.161656541905
110 0.414213562373 -0.026369408738 -0.048133480988
111 0.414213562373 0.058993592045 0.030518340610
112 0.414213562373 -0.060172465717 0.061394933808
113 0.414213562373 0.022921502994 0.135137845762
114 0.414213562373 -0.135575371770 -0.017277927911
115 0.414213562373 0.137072044307 0.112621069334
116 0.414213562373 -0.100396667572 0.173959302890
117 0.414213562373 0.098596051612 0.219825651814
118 0.414213562373 0.253291309240 0.097923997831
119 0.414213562373 0.192501070708 0.008184715121
120 0.414213562373 -0.114576424774 0.298895807667
121 0.414213562373 -0.173381917140 0.098110421114
122 0.414213562373 -0.298590430402 0.115009737442
123 0.414213562373 0.312726577396 -0.116569211732
124 0.414213562373 -0.119215283647 -0.309256000296
125 0.414213562373 -0.110505597926 -0.197361775007
126 0.414213562373 -0.316792005334 -0.136997184490
127 0.414213562373 -0.203212520784 -0.095897415938
128 0.414213562373 0.135056788918 0.319525989867
129 0.414213562373 -0.223061218803 0.015429676078
130 0.414213562373 -0.012827685787 0.223407545255
131 0.414213562373 -0.095511544338 -0.104065428350
132 0.414213562373 0.314984406180 0.163947252484
133 0.414213562373 0.040657156839 -0.239890989821
134 0.414213562373 0.252343593813 -0.054168005678
135 0.414213562373 0.338148047730 0.089979863182
136 0.414213562373 -0.041001709230 -0.244393611378
137 -0.414213562373 -0.000088062709 -0.312985556995
138 -0.414213562373 0.000608284127 0.310318088089
139 -0.414213562373 0.313251449690 0.004597789988
140 -0.414213562373 -0.307474565419 -0.001196325018
141 -0.414213562373 -0.216305611247 0.231394701000
142 -0.414213562373 0.216958142558 0.222723767037
143 -0.414213562373 0.230851383541 -0.224430338361
144 -0.414213562373 -0.217368757741 -0.226222150106
145 -0.414213562373 0.302905579887 -0.128445719871
146 -0.414213562373 0.216098270948 -0.057190958417
147 -0.414213562373 0.216098270948 0.057190958418
148 -0.414213562373 0.119255745182 0.004587393869
149 -0.414213562373 0.112968595185 -0.115648278823
150 -0.414213562373 0.015389523074 -0.052681498543
151 -0.414213562373 0.020135043386 0.063294494577
152 -0.414213562373 -0.085961132575 0.000864415478
153 -0.414213562373 -0.079348936931 0.111764837335
154 -0.414213562373 -0.083648924750 -0.108083604731
155 -0.414213562373 0.017289450210 0.176559693871
156 -0.414213562373 -0.193998967172 0.052016638275
157 -0.414213562373 -0.085722272384 0.225158145769
158 -0.414213562373 0.109861279472 0.248346725286
159 -0.414213562373 0.130331344919 0.141906280047
160 -0.414213562373 -0.292369019392 0.130333485548
161 -0.414213562373 -0.191974073419 -0.053224985270
162 -0.414213562373 -0.292459483383 -0.129811152887
163 -0.414213562373 0.303557963627 0.138704203441
164 -0.414213562373 0.134379079444 -0.302974950420
165 -0.414213562373 0.061416591802 -0.217695107107
166 -0.414213562373 -0.127134137041 -0.320877413354
167 -0.414213562373 -0.075883238360 -0.211502664576
168 -0.414213562373 -0.130439422911 0.321438565490
169 -0.414213562373 -0.168638529022 -0.146817671849
170 -0.414213562373 -0.167043533825 0.148902446611
171 -0.414213562373 0.006048509390 -0.141122230756
172 -0.414213562373 0.106799395590 0.338655823566
173 -0.414213562373 0.198377496952 -0.140879594344
174 -0.414213562373 0.216736430513 0.140131302236
175 -0.414213562373 0.175481406169 0.302732149021
176 -0.414213562373 0.143819793247 -0.201804966521
177 0.221251940026 0.414213562373 0.221376479504
178 -0.218997902582 0.414213562373 -0.219858146244
179 0.218251095814 0.414213562373 -0.224753352771
180 -0.216571420717 0.414213562373 0.218263279783
181 -0.316571926729 0.414213562373 -0.010669597687
182 -0.004076912168 0.414213562373 -0.310902059840
183 0.321932792908 0.414213562373 -0.004540364589
184 0.006260293778 0.414213562373 0.313666139011
185 0.305011429133 0.414213562373 -0.123361750062
186 0.193244667309 0.414213562373 -0.112364438270
187 0.112364438270 0.414213562373 -0.193244667310
188 0.081082768801 0.414213562373 -0.087570323426
189 0.161656541905 0.414213562373 0.001894822472
190 0.048133480988 0.414213562373 0.026369408738
191 -0.030518340610 0.414213562373 -0.058993592045
192 -0.061394933808 0.414213562373 0.060172465717
193 -0.135137845762 0.414213562373 -0.022921502994
194 0.017277927911 0.414213562373 0.135575371770
195 -0.112621069334 0.414213562373 -0.137072044307
196 -0.173959302890 0.414213562373 0.100396667572
197 -0.219825651814 0.414213562373 -0.098596051612
198 -0.097923997831 0.414213562373 -0.253291309240
199 -0.008184715121 0.414213562373 -0.192501070708
200 -0.298895807667 0.414213562373 0.114576424774
201 -0.098110421114 0.414213562373 0.173381917140
202 -0.115009737442 0.414213562373 0.298590430402
203 0.116569211732 0.414213562373 -0.312726577396
204 0.309256000296 0.414213562373 0.119215283647
205 0.197361775007 0.414213562373 0.110505597926
206 0.136997184490 0.414213562373 0.316792005334
207 0.095897415938 0.414213562373 0.203212520784
208 -0.319525989867 0.414213562373 -0.135056788918
209 -0.015429676078 0.414213562373 0.223061218803
210 -0.223407545255 0.414213562373 0.012827685787
211 0.104065428350 0.414213562373 0.095511544338
212 -0.163947252484 0.414213562373 -0.314984406180
213 0.239890989821 0.414213562373 -0.040657156839
214 0.054168005678 0.414213562373 -0.252343593813
215 -0.089979863182 0.414213562373 -0.338148047730
216 0.244393611378 0.414213562373 0.041001709230
217 0.312985556995 -0.414213562373 0.000088062709
218 -0.310318088089 -0.414213562373 -0.000608284127
219 -0.004597789988 -0.414213562373 -0.313251449690
220 0.001196325018 -0.414213562373 0.307474565419
221 -0.231394701000 -0.414213562373 0.216305611247
222 -0.222723767037 -0.414213562373 -0.216958142558
223 0.224430338361 -0.414213562373 -0.230851383541
224 0.226222150106 -0.414213562373 0.217368757741
225 0.128445719871 -0.414213562373 -0.302905579887
226 0.057190958417 -0.414213562373 -0.216098270948
227 -0.057190958418 -0.414213562373 -0.216098270948
228 -0.004587393869 -0.414213562373 -0.119255745182
229 0.115648278823 -0.414213562373 -0.112968595185
230 0.052681498543 -0.414213562373 -0.015389523074
231 -0.063294494577 -0.414213562373 -0.020135043386
232 -0.000864415478 -0.414213562373 0.085961132575
233 -0.111764837335 -0.414213562373 0.079348936931
234 0.108083604731 -0.414213562373 0.083648924750
235 -0.176559693871 -0.414213562373 -0.017289450210
236 -0.052016638275 -0.414213562373 0.193998967172
237 -0.225158145769 -0.414213562373 0.085722272384
238 -0.248346725286 -0.414213562373 -0.109861279472
239 -0.141906280047 -0.414213562373 -0.130331344919
240 -0.130333485548 -0.414213562373 0.292369019392
241 0.053224985270 -0.414213562373 0.191974073419
242 0.129811152887 -0.414213562373 0.292459483383
243 -0.138704203441 -0.414213562373 -0.303557963627
244 0.302974950420 -0.414213562373 -0.134379079444
245 0.217695107107 -0.414213562373 -0.061416591802
246 0.320877413354 -0.414213562373 0.127134137041
247 0.211502664576 -0.414213562373 0.075883238360
248 -0.321438565490 -0.414213562373 0.130439422911
249 0.146817671849 -0.414213562373 0.168638529022
250 -0.148902446611 -0.414213562373 0.167043533825
251 0.141122230756 -0.414213562373 -0.006048509390
252 -0.338655823566 -0.414213562373 -0.106799395590
253 0.140879594344 -0.414213562373 -0.198377496952
254 -0.140131302236 -0.414213562373 -0.216736430513
255 -0.302732149021 -0.414213562373 -0.175481406169
256 0.201804966521 -0.414213562373 -0.143819793247
257 -0.221251940026 0.221376479504 0.414213562373
258 0.218997902582 -0.219858146244 0.414213562373
259 -0.218251095814 -0.224753352771 0.414213562373
260 0.216571420717 0.218263279783 0.414213562373
261 0.316571926729 -0.010669597687 0.414213562373
262 0.004076912168 -0.310902059840 0.414213562373
263 -0.321932792908 -0.004540364589 0.414213562373
264 -0.006260293778 0.313666139011 0.414213562373
265 -0.305011429133 -0.123361750062 0.414213562373
266 -0.193244667309 -0.112364438270 0.414213562373
267 -0.112364438270 -0.193244667310 0.414213562373
268 -0.081082768801 -0.087570323426 0.414213562373
269 -0.161656541905 0.001894822472 0.414213562373
270 -0.048133480988 0.026369408738 0.414213562373
271 0.030518340610 -0.058993592045 0.414213562373
272 0.061394933808 0.060172465717 0.414213562373
273 0.135137845762 -0.022921502994 0.414213562373
274 -0.017277927911 0.135575371770 0.414213562373
275 0.112621069334 -0.137072044307 0.414213562373
276 0.173959302890 0.100396667572 0.414213562373
277 0.219825651814 -0.098596051612 0.414213562373
278 0.097923997831 -0.253291309240 0.414213562373
279 0.008184715121 -0.192501070708 0.414213562373
280 0.298895807667 0.114576424774 0.414213562373
281 0.098110421114 0.173381917140 0.414213562373
282 0.115009737442 0.298590430402 0.414213562373
283 -0.116569211732 -0.312726577396 0.414213562373
284 -0.309256000296 0.119215283647 0.414213562373
285 -0.197361775007 0.110505597926 0.414213562373
286 -0.136997184490 0.316792005334 0.414213562373
287 -0.095897415938 0.203212520784 0.414213562373
288 0.319525989867 -0.135056788918 0.414213562373
289 0.015429676078 0.223061218803 0.414213562373
290 0.223407545255 0.012827685787 0.414213562373
291 -0.104065428350 0.095511544338 0.414213562373
292 0.163947252484 -0.314984406180 0.414213562373
293 -0.239890989821 -0.040657156839 0.414213562373
294 -0.054168005678 -0.252343593813 0.414213562373
295 0.089979863182 -0.338148047730 0.414213562373
296 -0.244393611378 0.041001709230 0.414213562373
297 -0.312985556995 0.000088062709 -0.414213562373
298 0.310318088089 -0.000608284127 -0.414213562373
299 0.004597789988 -0.313251449690 -0.414213562373
300 -0.001196325018 0.307474565419 -0.414213562373
301 0.231394701000 0.216305611247 -0.414213562373
302 0.222723767037 -0.216958142558 -0.414213562373
303 -0.224430338361 -0.230851383541 -0.414213562373
304 -0.226222150106 0.217368757741 -0.414213562373
305 -0.128445719871 -0.302905579887 -0.414213562373
306 -0.057190958417 -0.216098270948 -0.414213562373
307 0.057190958418 -0.216098270948 -0.414213562373
308 0.004587393869 -0.119255745182 -0.414213562373
309 -0.115648278823 -0.112968595185 -0.414213562373
310 -0.052681498543 -0.015389523074 -0.414213562373
311 0.063294494577 -0.020135043386 -0.414213562373
312 0.000864415478 0.085961132575 -0.414213562373
313 0.111764837335 0.079348936931 -0.414213562373
314 -0.108083604731 0.083648924750 -0.414213562373
315 0.176559693871 -0.017289450210 -0.414213562373
316 0.052016638275 0.193998967172 -0.414213562373
317 0.225158145769 0.085722272384 -0.414213562373
318 0.248346725286 -0.109861279472 -0.414213562373
319 0.141906280047 -0.130331344919 -0.414213562373
320 0.130333485548 0.292369019392 -0.414213562373
321 -0.053224985270 0.191974073419 -0.414213562373
322 -0.129811152887 0.292459483383 -0.414213562373
323 0.138704203441 -0.303557963627 -0.414213562373
324 -0.302974950420 -0.134379079444 -0.414213562373
325 -0.217695107107 -0.061416591802 -0.414213562373
326 -0.320877413354 0.127134137041 -0.414213562373
327 -0.211502664576 0.075883238360 -0.414213562373
328 0.321438565490 0.130439422911 -0.414213562373
329 -0.146817671849 0.168638529022 -0.414213562373
330 0.148902446611 0.167043533825 -0.414213562373
331 -0.141122230756 -0.006048509390 -0.414213562373
332 0.338655823566 -0.106799395590 -0.414213562373
333 -0.140879594344 -0.198377496952 -0.414213562373
334 0.140131302236 -0.216736430513 -0.414213562373
335 0.302732149021 -0.175481406169 -0.414213562373
336 -0.201804966521 -0.143819793247 -0.414213562373
337 0.333333333333 0.333333333333 0.333333333333
338 -0.333333333334 -0.333333333334 -0.333333333334
339 -0.333333333333 0.333333333333 0.333333333333
340 0.333333333334 -0.333333333334 -0.333333333334
341 0.333333333333 -0.333333333333 0.333333333333
342 -0.333333333334 0.333333333334 -0.333333333334
343 0.333333333333 0.333333333333 -0.333333333333
344 -0.333333333334 -0.333333333334 0.333333333334
345 0.213688280120 -0.227119024497 0.303528837451
346 -0.016455966655 -0.255062429388 0.289666252819
347 -0.056593506045 -0.142150405441 0.002305009097
348 -0.008718611338 0.134282244629 0.142022423481
349 0.025846081758 -0.262163347210 0.149063159279
350 0.215461690580 -0.169774895021 0.120442270861
351 0.236383497292 0.203883903329 0.072556032650
352 -0.059188253729 -0.178523535182 -0.201636811186
353 0.147667871773 -0.280815850694 0.184697274851
354 0.317391022223 -0.107081101472 0.311880140813
355 0.304136323203 0.100643332437 0.311378004811
356 0.284767486204 0.102401155537 0.163172108675
357 0.267039518666 -0.059196294679 0.196539677986
358 0.298656352406 -0.256651267648 0.186887774670
359 0.306900058597 -0.211425301033 -0.006625810951
360 0.308440371115 -0.266034050684 -0.201516205230
361 0.129660558954 -0.175870207156 0.011600778694
362 0.311797443837 -0.072496464319 0.045343420810
363 -0.071926890400 0.185059346239 -0.267053560891
364 0.124356244037 -0.106013326659 0.182401064381
365 0.004170196431 -0.046694611947 0.289811396251
366 0.045173849392 0.145680390708 0.300245051337
367 0.140904972799 0.065825512875 0.232974510155
368 0.198479927070 0.269530641069 0.303403209076
369 0.133290329339 0.217237345522 0.165976988075
370 0.303562558561 0.272986523400 0.175417745385
371 0.338714026410 0.177665268177 0.012943363024
372 0.284111098214 0.078869032180 -0.001704116946
373 0.148062927783 0.017678915265 0.062453691870
374 0.318645954950 0.067917747025 -0.152706313063
375 -0.014780876485 0.058001110487 -0.014541151060
376 0.126703234050 0.192341640339 -0.009572773161
377 0.177741522674 0.112007848007 -0.148755749687
378 0.301098443749 0.245497151603 -0.161188538921
379 0.251019687932 -0.049542944458 -0.108648944822
380 0.317998256830 0.128578815070 -0.305485589308
381 0.137400887308 0.268861006153 -0.133067773441
382 0.155533909730 0.111662219195 -0.307600809808
383 0.293487934853 -0.007957634811 -0.258020850177
384 -0.007666873577 0.070674193820 -0.298768864068
385 0.170704453280 0.290365423944 -0.294602855517
386 0.121816127413 -0.042959499315 -0.274459699813
387 0.174187024175 -0.254197879470 -0.311657523028
388 0.036821674071 -0.253509876615 -0.285445158707
389 0.168204076158 -0.196525894622 -0.164367202834
390 0.021217975900 -0.280071683182 -0.111422527621
391 0.345703259563 0.277111480773 0.036988321990
392 0.005295335654 0.135695441211 -0.152079030999
393 0.317833870756 -0.133671480297 -0.170929074939
394 0.356250836916 0.356450146165 0.035608363252
395 0.355712780271 0.347126455793 0.130126246318
396 0.005003169015 0.290461492016 0.168098420956
397 -0.271555146587 -0.237200090969 0.019379460629
398 -0.000013920365 -0.300087210336 0.023237919220
399 -0.264750265640 -0.101830262893 -0.026799673537
400 -0.127791085638 -0.224955014329 0.157261002505
401 -0.140106827135 -0.296680636245 -0.123431626933
402 -0.308069430274 0.110354279032 0.014277764626
403 -0.186622395034 0.110437202987 -0.116300113122
404 -0.185707463512 -0.048679734112 0.170188119607
405 -0.300148789266 -0.142238152746 0.301973059491
406 -0.290480759738 -0.289290121378 0.186699438560
407 -0.303729673544 -0.311389926433 -0.121129415729
408 -0.095368111045 -0.297447690784 -0.279805121924
409 -0.306278050041 -0.080748127975 -0.297044894822
410 -0.326843546007 0.065321552348 -0.317529212906
411 -0.154285155817 -0.290869192861 0.300409720316
412 -0.314675970642 0.084939194326 0.159065895756
413 -0.126728913326 -0.108892901654 0.314567388787
414 -0.313286155954 0.087547067869 0.323659600549
415 -0.166675762580 0.027819477188 0.045267032715
416 -0.144437570597 0.191360110328 -0.006526021714
417 -0.196920771133 0.122565032182 0.182620670167
418 -0.305128747296 0.263489533658 -0.046560015317
419 -0.285567712581 0.259185729264 0.141276653154
420 -0.283093573453 0.249688966408 -0.182478223413
421 -0.124888224574 0.272694787468 -0.183219666329
422 -0.095646863399 -0.070495746537 -0.280075864267
423 0.004390989728 -0.088998905666 -0.314011901563
424 -0.167148188105 0.109314221868 -0.287542537342
425 -0.147435133093 -0.044841046473 -0.146955325572
426 -0.204732030801 0.264961051490 -0.310932352634
427 -0.120757174095 0.274441718551 0.130635640856
428 -0.137983119047 0.289279779010 0.288912986073
429 -0.324961930684 -0.145325657401 -0.152004430944
430 -0.314390767491 -0.013442845147 0.229645700495
431 -0.319925255653 -0.030728642794 0.079158421971
432 -0.006636562046 0.261021032194 0.011351553622
433 -0.107546924846 0.118955218923 0.289327744014
434 -0.307688364504 0.025055045392 -0.175252613952
435 -0.304740607472 -0.139682292472 0.155845171229
436 -0.299476924457 0.208213412933 0.299230506397
437 -0.313688779538 0.191560057062 -0.301999181755
438 0.048674915030 0.295636366018 0.294486244714
439 0.009034775529 0.322732868423 -0.162876304374
440 0.024552190839 0.235098402193 -0.285396592651
441 -0.142472039414 0.322948422487 -0.024627515781
442 0.224218225335 0.334634319739 -0.039170055812
443 0.093439700786 0.336256923862 -0.002861865751
444 0.161491698602 0.303212220306 0.082205163740
445 -0.121786413033 0.324543577878 -0.325326801680
446 0.000928376871 0.339771204163 -0.304963064081
447 0.333412690264 0.324973081449 -0.047877294463
448 0.253550432237 0.238864741806 -0.026752828338
449 0.277005317003 0.328455221626 0.059373353607
450 -0.185958239926 -0.320852449428 0.037762739103
451 0.196293868557 -0.317260184258 0.060681664171
452 0.219094381520 -0.334263553452 -0.222970311979
453 0.100374251150 -0.326111727711 -0.181301310526
454 0.177280562417 -0.311625290164 -0.083026867911
455 -0.034697569674 -0.025985751223 0.137460908244
456 -0.037956792320 0.217440865860 0.326351693751
457 0.193169689610 -0.117100523233 0.326505436687
458 0.088592062887 -0.152372927628 0.309149202791
459 -0.212205396831 -0.001769161058 0.321886774369
460 0.187732340885 -0.010898873769 0.313309581095
461 0.116961185874 -0.328385990242 0.310508142038
462 0.037663132331 -0.073032505238 -0.146650391688
463 -0.230691486581 -0.292743350208 -0.287997054867
464 0.231764579467 -0.126845620492 -0.303613434956
465 -0.189617388261 -0.026682419932 -0.321566173413
466 -0.230593648035 -0.178870984159 -0.323833615817
467 -0.094410604880 -0.179416533336 -0.312527457669
468 -0.202639597821 -0.180648789509 -0.208206445440
469 0.337724624050 -0.114709755310 -0.316785928754
470 0.361762967067 -0.359591909264 -0.161130080983
471 -0.363051583211 -0.355224617594 0.157278583989
472 -0.327523038374 -0.331202370407 0.057059749263
473 -0.329064609934 -0.019818285665 0.339020590918
474 -0.269307068692 0.320236322573 0.272911417718
475 0.361980818847 0.355348654256 -0.148088500821
476 0.105733126064 -0.338457501045 -0.355144400793
477 -0.146585120940 0.364334504863 0.358161321193
478 -0.364379864659 0.354768999681 -0.036456231912
479 -0.350386418769 -0.158781327260 -0.351649863277
480 0.365376949447 -0.000993956506 0.365583123210
481 -0.154901959248 -0.356769560258 -0.355903371879
482 0.352001854116 -0.338207999731 0.102464543795
483 -0.055757462312 -0.341514873979 0.347274943784
484 0.356977022907 0.000926188863 -0.354830275064
485 -0.040962928425 -0.339000264926 -0.352492698360
486 -0.343918642009 0.338521191663 0.086907431297
487 -0.273543043110 -0.270977944313 0.326413774145
488 0.238054661964 -0.328752406221 0.279942723214
489 -0.362599191462 0.348484661668 -0.149114790993
490 0.300363156332 -0.225728728441 -0.338904348330
491 -0.042325341406 0.356465315014 0.339891601235
492 0.323701970105 -0.327128793472 -0.050740775920
493 0.082228147615 0.354579022668 0.359860588698
$EndNodes
$Elements
2578
1 15 3 1 1 0 1
2 15 3 2 2 0 2
3 15 3 3 3 0 3
4 15 3 4 4 0 4
5 15 3 5 5 0 5
6 15 3 6 6 0 6
7 15 3 7 7 0 7
8 15 3 8 8 0 8
9 15 3 9 9 0 9
10 15 3 10 10 0 10
11 15 3 11 11 0 11
12 15 3 12 12 0 12
13 15 3 13 13 0 13
14 15 3 14 14 0 14
15 15 3 15 15 0 15
16 15 3 16 16 0 16
17 15 3 17 17 0 17
18 15 3 18 18 0 18
19 15 3 19 19 0 19
20 15 3 20 20 0 20
21 15 3 21 21 0 21
22 15 3 22 22 0 22
23 15 3 23 23 0 23
24 15 3 24 24 0 24
25 1 3 1 1 0 11 25
26 1 3 1 1 0 25 26
27 1 3 1 1 0 26 10
28 1 3 2 2 0 10 27
29 1 3 2 2 0 27 28
30 1 3 2 2 0 28 13
31 1 3 3 3 0 13 29
32 1 3 3 3 0 29 30
33 1 3 3 3 0 30 14
34 1 3 4 4 0 14 31
35 1 3 4 4 0 31 32
36 1 3 4 4 0 32 1
37 1 3 5 5 0 1 33
38 1 3 5 5 0 33 34
39 1 3 5 5 0 34 2
40 1 3 6 6 0 2 35
41 1 3 6 6 0 35 36
42 1 3 6 6 0 36 19
43 1 3 7 7 0 19 37
44 1 3 7 7 0 37 38
45 1 3 7 7 0 38 20
46 1 3 8 8 0 20 39
47 1 3 8 8 0 39 40
48 1 3 8 8 0 40 11
49 1 3 9 9 0 7 41
50 1 3 9 9 0 41 42
51 1 3 9 9 0 42 8
52 1 3 10 10 0 8 43
53 1 3 10 10 0 43 44
54 1 3 10 10 0 44 16
55 1 3 11 11 0 16 45
56 1 3 11 11 0 45 46
57 1 3 11 11 0 46 17
58 1 3 12 12 0 17 47
59 1 3 12 12 0 47 48
60 1 3 12 12 0 48 4
61 1 3 13 13 0 4 49
62 1 3 13 13 0 49 50
63 1 3 13 13 0 50 5
64 1 3 14 14 0 5 51
65 1 3 14 14 0 51 52
66 1 3 14 14 0 52 22
67 1 3 15 15 0 22 53
68 1 3 15 15 0 53 54
69 1 3 15 15 0 54 23
70 1 3 16 16 0 23 55
71 1 3 16 16 0 55 56
72 1 3 16 16 0 56 7
73 1 3 17 17 0 2 57
74 1 3 17 17 0 57 58
75 1 3 17 17 0 58 3
76 1 3 18 18 0 3 59
77 1 3 18 18 0 59 60
78 1 3 18 18 0 60 9
79 1 3 19 19 0 9 61
80 1 3 19 19 0 61 62
81 1 3 19 19 0 62 8
82 1 3 20 20 0 16 63
83 1 3 20 20 0 63 64
84 1 3 20 20 0 64 18
85 1 3 21 21 0 18 65
86 1 3 21 21 0 65 66
87 1 3 21 21 0 66 21
88 1 3 22 22 0 21 67
89 1 3 22 22 0 67 68
90 1 3 22 22 0 68 19
91 1 3 23 23 0 15 69
92 1 3 23 23 0 69 70
93 1 3 23 23 0 70 13
94 1 3 24 24 0 10 71
95 1 3 24 24 0 71 72
96 1 3 24 24 0 72 12
97 1 3 25 25 0 12 73
98 1 3 25 25 0 73 74
99 1 3 25 25 0 74 6
100 1 3 26 26 0 6 75
101 1 3 26 26 0 75 76
102 1 3 26 26 0 76 5
103 1 3 27 27 0 22 77
104 1 3 27 27 0 77 78
105 1 3 27 27 0 78 24
106 1 3 28 28 0 24 79
107 1 3 28 28 0 79 80
108 1 3 28 28 0 80 15
109 1 3 29 29 0 7 81
110 1 3 29 29 0 81 82
111 1 3 29 29 0 82 9
112 1 3 30 30 0 3 83
113 1 3 30 30 0 83 84
114 1 3 30 30 0 84 1
115 1 3 31 31 0 14 85
116 1 3 31 31 0 85 86
117 1 3 31 31 0 86 15
118 1 3 32 32 0 24 87
119 1 3 32 32 0 87 88
120 1 3 32 32 0 88 23
121 1 3 33 33 0 18 89
122 1 3 33 33 0 89 90
123 1 3 33 33 0 90 17
124 1 3 34 34 0 4 91
125 1 3 34 34 0 91 92
126 1 3 34 34 0 92 6
127 1 3 35 35 0 12 93
128 1 3 35 35 0 93 94
129 1 3 35 35 0 94 11
130 1 3 36 36 0 20 95
131 1 3 36 36 0 95 96
132 1 3 36 36 0 96 21
133 2 3 1 1 0 100 116 120
134 2 3 1 1 0 104 127 129
135 2 3 1 1 0 104 126 127
136 2 3 1 1 0 120 116 130
137 2 3 1 1 0 98 33 128
138 2 3 1 1 0 101 120 130
139 2 3 1 1 0 111 108 119
140 2 3 1 1 0 101 31 120
141 2 3 1 1 0 99 37 123
142 2 3 1 1 0 103 39 105
143 2 3 1 1 0 26 97 126
144 2 3 1 1 0 97 25 124
145 2 3 1 1 0 114 112 121
146 2 3 1 1 0 116 100 121
147 2 3 1 1 0 28 104 122
148 2 3 1 1 0 122 104 129
149 2 3 1 1 0 98 115 118
150 2 3 1 1 0 117 98 128
151 2 3 1 1 0 115 98 117
152 2 3 1 1 0 112 116 121
153 2 3 1 1 0 107 99 123
154 2 3 1 1 0 108 107 119
155 2 3 1 1 0 97 124 125
156 2 3 1 1 0 121 122 129
157 2 3 1 1 0 115 111 119
158 2 3 1 1 0 126 97 127
159 2 3 1 1 0 37 19 123
160 2 3 1 1 0 10 26 126
161 2 3 1 1 0 25 11 124
162 2 3 1 1 0 31 14 120
163 2 3 1 1 0 39 20 105
164 2 3 1 1 0 101 117 128
165 2 3 1 1 0 13 28 122
166 2 3 1 1 0 103 105 133
167 2 3 1 1 0 117 101 130
168 2 3 1 1 0 33 1 128
169 2 3 1 1 0 102 118 119
170 2 3 1 1 0 114 121 129
171 2 3 1 1 0 97 125 127
172 2 3 1 1 0 121 100 122
173 2 3 1 1 0 118 115 119
174 2 3 1 1 0 29 13 122
175 2 3 1 1 0 100 29 122
176 2 3 1 1 0 127 114 129
177 2 3 1 1 0 14 30 120
178 2 3 1 1 0 20 38 105
179 2 3 1 1 0 36 102 123
180 2 3 1 1 0 30 100 120
181 2 3 1 1 0 38 99 105
182 2 3 1 1 0 32 31 101
183 2 3 1 1 0 36 35 102
184 2 3 1 1 0 40 103 124
185 2 3 1 1 0 110 111 112
186 2 3 1 1 0 19 36 123
187 2 3 1 1 0 110 108 111
188 2 3 1 1 0 40 39 103
189 2 3 1 1 0 28 27 104
190 2 3 1 1 0 112 113 116
191 2 3 1 1 0 113 115 117
192 2 3 1 1 0 113 111 115
193 2 3 1 1 0 112 111 113
194 2 3 1 1 0 104 27 126
195 2 3 1 1 0 11 40 124
196 2 3 1 1 0 109 108 110
197 2 3 1 1 0 27 10 126
198 2 3 1 1 0 105 99 106
199 2 3 1 1 0 38 37 99
200 2 3 1 1 0 30 29 100
201 2 3 1 1 0 110 112 114
202 2 3 1 1 0 106 108 109
203 2 3 1 1 0 34 33 98
204 2 3 1 1 0 106 99 107
205 2 3 1 1 0 106 107 108
206 2 3 1 1 0 26 25 97
207 2 3 1 1 0 98 118 132
208 2 3 1 1 0 32 101 128
209 2 3 1 1 0 127 125 131
210 2 3 1 1 0 125 109 131
211 2 3 1 1 0 113 117 130
212 2 3 1 1 0 109 110 131
213 2 3 1 1 0 34 98 132
214 2 3 1 1 0 1 32 128
215 2 3 1 1 0 35 2 135
216 2 3 1 1 0 105 106 133
217 2 3 1 1 0 102 119 134
218 2 3 1 1 0 107 123 134
219 2 3 1 1 0 118 102 135
220 2 3 1 1 0 2 132 135
221 2 3 1 1 0 119 107 134
222 2 3 1 1 0 125 124 136
223 2 3 1 1 0 114 127 131
224 2 3 1 1 0 124 103 136
225 2 3 1 1 0 116 113 130
226 2 3 1 1 0 110 114 131
227 2 3 1 1 0 109 125 136
228 2 3 1 1 0 2 34 132
229 2 3 1 1 0 123 102 134
230 2 3 1 1 0 106 109 133
231 2 3 1 1 0 102 35 135
232 2 3 1 1 0 133 109 136
233 2 3 1 1 0 132 118 135
234 2 3 1 1 0 103 133 136
235 2 3 2 2 0 140 160 156
236 2 3 2 2 0 144 169 167
237 2 3 2 2 0 144 167 166
238 2 3 2 2 0 160 170 156
239 2 3 2 2 0 138 168 55
240 2 3 2 2 0 141 170 160
241 2 3 2 2 0 151 159 148
242 2 3 2 2 0 141 160 53
243 2 3 2 2 0 139 163 43
244 2 3 2 2 0 143 145 45
245 2 3 2 2 0 48 166 137
246 2 3 2 2 0 137 164 47
247 2 3 2 2 0 154 161 152
248 2 3 2 2 0 156 161 140
249 2 3 2 2 0 50 162 144
250 2 3 2 2 0 162 169 144
251 2 3 2 2 0 138 158 155
252 2 3 2 2 0 157 168 138
253 2 3 2 2 0 155 157 138
254 2 3 2 2 0 152 161 156
255 2 3 2 2 0 147 163 139
256 2 3 2 2 0 148 159 147
257 2 3 2 2 0 137 165 164
258 2 3 2 2 0 161 169 162
259 2 3 2 2 0 155 159 151
260 2 3 2 2 0 166 167 137
261 2 3 2 2 0 43 163 8
262 2 3 2 2 0 4 166 48
263 2 3 2 2 0 47 164 17
264 2 3 2 2 0 53 160 22
265 2 3 2 2 0 45 145 16
266 2 3 2 2 0 141 168 157
267 2 3 2 2 0 5 162 50
268 2 3 2 2 0 143 173 145
269 2 3 2 2 0 157 170 141
270 2 3 2 2 0 55 168 23
271 2 3 2 2 0 142 159 158
272 2 3 2 2 0 154 169 161
273 2 3 2 2 0 137 167 165
274 2 3 2 2 0 161 162 140
275 2 3 2 2 0 158 159 155
276 2 3 2 2 0 51 162 5
277 2 3 2 2 0 140 162 51
278 2 3 2 2 0 167 169 154
279 2 3 2 2 0 22 160 52
280 2 3 2 2 0 16 145 44
281 2 3 2 2 0 42 163 142
282 2 3 2 2 0 52 160 140
283 2 3 2 2 0 44 145 139
284 2 3 2 2 0 54 141 53
285 2 3 2 2 0 42 142 41
286 2 3 2 2 0 46 164 143
287 2 3 2 2 0 150 152 151
288 2 3 2 2 0 8 163 42
289 2 3 2 2 0 150 151 148
290 2 3 2 2 0 46 143 45
291 2 3 2 2 0 50 144 49
292 2 3 2 2 0 152 156 153
293 2 3 2 2 0 153 157 155
294 2 3 2 2 0 153 155 151
295 2 3 2 2 0 152 153 151
296 2 3 2 2 0 144 166 49
297 2 3 2 2 0 17 164 46
298 2 3 2 2 0 149 150 148
299 2 3 2 2 0 49 166 4
300 2 3 2 2 0 145 146 139
301 2 3 2 2 0 44 139 43
302 2 3 2 2 0 52 140 51
303 2 3 2 2 0 150 154 152
304 2 3 2 2 0 146 149 148
305 2 3 2 2 0 56 138 55
306 2 3 2 2 0 146 147 139
307 2 3 2 2 0 146 148 147
308 2 3 2 2 0 48 137 47
309 2 3 2 2 0 138 172 158
310 2 3 2 2 0 54 168 141
311 2 3 2 2 0 167 171 165
312 2 3 2 2 0 165 171 149
313 2 3 2 2 0 153 170 157
314 2 3 2 2 0 149 171 150
315 2 3 2 2 0 56 172 138
316 2 3 2 2 0 23 168 54
317 2 3 2 2 0 41 175 7
318 2 3 2 2 0 145 173 146
319 2 3 2 2 0 142 174 159
320 2 3 2 2 0 147 174 163
321 2 3 2 2 0 158 175 142
322 2 3 2 2 0 7 175 172
323 2 3 2 2 0 159 174 147
324 2 3 2 2 0 165 176 164
325 2 3 2 2 0 154 171 167
326 2 3 2 2 0 164 176 143
327 2 3 2 2 0 156 170 153
328 2 3 2 2 0 150 171 154
329 2 3 2 2 0 149 176 165
330 2 3 2 2 0 7 172 56
331 2 3 2 2 0 163 174 142
332 2 3 2 2 0 146 173 149
333 2 3 2 2 0 142 175 41
334 2 3 2 2 0 173 176 149
335 2 3 2 2 0 172 175 158
336 2 3 2 2 0 143 176 173
337 2 3 3 3 0 180 196 200
338 2 3 3 3 0 184 207 209
339 2 3 3 3 0 184 206 207
340 2 3 3 3 0 200 196 210
341 2 3 3 3 0 178 63 208
342 2 3 3 3 0 181 200 210
343 2 3 3 3 0 191 188 199
344 2 3 3 3 0 181 43 200
345 2 3 3 3 0 179 67 203
346 2 3 3 3 0 183 36 185
347 2 3 3 3 0 58 177 206
348 2 3 3 3 0 177 57 204
349 2 3 3 3 0 194 192 201
350 2 3 3 3 0 196 180 201
351 2 3 3 3 0 60 184 202
352 2 3 3 3 0 202 184 209
353 2 3 3 3 0 178 195 198
354 2 3 3 3 0 197 178 208
355 2 3 3 3 0 195 178 197
356 2 3 3 3 0 192 196 201
357 2 3 3 3 0 187 179 203
358 2 3 3 3 0 188 187 199
359 2 3 3 3 0 177 204 205
360 2 3 3 3 0 201 202 209
361 2 3 3 3 0 195 191 199
362 2 3 3 3 0 206 177 207
363 2 3 3 3 0 67 21 203
364 2 3 3 3 0 3 58 206
365 2 3 3 3 0 57 2 204
366 2 3 3 3 0 43 8 200
367 2 3 3 3 0 36 19 185
368 2 3 3 3 0 181 197 208
369 2 3 3 3 0 9 60 202
370 2 3 3 3 0 183 185 213
371 2 3 3 3 0 197 181 210
372 2 3 3 3 0 63 16 208
373 2 3 3 3 0 182 198 199
374 2 3 3 3 0 194 201 209
375 2 3 3 3 0 177 205 207
376 2 3 3 3 0 201 180 202
377 2 3 3 3 0 198 195 199
378 2 3 3 3 0 61 9 202
379 2 3 3 3 0 180 61 202
380 2 3 3 3 0 207 194 209
381 2 3 3 3 0 8 62 200
382 2 3 3 3 0 19 68 185
383 2 3 3 3 0 66 182 203
384 2 3 3 3 0 62 180 200
385 2 3 3 3 0 68 179 185
386 2 3 3 3 0 44 43 181
387 2 3 3 3 0 66 65 182
388 2 3 3 3 0 35 183 204
389 2 3 3 3 0 190 191 192
390 2 3 3 3 0 21 66 203
391 2 3 3 3 0 190 188 191
392 2 3 3 3 0 35 36 183
393 2 3 3 3 0 60 59 184
394 2 3 3 3 0 192 193 196
395 2 3 3 3 0 193 195 197
396 2 3 3 3 0 193 191 195
397 2 3 3 3 0 192 191 193
398 2 3 3 3 0 184 59 206
399 2 3 3 3 0 2 35 204
400 2 3 3 3 0 189 188 190
401 2 3 3 3 0 59 3 206
402 2 3 3 3 0 185 179 186
403 2 3 3 3 0 68 67 179
404 2 3 3 3 0 62 61 180
405 2 3 3 3 0 190 192 194
406 2 3 3 3 0 186 188 189
407 2 3 3 3 0 64 63 178
408 2 3 3 3 0 186 179 187
409 2 3 3 3 0 186 187 188
410 2 3 3 3 0 58 57 177
411 2 3 3 3 0 178 198 212
412 2 3 3 3 0 44 181 208
413 2 3 3 3 0 207 205 211
414 2 3 3 3 0 205 189 211
415 2 3 3 3 0 193 197 210
416 2 3 3 3 0 189 190 211
417 2 3 3 3 0 64 178 212
418 2 3 3 3 0 16 44 208
419 2 3 3 3 0 65 18 215
420 2 3 3 3 0 185 186 213
421 2 3 3 3 0 182 199 214
422 2 3 3 3 0 187 203 214
423 2 3 3 3 0 198 182 215
424 2 3 3 3 0 18 212 215
425 2 3 3 3 0 199 187 214
426 2 3 3 3 0 205 204 216
427 2 3 3 3 0 194 207 211
428 2 3 3 3 0 204 183 216
429 2 3 3 3 0 196 193 210
430 2 3 3 3 0 190 194 211
431 2 3 3 3 0 189 205 216
432 2 3 3 3 0 18 64 212
433 2 3 3 3 0 203 182 214
434 2 3 3 3 0 186 189 213
435 2 3 3 3 0 182 65 215
436 2 3 3 3 0 213 189 216
437 2 3 3 3 0 212 198 215
438 2 3 3 3 0 183 213 216
439 2 3 4 4 0 220 240 236
440 2 3 4 4 0 224 249 247
441 2 3 4 4 0 224 247 246
442 2 3 4 4 0 240 250 236
443 2 3 4 4 0 218 248 52
444 2 3 4 4 0 221 250 240
445 2 3 4 4 0 231 239 228
446 2 3 4 4 0 221 240 78
447 2 3 4 4 0 219 243 74
448 2 3 4 4 0 223 225 72
449 2 3 4 4 0 28 246 217
450 2 3 4 4 0 217 244 27
451 2 3 4 4 0 234 241 232
452 2 3 4 4 0 236 241 220
453 2 3 4 4 0 69 242 224
454 2 3 4 4 0 242 249 224
455 2 3 4 4 0 218 238 235
456 2 3 4 4 0 237 248 218
457 2 3 4 4 0 235 237 218
458 2 3 4 4 0 232 241 236
459 2 3 4 4 0 227 243 219
460 2 3 4 4 0 228 239 227
461 2 3 4 4 0 217 245 244
462 2 3 4 4 0 241 249 242
463 2 3 4 4 0 235 239 231
464 2 3 4 4 0 246 247 217
465 2 3 4 4 0 74 243 6
466 2 3 4 4 0 13 246 28
467 2 3 4 4 0 27 244 10
468 2 3 4 4 0 78 240 24
469 2 3 4 4 0 72 225 12
470 2 3 4 4 0 221 248 237
471 2 3 4 4 0 15 242 69
472 2 3 4 4 0 223 253 225
473 2 3 4 4 0 237 250 221
474 2 3 4 4 0 52 248 22
475 2 3 4 4 0 222 239 238
476 2 3 4 4 0 234 249 241
477 2 3 4 4 0 217 247 245
478 2 3 4 4 0 241 242 220
479 2 3 4 4 0 238 239 235
480 2 3 4 4 0 80 242 15
481 2 3 4 4 0 220 242 80
482 2 3 4 4 0 247 249 234
483 2 3 4 4 0 24 240 79
484 2 3 4 4 0 12 225 73
485 2 3 4 4 0 75 243 222
486 2 3 4 4 0 79 240 220
487 2 3 4 4 0 73 225 219
488 2 3 4 4 0 77 221 78
489 2 3 4 4 0 75 222 76
490 2 3 4 4 0 71 244 223
491 2 3 4 4 0 230 232 231
492 2 3 4 4 0 6 243 75
493 2 3 4 4 0 230 231 228
494 2 3 4 4 0 71 223 72
495 2 3 4 4 0 69 224 70
496 2 3 4 4 0 232 236 233
497 2 3 4 4 0 233 237 235
498 2 3 4 4 0 233 235 231
499 2 3 4 4 0 232 233 231
500 2 3 4 4 0 224 246 70
501 2 3 4 4 0 10 244 71
502 2 3 4 4 0 229 230 228
503 2 3 4 4 0 70 246 13
504 2 3 4 4 0 225 226 219
505 2 3 4 4 0 73 219 74
506 2 3 4 4 0 79 220 80
507 2 3 4 4 0 230 234 232
508 2 3 4 4 0 226 229 228
509 2 3 4 4 0 51 218 52
510 2 3 4 4 0 226 227 219
511 2 3 4 4 0 226 228 227
512 2 3 4 4 0 28 217 27
513 2 3 4 4 0 218 252 238
514 2 3 4 4 0 77 248 221
515 2 3 4 4 0 247 251 245
516 2 3 4 4 0 245 251 229
517 2 3 4 4 0 233 250 237
518 2 3 4 4 0 229 251 230
519 2 3 4 4 0 51 252 218
520 2 3 4 4 0 22 248 77
521 2 3 4 4 0 76 255 5
522 2 3 4 4 0 225 253 226
523 2 3 4 4 0 222 254 239
524 2 3 4 4 0 227 254 243
525 2 3 4 4 0 238 255 222
526 2 3 4 4 0 5 255 252
527 2 3 4 4 0 239 254 227
528 2 3 4 4 0 245 256 244
529 2 3 4 4 0 234 251 247
530 2 3 4 4 0 244 256 223
531 2 3 4 4 0 236 250 233
532 2 3 4 4 0 230 251 234
533 2 3 4 4 0 229 256 245
534 2 3 4 4 0 5 252 51
535 2 3 4 4 0 243 254 222
536 2 3 4 4 0 226 253 229
537 2 3 4 4 0 222 255 76
538 2 3 4 4 0 253 256 229
539 2 3 4 4 0 252 255 238
540 2 3 4 4 0 223 256 253
541 2 3 5 5 0 260 276 280
542 2 3 5 5 0 264 287 289
543 2 3 5 5 0 264 286 287
544 2 3 5 5 0 280 276 290
545 2 3 5 5 0 258 85 288
546 2 3 5 5 0 261 280 290
547 2 3 5 5 0 271 268 279
548 2 3 5 5 0 261 32 280
549 2 3 5 5 0 259 87 283
550 2 3 5 5 0 263 55 265
551 2 3 5 5 0 82 257 286
552 2 3 5 5 0 257 81 284
553 2 3 5 5 0 274 272 281
554 2 3 5 5 0 276 260 281
555 2 3 5 5 0 59 264 282
556 2 3 5 5 0 282 264 289
557 2 3 5 5 0 258 275 278
558 2 3 5 5 0 277 258 288
559 2 3 5 5 0 275 258 277
560 2 3 5 5 0 272 276 281
561 2 3 5 5 0 267 259 283
562 2 3 5 5 0 268 267 279
563 2 3 5 5 0 257 284 285
564 2 3 5 5 0 281 282 289
565 2 3 5 5 0 275 271 279
566 2 3 5 5 0 286 257 287
567 2 3 5 5 0 87 24 283
568 2 3 5 5 0 9 82 286
569 2 3 5 5 0 81 7 284
570 2 3 5 5 0 32 1 280
571 2 3 5 5 0 55 23 265
572 2 3 5 5 0 261 277 288
573 2 3 5 5 0 3 59 282
574 2 3 5 5 0 263 265 293
575 2 3 5 5 0 277 261 290
576 2 3 5 5 0 85 14 288
577 2 3 5 5 0 262 278 279
578 2 3 5 5 0 274 281 289
579 2 3 5 5 0 257 285 287
580 2 3 5 5 0 281 260 282
581 2 3 5 5 0 278 275 279
582 2 3 5 5 0 83 3 282
583 2 3 5 5 0 260 83 282
584 2 3 5 5 0 287 274 289
585 2 3 5 5 0 1 84 280
586 2 3 5 5 0 23 88 265
587 2 3 5 5 0 79 262 283
588 2 3 5 5 0 84 260 280
589 2 3 5 5 0 88 259 265
590 2 3 5 5 0 31 32 261
591 2 3 5 5 0 79 80 262
592 2 3 5 5 0 56 263 284
593 2 3 5 5 0 270 271 272
594 2 3 5 5 0 24 79 283
595 2 3 5 5 0 270 268 271
596 2 3 5 5 0 56 55 263
597 2 3 5 5 0 59 60 264
598 2 3 5 5 0 272 273 276
599 2 3 5 5 0 273 275 277
600 2 3 5 5 0 273 271 275
601 2 3 5 5 0 272 271 273
602 2 3 5 5 0 264 60 286
603 2 3 5 5 0 7 56 284
604 2 3 5 5 0 269 268 270
605 2 3 5 5 0 60 9 286
606 2 3 5 5 0 265 259 266
607 2 3 5 5 0 88 87 259
608 2 3 5 5 0 84 83 260
609 2 3 5 5 0 270 272 274
610 2 3 5 5 0 266 268 269
611 2 3 5 5 0 86 85 258
612 2 3 5 5 0 266 259 267
613 2 3 5 5 0 266 267 268
614 2 3 5 5 0 82 81 257
615 2 3 5 5 0 258 278 292
616 2 3 5 5 0 31 261 288
617 2 3 5 5 0 287 285 291
618 2 3 5 5 0 285 269 291
619 2 3 5 5 0 273 277 290
620 2 3 5 5 0 269 270 291
621 2 3 5 5 0 86 258 292
622 2 3 5 5 0 14 31 288
623 2 3 5 5 0 80 15 295
624 2 3 5 5 0 265 266 293
625 2 3 5 5 0 262 279 294
626 2 3 5 5 0 267 283 294
627 2 3 5 5 0 278 262 295
628 2 3 5 5 0 15 292 295
629 2 3 5 5 0 279 267 294
630 2 3 5 5 0 285 284 296
631 2 3 5 5 0 274 287 291
632 2 3 5 5 0 284 263 296
633 2 3 5 5 0 276 273 290
634 2 3 5 5 0 270 274 291
635 2 3 5 5 0 269 285 296
636 2 3 5 5 0 15 86 292
637 2 3 5 5 0 283 262 294
638 2 3 5 5 0 266 269 293
639 2 3 5 5 0 262 80 295
640 2 3 5 5 0 293 269 296
641 2 3 5 5 0 292 278 295
642 2 3 5 5 0 263 293 296
643 2 3 6 6 0 300 320 316
644 2 3 6 6 0 304 329 327
645 2 3 6 6 0 304 327 326
646 2 3 6 6 0 320 330 316
647 2 3 6 6 0 298 328 39
648 2 3 6 6 0 301 330 320
649 2 3 6 6 0 311 319 308
650 2 3 6 6 0 301 320 96
651 2 3 6 6 0 299 323 73
652 2 3 6 6 0 303 305 92
653 2 3 6 6 0 47 326 297
654 2 3 6 6 0 297 324 48
655 2 3 6 6 0 314 321 312
656 2 3 6 6 0 316 321 300
657 2 3 6 6 0 89 322 304
658 2 3 6 6 0 322 329 304
659 2 3 6 6 0 298 318 315
660 2 3 6 6 0 317 328 298
661 2 3 6 6 0 315 317 298
662 2 3 6 6 0 312 321 316
663 2 3 6 6 0 307 323 299
664 2 3 6 6 0 308 319 307
665 2 3 6 6 0 297 325 324
666 2 3 6 6 0 321 329 322
667 2 3 6 6 0 315 319 311
668 2 3 6 6 0 326 327 297
669 2 3 6 6 0 73 323 12
670 2 3 6 6 0 17 326 47
671 2 3 6 6 0 48 324 4
672 2 3 6 6 0 96 320 21
673 2 3 6 6 0 92 305 6
674 2 3 6 6 0 301 328 317
675 2 3 6 6 0 18 322 89
676 2 3 6 6 0 303 333 305
677 2 3 6 6 0 317 330 301
678 2 3 6 6 0 39 328 20
679 2 3 6 6 0 302 319 318
680 2 3 6 6 0 314 329 321
681 2 3 6 6 0 297 327 325
682 2 3 6 6 0 321 322 300
683 2 3 6 6 0 318 319 315
684 2 3 6 6 0 65 322 18
685 2 3 6 6 0 300 322 65
686 2 3 6 6 0 327 329 314
687 2 3 6 6 0 21 320 66
688 2 3 6 6 0 6 305 74
689 2 3 6 6 0 93 323 302
690 2 3 6 6 0 66 320 300
691 2 3 6 6 0 74 305 299
692 2 3 6 6 0 95 301 96
693 2 3 6 6 0 93 302 94
694 2 3 6 6 0 91 324 303
695 2 3 6 6 0 310 312 311
696 2 3 6 6 0 12 323 93
697 2 3 6 6 0 310 311 308
698 2 3 6 6 0 91 303 92
699 2 3 6 6 0 89 304 90
700 2 3 6 6 0 312 316 313
701 2 3 6 6 0 313 317 315
702 2 3 6 6 0 313 315 311
703 2 3 6 6 0 312 313 311
704 2 3 6 6 0 304 326 90
705 2 3 6 6 0 4 324 91
706 2 3 6 6 0 309 310 308
707 2 3 6 6 0 90 326 17
708 2 3 6 6 0 305 306 299
709 2 3 6 6 0 74 299 73
710 2 3 6 6 0 66 300 65
711 2 3 6 6 0 310 314 312
712 2 3 6 6 0 306 309 308
713 2 3 6 6 0 40 298 39
714 2 3 6 6 0 306 307 299
715 2 3 6 6 0 306 308 307
716 2 3 6 6 0 47 297 48
717 2 3 6 6 0 298 332 318
718 2 3 6 6 0 95 328 301
719 2 3 6 6 0 327 331 325
720 2 3 6 6 0 325 331 309
721 2 3 6 6 0 313 330 317
722 2 3 6 6 0 309 331 310
723 2 3 6 6 0 40 332 298
724 2 3 6 6 0 20 328 95
725 2 3 6 6 0 94 335 11
726 2 3 6 6 0 305 333 306
727 2 3 6 6 0 302 334 319
728 2 3 6 6 0 307 334 323
729 2 3 6 6 0 318 335 302
730 2 3 6 6 0 11 335 332
731 2 3 6 6 0 319 334 307
732 2 3 6 6 0 325 336 324
733 2 3 6 6 0 314 331 327
734 2 3 6 6 0 324 336 303
735 2 3 6 6 0 316 330 313
736 2 3 6 6 0 310 331 314
737 2 3 6 6 0 309 336 325
738 2 3 6 6 0 11 332 40
739 2 3 6 6 0 323 334 302
740 2 3 6 6 0 306 333 309
741 2 3 6 6 0 302 335 94
742 2 3 6 6 0 333 336 309
743 2 3 6 6 0 332 335 318
744 2 3 6 6 0 303 336 333
745 2 3 7 7 0 33 84 1
746 2 3 7 7 0 2 57 34
747 2 3 7 7 0 3 83 58
748 2 3 7 7 0 58 83 337
749 2 3 7 7 0 84 33 337
750 2 3 7 7 0 83 84 337
751 2 3 7 7 0 34 57 337
752 2 3 7 7 0 57 58 337
753 2 3 7 7 0 33 34 337
754 2 3 8 8 0 92 6 75
755 2 3 8 8 0 4 91 49
756 2 3 8 8 0 5 50 76
757 2 3 8 8 0 50 338 76
758 2 3 8 8 0 75 338 92
759 2 3 8 8 0 76 338 75
760 2 3 8 8 0 91 338 49
761 2 3 8 8 0 49 338 50
762 2 3 8 8 0 92 338 91
763 2 3 9 9 0 42 62 8
764 2 3 9 9 0 7 81 41
765 2 3 9 9 0 9 61 82
766 2 3 9 9 0 62 42 339
767 2 3 9 9 0 82 61 339
768 2 3 9 9 0 41 81 339
769 2 3 9 9 0 61 62 339
770 2 3 9 9 0 42 41 339
771 2 3 9 9 0 81 82 339
772 2 3 10 10 0 72 12 93
773 2 3 10 10 0 10 71 26
774 2 3 10 10 0 11 25 94
775 2 3 10 10 0 93 340 72
776 2 3 10 10 0 25 340 94
777 2 3 10 10 0 71 340 26
778 2 3 10 10 0 94 340 93
779 2 3 10 10 0 72 340 71
780 2 3 10 10 0 26 340 25
781 2 3 11 11 0 29 70 13
782 2 3 11 11 0 14 85 30
783 2 3 11 11 0 15 69 86
784 2 3 11 11 0 70 29 341
785 2 3 11 11 0 86 69 341
786 2 3 11 11 0 30 85 341
787 2 3 11 11 0 69 70 341
788 2 3 11 11 0 29 30 341
789 2 3 11 11 0 85 86 341
790 2 3 12 12 0 64 18 89
791 2 3 12 12 0 16 63 45
792 2 3 12 12 0 17 46 90
793 2 3 12 12 0 89 342 64
794 2 3 12 12 0 46 342 90
795 2 3 12 12 0 63 342 45
796 2 3 12 12 0 90 342 89
797 2 3 12 12 0 64 342 63
798 2 3 12 12 0 45 342 46
799 2 3 13 13 0 37 68 19
800 2 3 13 13 0 20 95 38
801 2 3 13 13 0 21 67 96
802 2 3 13 13 0 68 37 343
803 2 3 13 13 0 96 67 343
804 2 3 13 13 0 38 95 343
805 2 3 13 13 0 67 68 343
806 2 3 13 13 0 37 38 343
807 2 3 13 13 0 95 96 343
808 2 3 14 14 0 78 24 87
809 2 3 14 14 0 22 77 53
810 2 3 14 14 0 23 54 88
811 2 3 14 14 0 87 344 78
812 2 3 14 14 0 54 344 88
813 2 3 14 14 0 77 344 53
814 2 3 14 14 0 88 344 87
815 2 3 14 14 0 78 344 77
816 2 3 14 14 0 53 344 54
817 4 3 1 1 0 360 492 244 470
818 4 3 1 1 0 121 359 122 358
819 4 3 1 1 0 407 222 238 255
820 4 3 1 1 0 188 443 190 191
821 4 3 1 1 0 431 156 435 153
822 4 3 1 1 0 401 450 398 347
823 4 3 1 1 0 360 490 464 469
824 4 3 1 1 0 3 368 282 493
825 4 3 1 1 0 147 418 146 139
826 4 3 1 1 0 442 449 216 444
827 4 3 1 1 0 412 142 419 159
828 4 3 1 1 0 428 201 396 427
829 4 3 1 1 0 406 411 250 400
830 4 3 1 1 0 406 250 411 221
831 4 3 1 1 0 463 467 333 466
832 4 3 1 1 0 132 395 135 118
833 4 3 1 1 0 391 134 448 447
834 4 3 1 1 0 125 109 136 383
835 4 3 1 1 0 397 435 156 406
836 4 3 1 1 0 448 351 376 372
837 4 3 1 1 0 308 388 307 319
838 4 3 1 1 0 383 484 380 103
839 4 3 1 1 0 345 350 353 364
840 4 3 1 1 0 3 59 493 282
841 4 3 1 1 0 405 406 400 411
842 4 3 1 1 0 372 374 378 108
843 4 3 1 1 0 444 177 369 370
844 4 3 1 1 0 423 352 462 422
845 4 3 1 1 0 392 386 377 462
846 4 3 1 1 0 412 402 415 431
847 4 3 1 1 0 388 453 387 389
848 4 3 1 1 0 188 439 187 381
849 4 3 1 1 0 34 132 98 370
850 4 3 1 1 0 264 493 491 59
851 4 3 1 1 0 455 373 347 375
852 4 3 1 1 0 451 353 234 249
853 4 3 1 1 0 421 416 420 403
854 4 3 1 1 0 449 205 444 370
855 4 3 1 1 0 453 388 390 389
856 4 3 1 1 0 438 264 428 456
857 4 3 1 1 0 482 359 358 122
858 4 3 1 1 0 71 470 10 26
859 4 3 1 1 0 368 438 282 493
860 4 3 1 1 0 442 186 185 378
861 4 3 1 1 0 420 208 178 63
862 4 3 1 1 0 63 426 420 342
863 4 3 1 1 0 453 452 389 454
864 4 3 1 1 0 195 439 441 421
865 4 3 1 1 0 264 493 59 282
866 4 3 1 1 0 256 453 452 253
867 4 3 1 1 0 300 445 322 321
868 4 3 1 1 0 313 312 311 384
869 4 3 1 1 0 225 453 452 387
870 4 3 1 1 0 86 345 292 258
871 4 3 1 1 0 237 221 406 248
872 4 3 1 1 0 113 115 356 117
873 4 3 1 1 0 347 404 399 400
874 4 3 1 1 0 439 443 191 432
875 4 3 1 1 0 204 395 2 57
876 4 3 1 1 0 455 433 348 417
877 4 3 1 1 0 192 193 441 196
878 4 3 1 1 0 57 370 204 395
879 4 3 1 1 0 147 486 419 418
880 4 3 1 1 0 60 491 477 202
881 4 3 1 1 0 149 176 420 434
882 4 3 1 1 0 170 435 157 141
883 4 3 1 1 0 76 407 5 255
884 4 3 1 1 0 91 49 338 463
885 4 3 1 1 0 309 336 466 465
886 4 3 1 1 0 275 457 258 345
887 4 3 1 1 0 358 116 362 357
888 4 3 1 1 0 435 404 430 405
889 4 3 1 1 0 364 455 347 349
890 4 3 1 1 0 448 351 372 371
891 4 3 1 1 0 209 491 438 184
892 4 3 1 1 0 292 345 86 461
893 4 3 1 1 0 392 386 462 384
894 4 3 1 1 0 301 382 385 330
895 4 3 1 1 0 465 468 422 425
896 4 3 1 1 0 294 483 411 346
897 4 3 1 1 0 415 455 417 404
898 4 3 1 1 0 196 210 419 200
899 4 3 1 1 0 474 82 339 436
900 4 3 1 1 0 314 424 310 384
901 4 3 1 1 0 71 72 223 452
902 4 3 1 1 0 210 418 197 441
903 4 3 1 1 0 226 453 253 225
904 4 3 1 1 0 458 353 349 364
905 4 3 1 1 0 451 492 359 482
906 4 3 1 1 0 153 155 431 151
907 4 3 1 1 0 433 348 366 365
908 4 3 1 1 0 388 319 386 387
909 4 3 1 1 0 373 347 375 462
910 4 3 1 1 0 458 353 364 345
911 4 3 1 1 0 243 254 408 463
912 4 3 1 1 0 232 236 241 349
913 4 3 1 1 0 433 348 396 366
914 4 3 1 1 0 210 418 181 197
915 4 3 1 1 0 118 371 391 119
916 4 3 1 1 0 469 124 11 40
917 4 3 1 1 0 451 492 482 217
918 4 3 1 1 0 436 474 428 419
919 4 3 1 1 0 398 400 450 233
920 4 3 1 1 0 353 241 349 234
921 4 3 1 1 0 451 353 349 234
922 4 3 1 1 0 401 398 450 231
923 4 3 1 1 0 319 387 307 334
924 4 3 1 1 0 197 193 441 195
925 4 3 1 1 0 233 398 231 450
926 4 3 1 1 0 241 232 349 234
927 4 3 1 1 0 27 492 244 217
928 4 3 1 1 0 281 274 366 272
929 4 3 1 1 0 398 451 349 234
930 4 3 1 1 0 298 317 380 328
931 4 3 1 1 0 391 395 370 118
932 4 3 1 1 0 436 285 414 433
933 4 3 1 1 0 370 204 395 449
934 4 3 1 1 0 471 77 406 53
935 4 3 1 1 0 435 400 405 406
936 4 3 1 1 0 28 27 217 492
937 4 3 1 1 0 280 290 355 261
938 4 3 1 1 0 415 455 404 347
939 4 3 1 1 0 375 425 462 347
940 4 3 1 1 0 492 482 217 28
941 4 3 1 1 0 427 441 432 416
942 4 3 1 1 0 367 357 364 373
943 4 3 1 1 0 413 279 267 346
944 4 3 1 1 0 32 280 355 261
945 4 3 1 1 0 447 448 378 134
946 4 3 1 1 0 11 490 469 335
947 4 3 1 1 0 273 272 365 271
948 4 3 1 1 0 116 100 354 358
949 4 3 1 1 0 120 100 30 354
950 4 3 1 1 0 100 116 354 120
951 4 3 1 1 0 22 471 53 77
952 4 3 1 1 0 461 220 241 242
953 4 3 1 1 0 360 464 490 387
954 4 3 1 1 0 392 432 381 439
955 4 3 1 1 0 437 327 424 410
956 4 3 1 1 0 303 324 91 466
957 4 3 1 1 0 421 197 195 178
958 4 3 1 1 0 149 165 176 434
959 4 3 1 1 0 301 382 330 317
960 4 3 1 1 0 429 468 144 409
961 4 3 1 1 0 110 131 114 362
962 4 3 1 1 0 461 353 249 241
963 4 3 1 1 0 179 381 385 378
964 4 3 1 1 0 11 94 490 335
965 4 3 1 1 0 455 433 417 404
966 4 3 1 1 0 119 391 134 371
967 4 3 1 1 0 427 432 441 192
968 4 3 1 1 0 300 445 440 446
969 4 3 1 1 0 438 491 428 264
970 4 3 1 1 0 367 357 373 356
971 4 3 1 1 0 357 457 354 460
972 4 3 1 1 0 389 359 393 379
973 4 3 1 1 0 243 408 481 463
974 4 3 1 1 0 52 471 248 472
975 4 3 1 1 0 406 54 53 344
976 4 3 1 1 0 472 248 406 471
977 4 3 1 1 0 358 353 451 224
978 4 3 1 1 0 367 357 355 460
979 4 3 1 1 0 52 471 472 160
980 4 3 1 1 0 193 210 197 441
981 4 3 1 1 0 361 379 389 462
982 4 3 1 1 0 366 289 456 274
983 4 3 1 1 0 433 413 365 270
984 4 3 1 1 0 472 52 140 51
985 4 3 1 1 0 413 259 405 411
986 4 3 1 1 0 138 56 55 473
987 4 3 1 1 0 450 472 406 397
988 4 3 1 1 0 209 491 184 202
989 4 3 1 1 0 180 61 62 474
990 4 3 1 1 0 436 42 41 339
991 4 3 1 1 0 397 347 399 400
992 4 3 1 1 0 261 277 354 288
993 4 3 1 1 0 264 493 282 438
994 4 3 1 1 0 313 386 315 382
995 4 3 1 1 0 264 493 438 491
996 4 3 1 1 0 364 361 349 347
997 4 3 1 1 0 475 37 378 68
998 4 3 1 1 0 418 210 419 441
999 4 3 1 1 0 108 119 107 371
1000 4 3 1 1 0 385 382 440 316
1001 4 3 1 1 0 267 413 346 411
1002 4 3 1 1 0 435 406 405 141
1003 4 3 1 1 0 447 442 185 378
1004 4 3 1 1 0 259 265 405 88
1005 4 3 1 1 0 60 264 491 59
1006 4 3 1 1 0 440 446 421 439
1007 4 3 1 1 0 412 402 431 151
1008 4 3 1 1 0 286 491 428 477
1009 4 3 1 1 0 477 61 202 428
1010 4 3 1 1 0 365 460 364 367
1011 4 3 1 1 0 102 447 123 134
1012 4 3 1 1 0 95 385 380 343
1013 4 3 1 1 0 186 442 381 378
1014 4 3 1 1 0 388 389 386 462
1015 4 3 1 1 0 320 66 385 21
1016 4 3 1 1 0 392 377 375 462
1017 4 3 1 1 0 389 379 393 464
1018 4 3 1 1 0 347 352 425 462
1019 4 3 1 1 0 98 115 370 118
1020 4 3 1 1 0 232 231 398 230
1021 4 3 1 1 0 199 188 439 187
1022 4 3 1 1 0 353 461 249 224
1023 4 3 1 1 0 364 367 455 365
1024 4 3 1 1 0 459 269 296 293
1025 4 3 1 1 0 392 425 384 462
1026 4 3 1 1 0 388 386 389 387
1027 4 3 1 1 0 284 436 414 7
1028 4 3 1 1 0 284 436 7 81
1029 4 3 1 1 0 374 109 106 108
1030 4 3 1 1 0 374 133 106 109
1031 4 3 1 1 0 309 465 422 310
1032 4 3 1 1 0 384 425 403 424
1033 4 3 1 1 0 66 320 385 446
1034 4 3 1 1 0 423 319 311 386
1035 4 3 1 1 0 490 93 340 387
1036 4 3 1 1 0 198 421 195 178
1037 4 3 1 1 0 352 423 467 422
1038 4 3 1 1 0 436 474 42 339
1039 4 3 1 1 0 131 362 379 359
1040 4 3 1 1 0 94 93 340 490
1041 4 3 1 1 0 381 377 385 378
1042 4 3 1 1 0 475 447 123 36
1043 4 3 1 1 0 385 67 96 21
1044 4 3 1 1 0 1 33 128 355
1045 4 3 1 1 0 248 221 406 77
1046 4 3 1 1 0 458 275 457 273
1047 4 3 1 1 0 219 476 73 485
1048 4 3 1 1 0 42 474 436 419
1049 4 3 1 1 0 72 12 225 476
1050 4 3 1 1 0 381 377 440 385
1051 4 3 1 1 0 362 372 379 373
1052 4 3 1 1 0 31 120 354 101
1053 4 3 1 1 0 42 474 62 339
1054 4 3 1 1 0 423 311 310 384
1055 4 3 1 1 0 138 56 473 414
1056 4 3 1 1 0 461 458 349 346
1057 4 3 1 1 0 377 373 379 372
1058 4 3 1 1 0 77 406 53 344
1059 4 3 1 1 0 236 349 233 400
1060 4 3 1 1 0 431 402 415 399
1061 4 3 1 1 0 98 117 355 356
1062 4 3 1 1 0 477 60 202 9
1063 4 3 1 1 0 368 83 58 3
1064 4 3 1 1 0 341 345 85 30
1065 4 3 1 1 0 338 75 463 76
1066 4 3 1 1 0 245 229 454 256
1067 4 3 1 1 0 464 387 360 389
1068 4 3 1 1 0 307 387 323 334
1069 4 3 1 1 0 98 355 117 128
1070 4 3 1 1 0 455 433 404 365
1071 4 3 1 1 0 203 66 385 446
1072 4 3 1 1 0 204 395 394 35
1073 4 3 1 1 0 371 107 378 134
1074 4 3 1 1 0 475 37 68 19
1075 4 3 1 1 0 392 416 432 421
1076 4 3 1 1 0 438 207 184 206
1077 4 3 1 1 0 383 393 379 464
1078 4 3 1 1 0 380 385 378 343
1079 4 3 1 1 0 336 303 333 466
1080 4 3 1 1 0 392 382 384 440
1081 4 3 1 1 0 37 99 378 38
1082 4 3 1 1 0 380 99 378 106
1083 4 3 1 1 0 475 36 123 19
1084 4 3 1 1 0 37 475 123 19
1085 4 3 1 1 0 105 99 380 106
1086 4 3 1 1 0 78 221 411 240
1087 4 3 1 1 0 194 432 443 396
1088 4 3 1 1 0 464 298 383 469
1089 4 3 1 1 0 273 457 460 277
1090 4 3 1 1 0 99 37 378 123
1091 4 3 1 1 0 469 298 332 318
1092 4 3 1 1 0 301 382 317 380
1093 4 3 1 1 0 281 368 366 438
1094 4 3 1 1 0 298 469 332 40
1095 4 3 1 1 0 286 491 477 60
1096 4 3 1 1 0 107 99 378 123
1097 4 3 1 1 0 483 236 411 346
1098 4 3 1 1 0 139 486 478 43
1099 4 3 1 1 0 301 328 95 380
1100 4 3 1 1 0 159 419 174 142
1101 4 3 1 1 0 143 164 46 437
1102 4 3 1 1 0 153 170 156 435
1103 4 3 1 1 0 401 407 397 399
1104 4 3 1 1 0 413 459 405 266
1105 4 3 1 1 0 415 455 347 375
1106 4 3 1 1 0 447 448 442 378
1107 4 3 1 1 0 162 429 407 144
1108 4 3 1 1 0 416 421 420 441
1109 4 3 1 1 0 463 467 466 468
1110 4 3 1 1 0 192 193 191 441
1111 4 3 1 1 0 312 314 384 321
1112 4 3 1 1 0 114 127 129 359
1113 4 3 1 1 0 90 426 342 437
1114 4 3 1 1 0 408 388 467 352
1115 4 3 1 1 0 439 188 443 381
1116 4 3 1 1 0 434 402 399 403
1117 4 3 1 1 0 57 370 337 368
1118 4 3 1 1 0 58 368 57 337
1119 4 3 1 1 0 418 146 139 145
1120 4 3 1 1 0 392 376 381 432
1121 4 3 1 1 0 244 27 470 492
1122 4 3 1 1 0 479 166 48 4
1123 4 3 1 1 0 391 448 134 371
1124 4 3 1 1 0 176 149 420 173
1125 4 3 1 1 0 401 238 407 222
1126 4 3 1 1 0 126 492 360 470
1127 4 3 1 1 0 320 330 301 385
1128 4 3 1 1 0 440 421 392 439
1129 4 3 1 1 0 452 253 223 256
1130 4 3 1 1 0 324 297 48 409
1131 4 3 1 1 0 388 226 225 453
1132 4 3 1 1 0 219 476 485 388
1133 4 3 1 1 0 245 492 244 454
1134 4 3 1 1 0 220 240 79 483
1135 4 3 1 1 0 170 160 156 406
1136 4 3 1 1 0 365 349 364 458
1137 4 3 1 1 0 478 418 139 145
1138 4 3 1 1 0 399 156 161 397
1139 4 3 1 1 0 170 406 156 435
1140 4 3 1 1 0 407 144 463 50
1141 4 3 1 1 0 259 88 487 87
1142 4 3 1 1 0 162 429 144 169
1143 4 3 1 1 0 236 346 241 349
1144 4 3 1 1 0 341 358 345 30
1145 4 3 1 1 0 407 401 397 450
1146 4 3 1 1 0 27 470 10 244
1147 4 3 1 1 0 265 88 23 405
1148 4 3 1 1 0 403 149 418 420
1149 4 3 1 1 0 406 170 141 435
1150 4 3 1 1 0 403 415 399 425
1151 4 3 1 1 0 478 208 489 44
1152 4 3 1 1 0 402 415 399 403
1153 4 3 1 1 0 254 243 222 463
1154 4 3 1 1 0 355 32 480 101
1155 4 3 1 1 0 397 435 406 400
1156 4 3 1 1 0 286 287 257 428
1157 4 3 1 1 0 162 140 51 407
1158 4 3 1 1 0 395 135 394 35
1159 4 3 1 1 0 489 63 45 16
1160 4 3 1 1 0 488 70 69 224
1161 4 3 1 1 0 270 413 268 269
1162 4 3 1 1 0 356 362 372 113
1163 4 3 1 1 0 167 137 434 409
1164 4 3 1 1 0 44 16 489 145
1165 4 3 1 1 0 336 309 466 333
1166 4 3 1 1 0 156 472 397 406
1167 4 3 1 1 0 75 92 338 463
1168 4 3 1 1 0 156 472 406 160
1169 4 3 1 1 0 412 142 159 158
1170 4 3 1 1 0 478 208 418 489
1171 4 3 1 1 0 342 426 420 437
1172 4 3 1 1 0 243 408 227 219
1173 4 3 1 1 0 311 312 310 384
1174 4 3 1 1 0 388 408 485 219
1175 4 3 1 1 0 225 72 476 387
1176 4 3 1 1 0 464 298 469 318
1177 4 3 1 1 0 309 467 466 333
1178 4 3 1 1 0 492 127 126 360
1179 4 3 1 1 0 489 418 145 420
1180 4 3 1 1 0 377 373 376 375
1181 4 3 1 1 0 438 368 207 206
1182 4 3 1 1 0 489 63 420 45
1183 4 3 1 1 0 157 405 141 435
1184 4 3 1 1 0 443 432 194 190
1185 4 3 1 1 0 431 150 399 152
1186 4 3 1 1 0 431 150 152 151
1187 4 3 1 1 0 230 390 231 398
1188 4 3 1 1 0 371 111 115 372
1189 4 3 1 1 0 387 302 323 334
1190 4 3 1 1 0 99 107 378 106
1191 4 3 1 1 0 208 418 489 420
1192 4 3 1 1 0 443 211 396 444
1193 4 3 1 1 0 140 162 161 407
1194 4 3 1 1 0 44 16 208 489
1195 4 3 1 1 0 464 490 387 302
1196 4 3 1 1 0 397 140 161 407
1197 4 3 1 1 0 353 488 358 345
1198 4 3 1 1 0 127 393 359 131
1199 4 3 1 1 0 201 192 194 396
1200 4 3 1 1 0 86 488 69 461
1201 4 3 1 1 0 98 132 118 370
1202 4 3 1 1 0 431 150 151 402
1203 4 3 1 1 0 431 150 402 399
1204 4 3 1 1 0 64 178 426 445
1205 4 3 1 1 0 439 392 440 381
1206 4 3 1 1 0 397 435 400 399
1207 4 3 1 1 0 247 451 217 245
1208 4 3 1 1 0 86 488 461 345
1209 4 3 1 1 0 388 308 306 467
1210 4 3 1 1 0 358 341 488 70
1211 4 3 1 1 0 25 360 340 26
1212 4 3 1 1 0 320 385 96 21
1213 4 3 1 1 0 368 177 206 58
1214 4 3 1 1 0 177 368 206 207
1215 4 3 1 1 0 245 492 454 451
1216 4 3 1 1 0 371 111 372 108
1217 4 3 1 1 0 341 358 488 345
1218 4 3 1 1 0 268 279 365 271
1219 4 3 1 1 0 225 12 73 476
1220 4 3 1 1 0 365 460 367 272
1221 4 3 1 1 0 390 453 228 227
1222 4 3 1 1 0 422 352 462 425
1223 4 3 1 1 0 72 93 387 340
1224 4 3 1 1 0 127 393 131 125
1225 4 3 1 1 0 93 302 323 387
1226 4 3 1 1 0 451 454 398 361
1227 4 3 1 1 0 414 56 7 172
1228 4 3 1 1 0 486 210 418 181
1229 4 3 1 1 0 341 70 69 488
1230 4 3 1 1 0 461 353 241 349
1231 4 3 1 1 0 443 211 194 396
1232 4 3 1 1 0 309 331 325 465
1233 4 3 1 1 0 160 471 406 53
1234 4 3 1 1 0 361 390 454 398
1235 4 3 1 1 0 421 197 178 420
1236 4 3 1 1 0 317 301 380 328
1237 4 3 1 1 0 185 183 442 447
1238 4 3 1 1 0 166 137 167 409
1239 4 3 1 1 0 393 109 383 379
1240 4 3 1 1 0 27 126 10 470
1241 4 3 1 1 0 303 333 463 305
1242 4 3 1 1 0 436 142 175 41
1243 4 3 1 1 0 402 146 147 418
1244 4 3 1 1 0 440 392 421 363
1245 4 3 1 1 0 486 42 8 163
1246 4 3 1 1 0 474 428 419 180
1247 4 3 1 1 0 421 426 178 445
1248 4 3 1 1 0 245 492 451 217
1249 4 3 1 1 0 62 474 42 419
1250 4 3 1 1 0 320 330 385 316
1251 4 3 1 1 0 285 296 414 459
1252 4 3 1 1 0 401 235 231 450
1253 4 3 1 1 0 401 254 227 239
1254 4 3 1 1 0 437 327 410 326
1255 4 3 1 1 0 144 479 409 466
1256 4 3 1 1 0 319 302 318 464
1257 4 3 1 1 0 78 487 411 406
1258 4 3 1 1 0 432 192 191 441
1259 4 3 1 1 0 439 188 191 443
1260 4 3 1 1 0 390 229 228 453
1261 4 3 1 1 0 397 406 450 400
1262 4 3 1 1 0 226 453 228 229
1263 4 3 1 1 0 442 447 183 449
1264 4 3 1 1 0 194 211 443 190
1265 4 3 1 1 0 406 237 450 250
1266 4 3 1 1 0 185 442 183 213
1267 4 3 1 1 0 458 364 457 345
1268 4 3 1 1 0 451 492 454 359
1269 4 3 1 1 0 54 487 406 405
1270 4 3 1 1 0 450 407 472 397
1271 4 3 1 1 0 358 488 224 70
1272 4 3 1 1 0 360 490 469 25
1273 4 3 1 1 0 144 479 466 49
1274 4 3 1 1 0 144 479 49 166
1275 4 3 1 1 0 78 487 406 344
1276 4 3 1 1 0 76 222 407 255
1277 4 3 1 1 0 368 177 369 207
1278 4 3 1 1 0 110 362 372 379
1279 4 3 1 1 0 401 254 222 463
1280 4 3 1 1 0 454 492 244 360
1281 4 3 1 1 0 94 93 490 302
1282 4 3 1 1 0 397 140 156 161
1283 4 3 1 1 0 54 487 405 88
1284 4 3 1 1 0 398 400 233 349
1285 4 3 1 1 0 233 398 349 232
1286 4 3 1 1 0 123 447 378 134
1287 4 3 1 1 0 450 250 233 400
1288 4 3 1 1 0 452 256 244 454
1289 4 3 1 1 0 300 440 445 321
1290 4 3 1 1 0 186 187 179 381
1291 4 3 1 1 0 108 371 107 378
1292 4 3 1 1 0 276 280 290 355
1293 4 3 1 1 0 250 236 233 400
1294 4 3 1 1 0 457 275 277 273
1295 4 3 1 1 0 181 418 208 197
1296 4 3 1 1 0 130 355 354 101
1297 4 3 1 1 0 120 130 354 101
1298 4 3 1 1 0 192 432 190 194
1299 4 3 1 1 0 275 457 277 258
1300 4 3 1 1 0 276 366 367 272
1301 4 3 1 1 0 377 386 379 462
1302 4 3 1 1 0 317 383 298 380
1303 4 3 1 1 0 487 88 344 87
1304 4 3 1 1 0 276 366 272 281
1305 4 3 1 1 0 144 479 166 409
1306 4 3 1 1 0 158 430 412 414
1307 4 3 1 1 0 24 483 411 283
1308 4 3 1 1 0 54 487 88 344
1309 4 3 1 1 0 385 68 378 343
1310 4 3 1 1 0 152 399 161 154
1311 4 3 1 1 0 182 66 203 446
1312 4 3 1 1 0 374 110 379 109
1313 4 3 1 1 0 116 358 362 121
1314 4 3 1 1 0 444 177 370 205
1315 4 3 1 1 0 401 235 450 407
1316 4 3 1 1 0 100 116 121 358
1317 4 3 1 1 0 122 100 121 358
1318 4 3 1 1 0 411 267 283 294
1319 4 3 1 1 0 294 411 483 283
1320 4 3 1 1 0 411 346 267 294
1321 4 3 1 1 0 417 419 428 427
1322 4 3 1 1 0 376 348 375 373
1323 4 3 1 1 0 130 355 117 356
1324 4 3 1 1 0 357 345 457 364
1325 4 3 1 1 0 345 350 358 353
1326 4 3 1 1 0 29 30 358 341
1327 4 3 1 1 0 437 45 143 420
1328 4 3 1 1 0 429 425 409 434
1329 4 3 1 1 0 348 373 369 367
1330 4 3 1 1 0 399 401 468 425
1331 4 3 1 1 0 193 191 441 195
1332 4 3 1 1 0 407 399 429 161
1333 4 3 1 1 0 283 483 79 24
1334 4 3 1 1 0 92 303 463 305
1335 4 3 1 1 0 139 486 43 163
1336 4 3 1 1 0 360 490 25 340
1337 4 3 1 1 0 37 475 378 123
1338 4 3 1 1 0 402 417 419 412
1339 4 3 1 1 0 485 243 481 74
1340 4 3 1 1 0 8 486 200 62
1341 4 3 1 1 0 182 199 446 214
1342 4 3 1 1 0 485 243 74 219
1343 4 3 1 1 0 314 424 384 321
1344 4 3 1 1 0 90 426 437 304
1345 4 3 1 1 0 416 417 427 419
1346 4 3 1 1 0 147 486 418 139
1347 4 3 1 1 0 312 314 310 384
1348 4 3 1 1 0 486 200 62 419
1349 4 3 1 1 0 300 320 440 316
1350 4 3 1 1 0 448 371 378 134
1351 4 3 1 1 0 383 484 103 469
1352 4 3 1 1 0 376 432 369 444
1353 4 3 1 1 0 297 325 465 409
1354 4 3 1 1 0 144 409 167 429
1355 4 3 1 1 0 486 43 8 200
1356 4 3 1 1 0 427 180 196 419
1357 4 3 1 1 0 213 442 183 216
1358 4 3 1 1 0 147 163 174 419
1359 4 3 1 1 0 60 491 184 59
1360 4 3 1 1 0 416 402 419 418
1361 4 3 1 1 0 448 391 447 449
1362 4 3 1 1 0 438 209 184 207
1363 4 3 1 1 0 358 30 29 100
1364 4 3 1 1 0 147 486 139 163
1365 4 3 1 1 0 280 355 260 84
1366 4 3 1 1 0 406 160 53 141
1367 4 3 1 1 0 461 220 346 241
1368 4 3 1 1 0 122 28 13 482
1369 4 3 1 1 0 181 486 478 418
1370 4 3 1 1 0 45 16 145 489
1371 4 3 1 1 0 356 362 113 357
1372 4 3 1 1 0 176 143 420 437
1373 4 3 1 1 0 486 210 181 200
1374 4 3 1 1 0 219 476 388 225
1375 4 3 1 1 0 319 388 307 387
1376 4 3 1 1 0 402 417 412 415
1377 4 3 1 1 0 57 370 177 204
1378 4 3 1 1 0 398 400 349 347
1379 4 3 1 1 0 486 210 200 419
1380 4 3 1 1 0 461 242 69 15
1381 4 3 1 1 0 453 226 253 229
1382 4 3 1 1 0 364 357 350 373
1383 4 3 1 1 0 474 82 436 428
1384 4 3 1 1 0 427 432 192 396
1385 4 3 1 1 0 373 377 379 462
1386 4 3 1 1 0 264 438 282 289
1387 4 3 1 1 0 439 432 191 441
1388 4 3 1 1 0 364 349 361 353
1389 4 3 1 1 0 365 460 272 273
1390 4 3 1 1 0 357 355 130 356
1391 4 3 1 1 0 122 482 13 29
1392 4 3 1 1 0 116 358 354 357
1393 4 3 1 1 0 242 461 69 224
1394 4 3 1 1 0 411 236 250 400
1395 4 3 1 1 0 436 41 42 142
1396 4 3 1 1 0 368 281 260 282
1397 4 3 1 1 0 282 281 438 368
1398 4 3 1 1 0 463 467 468 408
1399 4 3 1 1 0 410 297 465 409
1400 4 3 1 1 0 305 485 481 74
1401 4 3 1 1 0 305 485 74 299
1402 4 3 1 1 0 406 450 400 250
1403 4 3 1 1 0 182 215 446 198
1404 4 3 1 1 0 301 320 385 96
1405 4 3 1 1 0 485 74 299 73
1406 4 3 1 1 0 135 102 394 35
1407 4 3 1 1 0 384 316 321 440
1408 4 3 1 1 0 381 187 179 385
1409 4 3 1 1 0 444 448 449 351
1410 4 3 1 1 0 26 126 97 360
1411 4 3 1 1 0 489 63 16 208
1412 4 3 1 1 0 71 340 360 26
1413 4 3 1 1 0 440 421 446 445
1414 4 3 1 1 0 57 370 368 177
1415 4 3 1 1 0 306 485 388 408
1416 4 3 1 1 0 451 358 359 350
1417 4 3 1 1 0 461 458 346 278
1418 4 3 1 1 0 357 457 460 364
1419 4 3 1 1 0 287 264 428 286
1420 4 3 1 1 0 483 236 346 220
1421 4 3 1 1 0 415 348 417 455
1422 4 3 1 1 0 416 415 403 375
1423 4 3 1 1 0 374 110 109 108
1424 4 3 1 1 0 464 379 383 386
1425 4 3 1 1 0 363 392 384 440
1426 4 3 1 1 0 213 442 216 189
1427 4 3 1 1 0 470 71 360 26
1428 4 3 1 1 0 369 373 356 367
1429 4 3 1 1 0 154 171 434 167
1430 4 3 1 1 0 485 476 299 388
1431 4 3 1 1 0 71 470 360 244
1432 4 3 1 1 0 452 71 360 244
1433 4 3 1 1 0 426 322 89 445
1434 4 3 1 1 0 78 77 344 406
1435 4 3 1 1 0 230 231 390 228
1436 4 3 1 1 0 433 413 404 365
1437 4 3 1 1 0 485 476 73 299
1438 4 3 1 1 0 443 432 376 444
1439 4 3 1 1 0 214 203 385 446
1440 4 3 1 1 0 377 448 381 376
1441 4 3 1 1 0 442 443 444 189
1442 4 3 1 1 0 352 388 467 423
1443 4 3 1 1 0 308 388 306 307
1444 4 3 1 1 0 476 93 12 323
1445 4 3 1 1 0 464 298 318 315
1446 4 3 1 1 0 200 180 62 419
1447 4 3 1 1 0 308 388 319 423
1448 4 3 1 1 0 388 408 219 227
1449 4 3 1 1 0 453 226 228 227
1450 4 3 1 1 0 185 447 378 475
1451 4 3 1 1 0 48 410 137 409
1452 4 3 1 1 0 226 388 227 453
1453 4 3 1 1 0 385 68 343 67
1454 4 3 1 1 0 355 98 356 370
1455 4 3 1 1 0 373 351 356 372
1456 4 3 1 1 0 185 36 475 19
1457 4 3 1 1 0 438 368 366 369
1458 4 3 1 1 0 399 161 156 152
1459 4 3 1 1 0 118 371 119 115
1460 4 3 1 1 0 327 297 465 410
1461 4 3 1 1 0 316 300 321 440
1462 4 3 1 1 0 48 410 409 297
1463 4 3 1 1 0 185 447 475 36
1464 4 3 1 1 0 91 324 4 479
1465 4 3 1 1 0 412 155 159 151
1466 4 3 1 1 0 371 356 370 351
1467 4 3 1 1 0 342 437 46 90
1468 4 3 1 1 0 402 147 419 418
1469 4 3 1 1 0 423 386 311 384
1470 4 3 1 1 0 371 356 351 372
1471 4 3 1 1 0 437 90 304 326
1472 4 3 1 1 0 320 446 440 385
1473 4 3 1 1 0 118 371 115 370
1474 4 3 1 1 0 11 94 25 490
1475 4 3 1 1 0 149 148 150 402
1476 4 3 1 1 0 429 425 434 399
1477 4 3 1 1 0 479 466 49 91
1478 4 3 1 1 0 408 467 306 333
1479 4 3 1 1 0 479 466 91 324
1480 4 3 1 1 0 132 395 118 370
1481 4 3 1 1 0 320 385 440 316
1482 4 3 1 1 0 66 320 446 300
1483 4 3 1 1 0 438 456 428 396
1484 4 3 1 1 0 483 236 220 240
1485 4 3 1 1 0 374 110 108 372
1486 4 3 1 1 0 264 287 428 456
1487 4 3 1 1 0 477 491 428 202
1488 4 3 1 1 0 71 470 244 10
1489 4 3 1 1 0 469 298 484 40
1490 4 3 1 1 0 442 443 376 444
1491 4 3 1 1 0 376 351 444 369
1492 4 3 1 1 0 391 135 394 395
1493 4 3 1 1 0 381 432 376 443
1494 4 3 1 1 0 275 458 457 345
1495 4 3 1 1 0 374 110 372 379
1496 4 3 1 1 0 276 366 281 368
1497 4 3 1 1 0 309 325 336 465
1498 4 3 1 1 0 435 400 399 404
1499 4 3 1 1 0 411 400 405 413
1500 4 3 1 1 0 404 405 400 413
1501 4 3 1 1 0 76 50 463 338
1502 4 3 1 1 0 463 50 76 407
1503 4 3 1 1 0 131 110 379 362
1504 4 3 1 1 0 446 320 440 300
1505 4 3 1 1 0 386 423 462 384
1506 4 3 1 1 0 39 298 40 484
1507 4 3 1 1 0 357 362 350 373
1508 4 3 1 1 0 386 379 389 464
1509 4 3 1 1 0 462 390 352 388
1510 4 3 1 1 0 392 416 421 403
1511 4 3 1 1 0 347 390 462 361
1512 4 3 1 1 0 375 425 347 415
1513 4 3 1 1 0 425 434 424 465
1514 4 3 1 1 0 399 435 404 431
1515 4 3 1 1 0 447 391 394 449
1516 4 3 1 1 0 231 235 233 450
1517 4 3 1 1 0 450 472 218 237
1518 4 3 1 1 0 390 231 398 401
1519 4 3 1 1 0 351 391 448 449
1520 4 3 1 1 0 399 415 404 347
1521 4 3 1 1 0 449 205 370 204
1522 4 3 1 1 0 436 412 419 417
1523 4 3 1 1 0 157 141 405 168
1524 4 3 1 1 0 415 347 399 425
1525 4 3 1 1 0 152 399 154 150
1526 4 3 1 1 0 412 142 158 436
1527 4 3 1 1 0 397 407 161 399
1528 4 3 1 1 0 125 469 136 124
1529 4 3 1 1 0 127 393 125 97
1530 4 3 1 1 0 393 469 125 97
1531 4 3 1 1 0 490 94 25 340
1532 4 3 1 1 0 121 122 359 129
1533 4 3 1 1 0 220 236 346 241
1534 4 3 1 1 0 70 358 246 224
1535 4 3 1 1 0 438 264 456 289
1536 4 3 1 1 0 171 149 434 165
1537 4 3 1 1 0 434 402 149 150
1538 4 3 1 1 0 127 104 129 359
1539 4 3 1 1 0 101 355 128 117
1540 4 3 1 1 0 34 370 57 395
1541 4 3 1 1 0 376 348 373 369
1542 4 3 1 1 0 403 149 420 434
1543 4 3 1 1 0 253 453 452 225
1544 4 3 1 1 0 104 482 492 28
1545 4 3 1 1 0 403 149 434 402
1546 4 3 1 1 0 418 403 420 416
1547 4 3 1 1 0 386 379 462 389
1548 4 3 1 1 0 382 383 377 386
1549 4 3 1 1 0 383 298 484 469
1550 4 3 1 1 0 416 402 418 403
1551 4 3 1 1 0 166 479 48 409
1552 4 3 1 1 0 392 386 384 382
1553 4 3 1 1 0 455 373 367 364
1554 4 3 1 1 0 444 207 396 369
1555 4 3 1 1 0 416 402 403 415
1556 4 3 1 1 0 142 419 174 163
1557 4 3 1 1 0 402 146 418 149
1558 4 3 1 1 0 403 149 402 418
1559 4 3 1 1 0 437 176 434 420
1560 4 3 1 1 0 383 298 380 484
1561 4 3 1 1 0 169 154 429 167
1562 4 3 1 1 0 473 265 55 405
1563 4 3 1 1 0 88 259 487 405
1564 4 3 1 1 0 402 148 150 151
1565 4 3 1 1 0 336 324 466 409
1566 4 3 1 1 0 397 472 140 407
1567 4 3 1 1 0 397 435 399 156
1568 4 3 1 1 0 24 411 87 283
1569 4 3 1 1 0 342 89 64 426
1570 4 3 1 1 0 176 143 437 164
1571 4 3 1 1 0 17 90 46 437
1572 4 3 1 1 0 203 67 179 385
1573 4 3 1 1 0 83 368 84 260
1574 4 3 1 1 0 171 165 434 167
1575 4 3 1 1 0 199 188 191 439
1576 4 3 1 1 0 82 286 257 428
1577 4 3 1 1 0 243 254 227 408
1578 4 3 1 1 0 465 468 425 409
1579 4 3 1 1 0 95 385 343 96
1580 4 3 1 1 0 95 385 96 301
1581 4 3 1 1 0 410 465 434 409
1582 4 3 1 1 0 399 435 431 156
1583 4 3 1 1 0 199 439 214 187
1584 4 3 1 1 0 87 411 24 78
1585 4 3 1 1 0 336 325 324 409
1586 4 3 1 1 0 408 388 306 467
1587 4 3 1 1 0 47 17 410 326
1588 4 3 1 1 0 424 421 420 403
1589 4 3 1 1 0 469 103 124 40
1590 4 3 1 1 0 388 226 219 225
1591 4 3 1 1 0 388 307 299 306
1592 4 3 1 1 0 366 367 272 365
1593 4 3 1 1 0 483 236 240 411
1594 4 3 1 1 0 424 426 437 420
1595 4 3 1 1 0 236 411 250 240
1596 4 3 1 1 0 411 221 250 240
1597 4 3 1 1 0 426 424 421 420
1598 4 3 1 1 0 215 65 446 445
1599 4 3 1 1 0 122 104 359 129
1600 4 3 1 1 0 437 17 326 410
1601 4 3 1 1 0 322 65 18 445
1602 4 3 1 1 0 80 262 461 483
1603 4 3 1 1 0 353 488 345 461
1604 4 3 1 1 0 80 461 262 295
1605 4 3 1 1 0 347 397 450 400
1606 4 3 1 1 0 458 278 345 275
1607 4 3 1 1 0 480 31 354 101
1608 4 3 1 1 0 483 461 346 262
1609 4 3 1 1 0 346 458 349 365
1610 4 3 1 1 0 65 300 445 322
1611 4 3 1 1 0 86 488 345 341
1612 4 3 1 1 0 65 446 445 300
1613 4 3 1 1 0 116 120 130 354
1614 4 3 1 1 0 483 262 283 79
1615 4 3 1 1 0 262 483 80 79
1616 4 3 1 1 0 50 144 162 407
1617 4 3 1 1 0 483 346 294 262
1618 4 3 1 1 0 291 287 274 433
1619 4 3 1 1 0 483 262 294 283
1620 4 3 1 1 0 109 110 379 131
1621 4 3 1 1 0 274 456 366 433
1622 4 3 1 1 0 394 36 183 35
1623 4 3 1 1 0 390 229 453 454
1624 4 3 1 1 0 453 388 387 225
1625 4 3 1 1 0 306 485 408 305
1626 4 3 1 1 0 384 321 316 312
1627 4 3 1 1 0 424 329 327 304
1628 4 3 1 1 0 254 401 222 239
1629 4 3 1 1 0 203 182 446 214
1630 4 3 1 1 0 314 329 327 424
1631 4 3 1 1 0 164 137 47 410
1632 4 3 1 1 0 447 36 183 394
1633 4 3 1 1 0 401 238 222 239
1634 4 3 1 1 0 186 381 188 187
1635 4 3 1 1 0 408 254 401 463
1636 4 3 1 1 0 402 417 415 416
1637 4 3 1 1 0 405 411 487 406
1638 4 3 1 1 0 76 75 463 222
1639 4 3 1 1 0 393 469 97 360
1640 4 3 1 1 0 455 349 365 400
1641 4 3 1 1 0 402 417 416 419
1642 4 3 1 1 0 393 464 360 389
1643 4 3 1 1 0 179 185 378 68
1644 4 3 1 1 0 83 368 282 3
1645 4 3 1 1 0 366 289 274 281
1646 4 3 1 1 0 353 488 461 224
1647 4 3 1 1 0 274 287 456 433
1648 4 3 1 1 0 398 400 347 450
1649 4 3 1 1 0 421 392 439 432
1650 4 3 1 1 0 402 146 149 148
1651 4 3 1 1 0 404 347 455 400
1652 4 3 1 1 0 132 34 395 370
1653 4 3 1 1 0 367 357 460 364
1654 4 3 1 1 0 319 387 302 464
1655 4 3 1 1 0 363 445 421 440
1656 4 3 1 1 0 270 413 365 268
1657 4 3 1 1 0 218 235 238 407
1658 4 3 1 1 0 126 492 470 27
1659 4 3 1 1 0 395 204 2 35
1660 4 3 1 1 0 395 204 394 449
1661 4 3 1 1 0 455 433 365 348
1662 4 3 1 1 0 188 381 186 443
1663 4 3 1 1 0 196 180 200 419
1664 4 3 1 1 0 85 14 354 288
1665 4 3 1 1 0 302 93 490 387
1666 4 3 1 1 0 362 131 114 359
1667 4 3 1 1 0 387 386 389 464
1668 4 3 1 1 0 377 386 383 379
1669 4 3 1 1 0 235 218 450 407
1670 4 3 1 1 0 430 473 138 405
1671 4 3 1 1 0 451 398 349 361
1672 4 3 1 1 0 455 347 349 400
1673 4 3 1 1 0 347 352 462 390
1674 4 3 1 1 0 14 31 120 354
1675 4 3 1 1 0 197 421 441 420
1676 4 3 1 1 0 90 426 304 89
1677 4 3 1 1 0 132 395 2 135
1678 4 3 1 1 0 291 287 433 285
1679 4 3 1 1 0 143 176 420 173
1680 4 3 1 1 0 313 382 316 384
1681 4 3 1 1 0 32 355 128 101
1682 4 3 1 1 0 198 439 195 421
1683 4 3 1 1 0 352 390 408 388
1684 4 3 1 1 0 436 412 417 414
1685 4 3 1 1 0 482 451 217 246
1686 4 3 1 1 0 180 427 428 419
1687 4 3 1 1 0 180 202 428 201
1688 4 3 1 1 0 82 436 428 257
1689 4 3 1 1 0 34 57 370 337
1690 4 3 1 1 0 408 390 352 401
1691 4 3 1 1 0 341 358 29 70
1692 4 3 1 1 0 478 208 181 418
1693 4 3 1 1 0 374 380 378 106
1694 4 3 1 1 0 135 395 2 35
1695 4 3 1 1 0 482 70 358 246
1696 4 3 1 1 0 391 135 395 118
1697 4 3 1 1 0 444 177 205 207
1698 4 3 1 1 0 391 447 394 102
1699 4 3 1 1 0 482 70 246 13
1700 4 3 1 1 0 430 473 414 138
1701 4 3 1 1 0 359 360 454 389
1702 4 3 1 1 0 408 390 227 388
1703 4 3 1 1 0 28 27 492 104
1704 4 3 1 1 0 482 451 246 358
1705 4 3 1 1 0 436 417 433 414
1706 4 3 1 1 0 465 409 336 466
1707 4 3 1 1 0 482 28 246 217
1708 4 3 1 1 0 482 70 29 358
1709 4 3 1 1 0 138 155 430 157
1710 4 3 1 1 0 236 346 349 400
1711 4 3 1 1 0 346 236 411 400
1712 4 3 1 1 0 75 481 463 243
1713 4 3 1 1 0 243 75 222 463
1714 4 3 1 1 0 303 336 324 466
1715 4 3 1 1 0 423 308 310 311
1716 4 3 1 1 0 465 468 409 466
1717 4 3 1 1 0 408 352 468 401
1718 4 3 1 1 0 144 49 463 50
1719 4 3 1 1 0 309 465 466 422
1720 4 3 1 1 0 422 309 467 466
1721 4 3 1 1 0 407 468 401 463
1722 4 3 1 1 0 252 218 238 407
1723 4 3 1 1 0 209 438 428 396
1724 4 3 1 1 0 483 220 80 79
1725 4 3 1 1 0 25 360 26 97
1726 4 3 1 1 0 105 133 380 103
1727 4 3 1 1 0 465 336 409 325
1728 4 3 1 1 0 133 383 380 103
1729 4 3 1 1 0 447 102 36 394
1730 4 3 1 1 0 370 177 204 205
1731 4 3 1 1 0 115 98 356 117
1732 4 3 1 1 0 436 419 142 42
1733 4 3 1 1 0 482 28 13 246
1734 4 3 1 1 0 428 396 201 209
1735 4 3 1 1 0 6 481 305 92
1736 4 3 1 1 0 257 433 436 428
1737 4 3 1 1 0 247 451 234 249
1738 4 3 1 1 0 481 6 305 74
1739 4 3 1 1 0 227 390 408 401
1740 4 3 1 1 0 92 481 305 463
1741 4 3 1 1 0 468 408 401 463
1742 4 3 1 1 0 247 224 451 249
1743 4 3 1 1 0 411 221 78 406
1744 4 3 1 1 0 160 471 53 22
1745 4 3 1 1 0 434 402 150 399
1746 4 3 1 1 0 221 77 78 406
1747 4 3 1 1 0 446 65 66 300
1748 4 3 1 1 0 368 83 337 58
1749 4 3 1 1 0 1 33 355 84
1750 4 3 1 1 0 367 355 357 356
1751 4 3 1 1 0 32 31 480 101
1752 4 3 1 1 0 480 355 101 354
1753 4 3 1 1 0 133 105 380 106
1754 4 3 1 1 0 256 245 244 454
1755 4 3 1 1 0 399 154 150 434
1756 4 3 1 1 0 373 364 347 361
1757 4 3 1 1 0 20 95 328 380
1758 4 3 1 1 0 385 68 67 179
1759 4 3 1 1 0 282 438 281 289
1760 4 3 1 1 0 32 1 128 355
1761 4 3 1 1 0 261 460 354 277
1762 4 3 1 1 0 14 31 354 288
1763 4 3 1 1 0 261 460 277 290
1764 4 3 1 1 0 357 355 460 354
1765 4 3 1 1 0 475 447 378 123
1766 4 3 1 1 0 184 493 491 438
1767 4 3 1 1 0 469 383 125 136
1768 4 3 1 1 0 184 493 438 206
1769 4 3 1 1 0 454 390 389 453
1770 4 3 1 1 0 95 385 301 380
1771 4 3 1 1 0 393 127 360 97
1772 4 3 1 1 0 412 155 158 159
1773 4 3 1 1 0 368 438 493 206
1774 4 3 1 1 0 414 175 158 172
1775 4 3 1 1 0 485 243 219 408
1776 4 3 1 1 0 257 433 428 287
1777 4 3 1 1 0 436 285 433 257
1778 4 3 1 1 0 418 197 441 420
1779 4 3 1 1 0 410 176 434 437
1780 4 3 1 1 0 155 412 431 151
1781 4 3 1 1 0 237 472 218 248
1782 4 3 1 1 0 329 424 426 304
1783 4 3 1 1 0 437 164 17 410
1784 4 3 1 1 0 184 493 206 59
1785 4 3 1 1 0 446 66 65 182
1786 4 3 1 1 0 182 215 65 446
1787 4 3 1 1 0 436 285 257 284
1788 4 3 1 1 0 71 72 452 340
1789 4 3 1 1 0 412 142 436 419
1790 4 3 1 1 0 426 322 329 304
1791 4 3 1 1 0 426 424 437 304
1792 4 3 1 1 0 105 38 20 380
1793 4 3 1 1 0 90 426 89 342
1794 4 3 1 1 0 426 322 304 89
1795 4 3 1 1 0 154 171 150 434
1796 4 3 1 1 0 357 345 354 457
1797 4 3 1 1 0 195 441 439 191
1798 4 3 1 1 0 478 489 418 145
1799 4 3 1 1 0 421 197 441 195
1800 4 3 1 1 0 418 146 145 173
1801 4 3 1 1 0 120 30 14 354
1802 4 3 1 1 0 485 243 408 481
1803 4 3 1 1 0 100 358 30 354
1804 4 3 1 1 0 437 45 420 342
1805 4 3 1 1 0 481 408 305 463
1806 4 3 1 1 0 143 45 145 420
1807 4 3 1 1 0 279 458 365 271
1808 4 3 1 1 0 408 254 227 401
1809 4 3 1 1 0 401 390 228 227
1810 4 3 1 1 0 104 482 28 122
1811 4 3 1 1 0 275 458 279 271
1812 4 3 1 1 0 390 229 454 230
1813 4 3 1 1 0 231 390 228 401
1814 4 3 1 1 0 226 388 219 227
1815 4 3 1 1 0 247 246 217 451
1816 4 3 1 1 0 452 225 72 223
1817 4 3 1 1 0 358 353 350 451
1818 4 3 1 1 0 358 357 362 350
1819 4 3 1 1 0 461 242 249 224
1820 4 3 1 1 0 414 284 7 56
1821 4 3 1 1 0 261 355 480 354
1822 4 3 1 1 0 450 472 237 406
1823 4 3 1 1 0 453 388 227 390
1824 4 3 1 1 0 291 269 285 459
1825 4 3 1 1 0 433 285 414 459
1826 4 3 1 1 0 430 473 405 459
1827 4 3 1 1 0 362 121 114 112
1828 4 3 1 1 0 274 270 366 272
1829 4 3 1 1 0 272 460 367 276
1830 4 3 1 1 0 11 25 124 469
1831 4 3 1 1 0 83 368 260 282
1832 4 3 1 1 0 116 121 362 112
1833 4 3 1 1 0 61 180 428 474
1834 4 3 1 1 0 436 7 81 41
1835 4 3 1 1 0 433 413 459 404
1836 4 3 1 1 0 64 178 445 212
1837 4 3 1 1 0 285 296 284 414
1838 4 3 1 1 0 82 436 257 81
1839 4 3 1 1 0 32 31 261 480
1840 4 3 1 1 0 23 55 265 405
1841 4 3 1 1 0 157 138 168 405
1842 4 3 1 1 0 36 447 123 102
1843 4 3 1 1 0 388 225 476 387
1844 4 3 1 1 0 371 119 107 134
1845 4 3 1 1 0 476 93 323 387
1846 4 3 1 1 0 476 307 388 387
1847 4 3 1 1 0 380 38 95 343
1848 4 3 1 1 0 313 386 382 384
1849 4 3 1 1 0 319 387 464 386
1850 4 3 1 1 0 261 31 354 480
1851 4 3 1 1 0 439 385 381 440
1852 4 3 1 1 0 189 442 216 444
1853 4 3 1 1 0 355 32 261 480
1854 4 3 1 1 0 159 151 402 412
1855 4 3 1 1 0 189 205 444 216
1856 4 3 1 1 0 302 94 335 490
1857 4 3 1 1 0 391 119 134 102
1858 4 3 1 1 0 447 391 134 102
1859 4 3 1 1 0 459 265 266 293
1860 4 3 1 1 0 349 346 365 400
1861 4 3 1 1 0 448 381 376 442
1862 4 3 1 1 0 384 425 424 422
1863 4 3 1 1 0 345 350 364 357
1864 4 3 1 1 0 265 459 263 293
1865 4 3 1 1 0 251 229 454 245
1866 4 3 1 1 0 461 15 295 80
1867 4 3 1 1 0 356 362 357 373
1868 4 3 1 1 0 109 374 383 379
1869 4 3 1 1 0 356 362 373 372
1870 4 3 1 1 0 425 424 434 403
1871 4 3 1 1 0 371 111 108 119
1872 4 3 1 1 0 371 111 119 115
1873 4 3 1 1 0 351 356 370 369
1874 4 3 1 1 0 394 102 36 35
1875 4 3 1 1 0 438 456 396 366
1876 4 3 1 1 0 451 251 454 245
1877 4 3 1 1 0 47 164 410 17
1878 4 3 1 1 0 356 357 113 130
1879 4 3 1 1 0 49 91 4 479
1880 4 3 1 1 0 451 353 350 361
1881 4 3 1 1 0 437 164 46 17
1882 4 3 1 1 0 133 383 103 136
1883 4 3 1 1 0 368 367 366 369
1884 4 3 1 1 0 133 374 383 109
1885 4 3 1 1 0 133 374 380 383
1886 4 3 1 1 0 17 90 437 326
1887 4 3 1 1 0 436 417 428 433
1888 4 3 1 1 0 422 423 384 462
1889 4 3 1 1 0 479 324 48 409
1890 4 3 1 1 0 451 230 454 251
1891 4 3 1 1 0 259 87 487 411
1892 4 3 1 1 0 479 466 324 409
1893 4 3 1 1 0 78 487 344 87
1894 4 3 1 1 0 235 237 450 218
1895 4 3 1 1 0 162 429 169 161
1896 4 3 1 1 0 52 471 160 22
1897 4 3 1 1 0 306 485 305 299
1898 4 3 1 1 0 309 308 423 467
1899 4 3 1 1 0 308 388 423 467
1900 4 3 1 1 0 408 306 305 333
1901 4 3 1 1 0 423 309 467 422
1902 4 3 1 1 0 366 289 281 438
1903 4 3 1 1 0 401 347 425 399
1904 4 3 1 1 0 324 479 48 4
1905 4 3 1 1 0 404 412 417 415
1906 4 3 1 1 0 405 487 411 259
1907 4 3 1 1 0 458 353 345 461
1908 4 3 1 1 0 175 436 414 158
1909 4 3 1 1 0 142 436 175 158
1910 4 3 1 1 0 399 154 429 161
1911 4 3 1 1 0 478 208 44 181
1912 4 3 1 1 0 181 486 200 43
1913 4 3 1 1 0 437 327 304 424
1914 4 3 1 1 0 159 402 151 148
1915 4 3 1 1 0 424 422 465 310
1916 4 3 1 1 0 154 169 429 161
1917 4 3 1 1 0 270 274 366 433
1918 4 3 1 1 0 353 451 349 361
1919 4 3 1 1 0 144 169 429 167
1920 4 3 1 1 0 272 460 276 273
1921 4 3 1 1 0 44 181 43 478
1922 4 3 1 1 0 144 167 409 166
1923 4 3 1 1 0 419 402 412 159
1924 4 3 1 1 0 418 416 420 441
1925 4 3 1 1 0 437 327 326 304
1926 4 3 1 1 0 137 165 410 164
1927 4 3 1 1 0 23 54 168 405
1928 4 3 1 1 0 463 467 408 333
1929 4 3 1 1 0 303 91 463 466
1930 4 3 1 1 0 49 144 463 466
1931 4 3 1 1 0 407 76 463 222
1932 4 3 1 1 0 297 47 410 326
1933 4 3 1 1 0 461 488 69 224
1934 4 3 1 1 0 461 220 242 80
1935 4 3 1 1 0 230 229 454 251
1936 4 3 1 1 0 292 461 15 295
1937 4 3 1 1 0 353 488 224 358
1938 4 3 1 1 0 461 242 15 80
1939 4 3 1 1 0 335 469 332 318
1940 4 3 1 1 0 127 126 360 97
1941 4 3 1 1 0 452 360 71 340
1942 4 3 1 1 0 68 37 378 343
1943 4 3 1 1 0 186 442 185 213
1944 4 3 1 1 0 204 394 183 35
1945 4 3 1 1 0 436 417 419 428
1946 4 3 1 1 0 63 426 342 64
1947 4 3 1 1 0 390 229 230 228
1948 4 3 1 1 0 368 276 355 260
1949 4 3 1 1 0 347 390 361 398
1950 4 3 1 1 0 276 280 355 260
1951 4 3 1 1 0 491 60 184 202
1952 4 3 1 1 0 189 211 444 205
1953 4 3 1 1 0 213 186 442 189
1954 4 3 1 1 0 402 147 159 419
1955 4 3 1 1 0 186 443 442 189
1956 4 3 1 1 0 296 263 284 414
1957 4 3 1 1 0 188 443 186 189
1958 4 3 1 1 0 33 370 337 34
1959 4 3 1 1 0 75 481 243 6
1960 4 3 1 1 0 75 481 6 92
1961 4 3 1 1 0 33 370 34 98
1962 4 3 1 1 0 33 368 370 355
1963 4 3 1 1 0 467 309 306 333
1964 4 3 1 1 0 393 469 383 125
1965 4 3 1 1 0 347 352 390 401
1966 4 3 1 1 0 442 449 183 216
1967 4 3 1 1 0 121 114 129 359
1968 4 3 1 1 0 478 489 145 44
1969 4 3 1 1 0 377 374 379 383
1970 4 3 1 1 0 432 396 369 444
1971 4 3 1 1 0 389 393 359 360
1972 4 3 1 1 0 383 469 103 136
1973 4 3 1 1 0 181 486 43 478
1974 4 3 1 1 0 469 97 25 124
1975 4 3 1 1 0 133 109 383 136
1976 4 3 1 1 0 209 207 396 194
1977 4 3 1 1 0 347 390 398 401
1978 4 3 1 1 0 38 380 378 343
1979 4 3 1 1 0 418 197 420 208
1980 4 3 1 1 0 410 176 437 164
1981 4 3 1 1 0 402 146 148 147
1982 4 3 1 1 0 33 370 98 355
1983 4 3 1 1 0 420 418 145 173
1984 4 3 1 1 0 44 478 43 139
1985 4 3 1 1 0 449 205 204 216
1986 4 3 1 1 0 33 368 355 84
1987 4 3 1 1 0 175 414 7 172
1988 4 3 1 1 0 138 56 414 172
1989 4 3 1 1 0 431 153 151 152
1990 4 3 1 1 0 252 5 407 255
1991 4 3 1 1 0 37 38 378 343
1992 4 3 1 1 0 160 472 52 140
1993 4 3 1 1 0 156 472 160 140
1994 4 3 1 1 0 436 81 339 41
1995 4 3 1 1 0 477 82 428 286
1996 4 3 1 1 0 210 196 419 441
1997 4 3 1 1 0 415 348 455 375
1998 4 3 1 1 0 163 43 8 486
1999 4 3 1 1 0 139 486 418 478
2000 4 3 1 1 0 450 237 233 250
2001 4 3 1 1 0 63 426 64 178
2002 4 3 1 1 0 452 387 340 72
2003 4 3 1 1 0 108 378 106 374
2004 4 3 1 1 0 63 426 178 420
2005 4 3 1 1 0 235 237 233 450
2006 4 3 1 1 0 443 432 190 191
2007 4 3 1 1 0 198 439 421 446
2008 4 3 1 1 0 427 180 201 196
2009 4 3 1 1 0 82 436 81 339
2010 4 3 1 1 0 369 348 396 432
2011 4 3 1 1 0 477 82 286 9
2012 4 3 1 1 0 287 456 433 428
2013 4 3 1 1 0 474 82 428 61
2014 4 3 1 1 0 257 433 287 285
2015 4 3 1 1 0 392 425 462 375
2016 4 3 1 1 0 341 85 345 86
2017 4 3 1 1 0 427 432 396 348
2018 4 3 1 1 0 370 177 369 368
2019 4 3 1 1 0 209 491 202 428
2020 4 3 1 1 0 461 15 69 86
2021 4 3 1 1 0 416 432 348 375
2022 4 3 1 1 0 353 241 234 249
2023 4 3 1 1 0 427 432 348 416
2024 4 3 1 1 0 333 303 463 466
2025 4 3 1 1 0 401 238 239 235
2026 4 3 1 1 0 231 401 228 239
2027 4 3 1 1 0 430 435 405 157
2028 4 3 1 1 0 156 472 140 397
2029 4 3 1 1 0 374 377 379 372
2030 4 3 1 1 0 345 350 357 358
2031 4 3 1 1 0 126 492 27 104
2032 4 3 1 1 0 104 482 122 359
2033 4 3 1 1 0 459 263 296 414
2034 4 3 1 1 0 284 436 81 257
2035 4 3 1 1 0 492 127 360 359
2036 4 3 1 1 0 436 285 284 414
2037 4 3 1 1 0 269 413 268 266
2038 4 3 1 1 0 477 82 61 428
2039 4 3 1 1 0 413 259 411 267
2040 4 3 1 1 0 407 252 255 238
2041 4 3 1 1 0 416 417 348 427
2042 4 3 1 1 0 220 461 346 483
2043 4 3 1 1 0 106 378 108 107
2044 4 3 1 1 0 50 407 5 76
2045 4 3 1 1 0 50 5 407 162
2046 4 3 1 1 0 483 240 79 24
2047 4 3 1 1 0 371 356 372 115
2048 4 3 1 1 0 369 356 373 351
2049 4 3 1 1 0 461 458 278 345
2050 4 3 1 1 0 458 275 273 271
2051 4 3 1 1 0 270 291 274 433
2052 4 3 1 1 0 380 377 385 382
2053 4 3 1 1 0 301 382 380 385
2054 4 3 1 1 0 442 448 381 378
2055 4 3 1 1 0 18 64 445 212
2056 4 3 1 1 0 384 425 422 462
2057 4 3 1 1 0 382 383 386 315
2058 4 3 1 1 0 308 309 423 310
2059 4 3 1 1 0 446 385 439 440
2060 4 3 1 1 0 269 459 266 293
2061 4 3 1 1 0 144 407 463 468
2062 4 3 1 1 0 261 460 290 355
2063 4 3 1 1 0 454 390 230 398
2064 4 3 1 1 0 308 309 306 467
2065 4 3 1 1 0 476 307 387 323
2066 4 3 1 1 0 173 149 420 418
2067 4 3 1 1 0 357 355 354 130
2068 4 3 1 1 0 286 491 60 264
2069 4 3 1 1 0 256 453 253 229
2070 4 3 1 1 0 372 378 377 448
2071 4 3 1 1 0 286 491 264 428
2072 4 3 1 1 0 458 278 275 279
2073 4 3 1 1 0 292 461 278 345
2074 4 3 1 1 0 275 258 278 345
2075 4 3 1 1 0 286 60 477 9
2076 4 3 1 1 0 306 485 299 388
2077 4 3 1 1 0 276 368 355 367
2078 4 3 1 1 0 281 276 368 260
2079 4 3 1 1 0 373 351 372 376
2080 4 3 1 1 0 25 360 97 469
2081 4 3 1 1 0 305 485 408 481
2082 4 3 1 1 0 362 116 112 113
2083 4 3 1 1 0 381 443 376 442
2084 4 3 1 1 0 432 192 396 194
2085 4 3 1 1 0 393 109 379 131
2086 4 3 1 1 0 313 386 384 311
2087 4 3 1 1 0 477 82 9 61
2088 4 3 1 1 0 415 348 375 416
2089 4 3 1 1 0 444 448 351 376
2090 4 3 1 1 0 319 302 387 334
2091 4 3 1 1 0 319 388 386 423
2092 4 3 1 1 0 32 280 1 355
2093 4 3 1 1 0 309 331 465 310
2094 4 3 1 1 0 423 309 422 310
2095 4 3 1 1 0 317 383 380 382
2096 4 3 1 1 0 330 382 313 317
2097 4 3 1 1 0 362 361 350 373
2098 4 3 1 1 0 346 461 241 349
2099 4 3 1 1 0 232 398 349 234
2100 4 3 1 1 0 365 364 349 455
2101 4 3 1 1 0 428 433 417 427
2102 4 3 1 1 0 221 237 406 250
2103 4 3 1 1 0 401 347 397 450
2104 4 3 1 1 0 236 232 233 349
2105 4 3 1 1 0 372 377 378 374
2106 4 3 1 1 0 393 109 125 383
2107 4 3 1 1 0 355 280 1 84
2108 4 3 1 1 0 375 425 415 403
2109 4 3 1 1 0 362 361 373 379
2110 4 3 1 1 0 435 400 404 405
2111 4 3 1 1 0 329 424 321 426
2112 4 3 1 1 0 426 321 322 445
2113 4 3 1 1 0 429 154 434 167
2114 4 3 1 1 0 468 144 409 466
2115 4 3 1 1 0 427 192 441 196
2116 4 3 1 1 0 476 307 323 299
2117 4 3 1 1 0 476 307 299 388
2118 4 3 1 1 0 193 210 441 196
2119 4 3 1 1 0 367 348 366 369
2120 4 3 1 1 0 476 12 73 323
2121 4 3 1 1 0 426 322 321 329
2122 4 3 1 1 0 39 484 40 103
2123 4 3 1 1 0 198 215 445 212
2124 4 3 1 1 0 155 153 431 430
2125 4 3 1 1 0 413 259 267 266
2126 4 3 1 1 0 417 459 433 414
2127 4 3 1 1 0 170 160 406 141
2128 4 3 1 1 0 404 431 435 430
2129 4 3 1 1 0 431 153 435 430
2130 4 3 1 1 0 404 412 431 430
2131 4 3 1 1 0 476 93 72 12
2132 4 3 1 1 0 186 443 381 442
2133 4 3 1 1 0 476 93 387 72
2134 4 3 1 1 0 370 351 444 449
2135 4 3 1 1 0 190 443 189 211
2136 4 3 1 1 0 449 205 216 444
2137 4 3 1 1 0 398 232 230 234
2138 4 3 1 1 0 398 230 451 234
2139 4 3 1 1 0 444 448 376 442
2140 4 3 1 1 0 228 401 227 239
2141 4 3 1 1 0 361 359 454 389
2142 4 3 1 1 0 233 398 232 231
2143 4 3 1 1 0 469 484 103 40
2144 4 3 1 1 0 451 247 234 251
2145 4 3 1 1 0 444 207 205 211
2146 4 3 1 1 0 385 68 179 378
2147 4 3 1 1 0 346 458 365 279
2148 4 3 1 1 0 413 279 346 365
2149 4 3 1 1 0 209 202 201 428
2150 4 3 1 1 0 427 180 428 201
2151 4 3 1 1 0 444 207 211 396
2152 4 3 1 1 0 351 373 369 376
2153 4 3 1 1 0 377 374 380 378
2154 4 3 1 1 0 476 323 73 299
2155 4 3 1 1 0 380 385 377 378
2156 4 3 1 1 0 468 352 467 422
2157 4 3 1 1 0 408 352 467 468
2158 4 3 1 1 0 66 203 385 21
2159 4 3 1 1 0 61 477 202 9
2160 4 3 1 1 0 258 457 354 345
2161 4 3 1 1 0 203 67 385 21
2162 4 3 1 1 0 85 30 354 14
2163 4 3 1 1 0 345 30 354 85
2164 4 3 1 1 0 130 113 356 117
2165 4 3 1 1 0 258 85 354 288
2166 4 3 1 1 0 258 345 354 85
2167 4 3 1 1 0 413 279 365 268
2168 4 3 1 1 0 355 130 117 101
2169 4 3 1 1 0 416 432 421 441
2170 4 3 1 1 0 44 478 139 145
2171 4 3 1 1 0 486 42 163 419
2172 4 3 1 1 0 439 199 195 191
2173 4 3 1 1 0 346 413 365 400
2174 4 3 1 1 0 406 54 405 141
2175 4 3 1 1 0 417 459 414 430
2176 4 3 1 1 0 189 443 444 211
2177 4 3 1 1 0 407 401 222 463
2178 4 3 1 1 0 270 268 365 271
2179 4 3 1 1 0 468 422 467 466
2180 4 3 1 1 0 357 116 130 354
2181 4 3 1 1 0 457 460 277 354
2182 4 3 1 1 0 85 258 345 86
2183 4 3 1 1 0 86 488 341 69
2184 4 3 1 1 0 469 103 136 124
2185 4 3 1 1 0 360 490 340 387
2186 4 3 1 1 0 392 416 403 375
2187 4 3 1 1 0 392 376 432 375
2188 4 3 1 1 0 374 133 380 106
2189 4 3 1 1 0 185 186 179 378
2190 4 3 1 1 0 48 410 297 47
2191 4 3 1 1 0 110 111 108 372
2192 4 3 1 1 0 186 381 179 378
2193 4 3 1 1 0 351 370 444 369
2194 4 3 1 1 0 33 368 84 337
2195 4 3 1 1 0 392 376 375 377
2196 4 3 1 1 0 357 116 113 130
2197 4 3 1 1 0 381 432 443 439
2198 4 3 1 1 0 116 357 113 362
2199 4 3 1 1 0 358 345 30 354
2200 4 3 1 1 0 33 98 128 355
2201 4 3 1 1 0 473 265 405 459
2202 4 3 1 1 0 153 170 435 157
2203 4 3 1 1 0 392 416 375 432
2204 4 3 1 1 0 361 390 462 389
2205 4 3 1 1 0 446 439 385 214
2206 4 3 1 1 0 316 382 440 384
2207 4 3 1 1 0 403 399 434 425
2208 4 3 1 1 0 392 382 440 377
2209 4 3 1 1 0 422 424 384 310
2210 4 3 1 1 0 423 422 384 310
2211 4 3 1 1 0 424 314 465 327
2212 4 3 1 1 0 486 42 419 62
2213 4 3 1 1 0 474 180 419 62
2214 4 3 1 1 0 352 468 401 425
2215 4 3 1 1 0 419 159 174 147
2216 4 3 1 1 0 392 363 384 403
2217 4 3 1 1 0 363 424 384 403
2218 4 3 1 1 0 399 401 407 468
2219 4 3 1 1 0 468 352 422 425
2220 4 3 1 1 0 448 377 381 378
2221 4 3 1 1 0 362 358 350 359
2222 4 3 1 1 0 417 459 430 404
2223 4 3 1 1 0 107 123 378 134
2224 4 3 1 1 0 486 210 419 418
2225 4 3 1 1 0 427 416 419 441
2226 4 3 1 1 0 196 427 419 441
2227 4 3 1 1 0 48 410 47 137
2228 4 3 1 1 0 391 370 395 449
2229 4 3 1 1 0 245 492 217 244
2230 4 3 1 1 0 448 447 442 449
2231 4 3 1 1 0 432 192 190 191
2232 4 3 1 1 0 436 7 41 175
2233 4 3 1 1 0 218 252 51 407
2234 4 3 1 1 0 5 162 51 407
2235 4 3 1 1 0 140 472 51 407
2236 4 3 1 1 0 347 401 397 399
2237 4 3 1 1 0 360 452 454 389
2238 4 3 1 1 0 247 451 245 251
2239 4 3 1 1 0 350 451 361 359
2240 4 3 1 1 0 256 453 229 454
2241 4 3 1 1 0 461 80 483 220
2242 4 3 1 1 0 346 279 294 262
2243 4 3 1 1 0 492 127 359 104
2244 4 3 1 1 0 436 7 175 414
2245 4 3 1 1 0 461 292 278 295
2246 4 3 1 1 0 427 192 201 396
2247 4 3 1 1 0 223 452 256 244
2248 4 3 1 1 0 242 461 249 241
2249 4 3 1 1 0 224 353 451 249
2250 4 3 1 1 0 413 259 266 405
2251 4 3 1 1 0 263 459 296 293
2252 4 3 1 1 0 185 475 68 19
2253 4 3 1 1 0 415 399 404 431
2254 4 3 1 1 0 413 404 365 400
2255 4 3 1 1 0 458 460 364 365
2256 4 3 1 1 0 366 289 438 456
2257 4 3 1 1 0 263 56 284 414
2258 4 3 1 1 0 417 459 404 433
2259 4 3 1 1 0 415 348 416 417
2260 4 3 1 1 0 402 147 148 159
2261 4 3 1 1 0 461 262 295 278
2262 4 3 1 1 0 458 278 279 346
2263 4 3 1 1 0 258 292 278 345
2264 4 3 1 1 0 346 461 278 262
2265 4 3 1 1 0 279 346 278 262
2266 4 3 1 1 0 458 353 461 349
2267 4 3 1 1 0 243 6 481 74
2268 4 3 1 1 0 144 468 463 466
2269 4 3 1 1 0 348 427 417 433
2270 4 3 1 1 0 335 302 464 318
2271 4 3 1 1 0 464 298 315 383
2272 4 3 1 1 0 308 319 311 423
2273 4 3 1 1 0 414 417 430 412
2274 4 3 1 1 0 469 335 464 318
2275 4 3 1 1 0 276 460 355 290
2276 4 3 1 1 0 376 348 369 432
2277 4 3 1 1 0 105 99 38 380
2278 4 3 1 1 0 187 203 179 385
2279 4 3 1 1 0 393 109 131 125
2280 4 3 1 1 0 99 380 378 38
2281 4 3 1 1 0 486 42 62 8
2282 4 3 1 1 0 185 475 378 68
2283 4 3 1 1 0 147 486 163 419
2284 4 3 1 1 0 138 430 405 157
2285 4 3 1 1 0 54 141 168 405
2286 4 3 1 1 0 209 491 428 438
2287 4 3 1 1 0 393 131 379 359
2288 4 3 1 1 0 393 127 359 360
2289 4 3 1 1 0 362 361 379 359
2290 4 3 1 1 0 451 398 454 230
2291 4 3 1 1 0 364 373 350 361
2292 4 3 1 1 0 353 364 350 361
2293 4 3 1 1 0 49 479 4 166
2294 4 3 1 1 0 404 455 365 400
2295 4 3 1 1 0 360 452 244 454
2296 4 3 1 1 0 404 430 405 459
2297 4 3 1 1 0 361 390 389 454
2298 4 3 1 1 0 371 356 115 370
2299 4 3 1 1 0 252 5 51 407
2300 4 3 1 1 0 204 449 183 394
2301 4 3 1 1 0 432 443 396 444
2302 4 3 1 1 0 355 460 276 367
2303 4 3 1 1 0 209 201 194 396
2304 4 3 1 1 0 474 82 61 339
2305 4 3 1 1 0 88 54 23 405
2306 4 3 1 1 0 39 298 380 328
2307 4 3 1 1 0 484 39 380 103
2308 4 3 1 1 0 105 39 380 20
2309 4 3 1 1 0 39 105 380 103
2310 4 3 1 1 0 392 425 375 403
2311 4 3 1 1 0 361 379 462 373
2312 4 3 1 1 0 256 453 454 452
2313 4 3 1 1 0 452 387 389 360
2314 4 3 1 1 0 439 385 214 187
2315 4 3 1 1 0 404 412 430 417
2316 4 3 1 1 0 20 95 380 38
2317 4 3 1 1 0 446 421 198 445
2318 4 3 1 1 0 361 373 462 347
2319 4 3 1 1 0 358 121 359 362
2320 4 3 1 1 0 377 374 383 380
2321 4 3 1 1 0 277 354 258 457
2322 4 3 1 1 0 121 362 114 359
2323 4 3 1 1 0 317 383 382 315
2324 4 3 1 1 0 162 429 161 407
2325 4 3 1 1 0 325 297 465 327
2326 4 3 1 1 0 149 171 434 150
2327 4 3 1 1 0 325 297 324 409
2328 4 3 1 1 0 285 269 296 459
2329 4 3 1 1 0 474 61 62 339
2330 4 3 1 1 0 459 413 405 404
2331 4 3 1 1 0 276 366 368 367
2332 4 3 1 1 0 312 313 316 384
2333 4 3 1 1 0 432 439 421 441
2334 4 3 1 1 0 197 208 178 420
2335 4 3 1 1 0 137 166 48 409
2336 4 3 1 1 0 387 453 452 389
2337 4 3 1 1 0 392 376 377 381
2338 4 3 1 1 0 258 354 277 288
2339 4 3 1 1 0 421 392 403 363
2340 4 3 1 1 0 455 373 364 347
2341 4 3 1 1 0 155 412 430 431
2342 4 3 1 1 0 436 412 414 158
2343 4 3 1 1 0 270 413 269 459
2344 4 3 1 1 0 410 176 164 165
2345 4 3 1 1 0 137 410 434 409
2346 4 3 1 1 0 459 473 263 414
2347 4 3 1 1 0 410 176 165 434
2348 4 3 1 1 0 482 451 358 359
2349 4 3 1 1 0 182 199 198 446
2350 4 3 1 1 0 330 382 316 313
2351 4 3 1 1 0 363 445 440 321
2352 4 3 1 1 0 198 439 446 199
2353 4 3 1 1 0 198 212 445 178
2354 4 3 1 1 0 138 55 168 405
2355 4 3 1 1 0 452 360 340 387
2356 4 3 1 1 0 433 270 365 366
2357 4 3 1 1 0 404 412 415 431
2358 4 3 1 1 0 398 361 347 349
2359 4 3 1 1 0 424 363 421 403
2360 4 3 1 1 0 352 388 423 462
2361 4 3 1 1 0 314 331 310 465
2362 4 3 1 1 0 319 386 315 311
2363 4 3 1 1 0 127 131 359 114
2364 4 3 1 1 0 421 363 424 426
2365 4 3 1 1 0 454 492 360 359
2366 4 3 1 1 0 55 138 473 405
2367 4 3 1 1 0 386 319 315 464
2368 4 3 1 1 0 327 297 410 326
2369 4 3 1 1 0 319 318 315 464
2370 4 3 1 1 0 406 54 141 53
2371 4 3 1 1 0 158 430 414 138
2372 4 3 1 1 0 473 265 459 263
2373 4 3 1 1 0 261 460 355 354
2374 4 3 1 1 0 473 265 263 55
2375 4 3 1 1 0 290 273 460 277
2376 4 3 1 1 0 430 473 459 414
2377 4 3 1 1 0 158 430 138 155
2378 4 3 1 1 0 391 135 118 102
2379 4 3 1 1 0 158 430 155 412
2380 4 3 1 1 0 67 385 96 343
2381 4 3 1 1 0 115 98 370 356
2382 4 3 1 1 0 184 493 59 491
2383 4 3 1 1 0 424 327 465 410
2384 4 3 1 1 0 198 439 199 195
2385 4 3 1 1 0 362 361 359 350
2386 4 3 1 1 0 20 39 380 328
2387 4 3 1 1 0 54 487 344 406
2388 4 3 1 1 0 447 394 183 449
2389 4 3 1 1 0 388 423 462 386
2390 4 3 1 1 0 377 373 375 462
2391 4 3 1 1 0 390 388 462 389
2392 4 3 1 1 0 470 126 10 26
2393 4 3 1 1 0 49 91 466 463
2394 4 3 1 1 0 392 425 403 384
2395 4 3 1 1 0 333 408 463 305
2396 4 3 1 1 0 447 185 183 36
2397 4 3 1 1 0 391 135 102 394
2398 4 3 1 1 0 391 395 394 449
2399 4 3 1 1 0 204 183 449 216
2400 4 3 1 1 0 429 425 399 468
2401 4 3 1 1 0 110 362 114 112
2402 4 3 1 1 0 362 111 372 113
2403 4 3 1 1 0 362 111 113 112
2404 4 3 1 1 0 469 125 97 124
2405 4 3 1 1 0 11 25 469 490
2406 4 3 1 1 0 473 56 263 414
2407 4 3 1 1 0 137 165 167 434
2408 4 3 1 1 0 137 165 434 410
2409 4 3 1 1 0 473 56 55 263
2410 4 3 1 1 0 424 314 310 465
2411 4 3 1 1 0 118 371 370 391
2412 4 3 1 1 0 396 433 428 427
2413 4 3 1 1 0 391 119 102 118
2414 4 3 1 1 0 331 325 465 327
2415 4 3 1 1 0 472 218 51 407
2416 4 3 1 1 0 143 420 145 173
2417 4 3 1 1 0 314 331 465 327
2418 4 3 1 1 0 45 489 145 420
2419 4 3 1 1 0 429 425 468 409
2420 4 3 1 1 0 392 386 382 377
2421 4 3 1 1 0 392 377 440 381
2422 4 3 1 1 0 435 153 157 430
2423 4 3 1 1 0 153 155 157 430
2424 4 3 1 1 0 363 321 440 384
2425 4 3 1 1 0 363 321 384 424
2426 4 3 1 1 0 265 259 405 266
2427 4 3 1 1 0 459 265 405 266
2428 4 3 1 1 0 377 382 440 385
2429 4 3 1 1 0 218 248 472 52
2430 4 3 1 1 0 363 321 424 426
2431 4 3 1 1 0 363 445 321 426
2432 4 3 1 1 0 203 187 214 385
2433 4 3 1 1 0 396 428 433 456
2434 4 3 1 1 0 207 438 396 369
2435 4 3 1 1 0 351 391 449 370
2436 4 3 1 1 0 188 443 189 190
2437 4 3 1 1 0 61 180 202 428
2438 4 3 1 1 0 351 391 370 371
2439 4 3 1 1 0 192 427 201 196
2440 4 3 1 1 0 413 279 268 267
2441 4 3 1 1 0 237 472 248 406
2442 4 3 1 1 0 207 211 396 194
2443 4 3 1 1 0 149 418 173 146
2444 4 3 1 1 0 450 472 407 218
2445 4 3 1 1 0 444 448 442 449
2446 4 3 1 1 0 45 342 63 420
2447 4 3 1 1 0 489 63 208 420
2448 4 3 1 1 0 198 421 178 445
2449 4 3 1 1 0 253 225 452 223
2450 4 3 1 1 0 218 52 472 51
2451 4 3 1 1 0 434 424 465 410
2452 4 3 1 1 0 452 225 387 72
2453 4 3 1 1 0 351 391 371 448
2454 4 3 1 1 0 33 368 337 370
2455 4 3 1 1 0 230 451 234 251
2456 4 3 1 1 0 433 413 270 459
2457 4 3 1 1 0 83 368 337 84
2458 4 3 1 1 0 291 285 433 459
2459 4 3 1 1 0 451 361 359 454
2460 4 3 1 1 0 24 240 411 483
2461 4 3 1 1 0 270 291 433 459
2462 4 3 1 1 0 104 482 359 492
2463 4 3 1 1 0 270 269 291 459
2464 4 3 1 1 0 424 422 425 465
2465 4 3 1 1 0 434 424 410 437
2466 4 3 1 1 0 71 452 223 244
2467 4 3 1 1 0 87 259 283 411
2468 4 3 1 1 0 259 411 267 283
2469 4 3 1 1 0 413 269 459 266
2470 4 3 1 1 0 429 167 434 409
2471 4 3 1 1 0 279 346 294 267
2472 4 3 1 1 0 154 399 429 434
2473 4 3 1 1 0 444 177 207 369
2474 4 3 1 1 0 78 487 87 411
2475 4 3 1 1 0 287 274 456 289
2476 4 3 1 1 0 264 287 456 289
2477 4 3 1 1 0 138 414 158 172
2478 4 3 1 1 0 3 59 206 493
2479 4 3 1 1 0 376 348 432 375
2480 4 3 1 1 0 65 215 18 445
2481 4 3 1 1 0 445 18 89 64
2482 4 3 1 1 0 215 212 18 445
2483 4 3 1 1 0 126 470 360 26
2484 4 3 1 1 0 267 413 266 268
2485 4 3 1 1 0 347 352 401 425
2486 4 3 1 1 0 382 330 316 385
2487 4 3 1 1 0 100 122 29 358
2488 4 3 1 1 0 313 382 315 317
2489 4 3 1 1 0 386 383 464 315
2490 4 3 1 1 0 382 383 380 377
2491 4 3 1 1 0 317 383 315 298
2492 4 3 1 1 0 411 240 24 78
2493 4 3 1 1 0 198 215 446 445
2494 4 3 1 1 0 445 89 18 322
2495 4 3 1 1 0 298 39 380 484
2496 4 3 1 1 0 482 70 13 29
2497 4 3 1 1 0 219 74 485 73
2498 4 3 1 1 0 461 292 15 86
2499 4 3 1 1 0 219 476 225 73
2500 4 3 1 1 0 122 358 482 29
2501 4 3 1 1 0 75 481 92 463
2502 4 3 1 1 0 89 64 426 445
2503 4 3 1 1 0 348 373 367 455
2504 4 3 1 1 0 448 372 378 371
2505 4 3 1 1 0 261 31 288 354
2506 4 3 1 1 0 276 290 273 460
2507 4 3 1 1 0 458 460 365 273
2508 4 3 1 1 0 346 413 400 411
2509 4 3 1 1 0 348 367 365 455
2510 4 3 1 1 0 367 348 365 366
2511 4 3 1 1 0 458 273 365 271
2512 4 3 1 1 0 209 438 396 207
2513 4 3 1 1 0 348 373 455 375
2514 4 3 1 1 0 492 127 104 126
2515 4 3 1 1 0 372 108 378 371
2516 4 3 1 1 0 348 427 433 396
2517 4 3 1 1 0 368 438 207 369
2518 4 3 1 1 0 313 386 311 315
2519 4 3 1 1 0 439 385 187 381
2520 4 3 1 1 0 363 445 426 421
2521 4 3 1 1 0 314 329 424 321
2522 4 3 1 1 0 416 418 419 441
2523 4 3 1 1 0 438 366 396 369
2524 4 3 1 1 0 366 348 396 369
2525 4 3 1 1 0 58 177 57 368
2526 4 3 1 1 0 113 115 372 356
2527 4 3 1 1 0 419 42 163 142
2528 4 3 1 1 0 3 368 493 206
2529 4 3 1 1 0 451 246 224 247
2530 4 3 1 1 0 451 224 246 358
2531 4 3 1 1 0 401 235 239 231
2532 4 3 1 1 0 401 238 235 407
2533 4 3 1 1 0 429 468 399 407
2534 4 3 1 1 0 429 468 407 144
2535 4 3 1 1 0 361 379 359 389
2536 4 3 1 1 0 437 45 46 143
2537 4 3 1 1 0 424 434 420 437
2538 4 3 1 1 0 424 420 434 403
2539 4 3 1 1 0 272 365 270 366
2540 4 3 1 1 0 156 152 431 399
2541 4 3 1 1 0 368 3 58 206
2542 4 3 1 1 0 356 368 370 369
2543 4 3 1 1 0 356 368 369 367
2544 4 3 1 1 0 356 368 367 355
2545 4 3 1 1 0 356 368 355 370
2546 4 3 1 1 0 464 490 302 335
2547 4 3 1 1 0 464 490 335 469
2548 4 3 1 1 0 437 45 342 46
2549 4 3 1 1 0 420 426 178 421
2550 4 3 1 1 0 458 460 273 457
2551 4 3 1 1 0 458 460 457 364
2552 4 3 1 1 0 260 84 355 368
2553 4 3 1 1 0 52 471 22 248
2554 4 3 1 1 0 465 468 466 422
2555 4 3 1 1 0 465 409 425 434
2556 4 3 1 1 0 91 463 92 303
2557 4 3 1 1 0 92 463 91 338
2558 4 3 1 1 0 366 396 433 456
2559 4 3 1 1 0 160 472 406 471
2560 4 3 1 1 0 22 248 471 77
2561 4 3 1 1 0 248 77 406 471
2562 4 3 1 1 0 11 332 335 469
2563 4 3 1 1 0 357 345 358 354
2564 4 3 1 1 0 362 111 112 110
2565 4 3 1 1 0 362 111 110 372
2566 4 3 1 1 0 469 11 332 40
2567 4 3 1 1 0 50 49 463 338
2568 4 3 1 1 0 23 55 405 168
2569 4 3 1 1 0 113 372 115 111
2570 4 3 1 1 0 431 152 156 153
2571 4 3 1 1 0 446 439 214 199
2572 4 3 1 1 0 270 365 272 271
2573 4 3 1 1 0 464 393 469 383
2574 4 3 1 1 0 464 469 393 360
2575 4 3 1 1 0 376 372 377 448
2576 4 3 1 1 0 376 377 372 373
2577 4 3 1 1 0 34 395 2 132
2578 4 3 1 1 0 2 395 34 57
$EndElements
$Periodicity
190
4 2 0 0 0
5 3 0 0 0
6 1 0 0 0
7 2 0 0 0
10 2 0 0 0
11 9 0 0 0
12 8 0 0 0
13 3 0 0 0
15 9 0 0 0
16 14 0 0 0
17 9 0 0 0
18 3 0 0 0
19 8 0 0 0
20 14 0 0 0
21 1 0 0 0
22 14 0 0 0
23 1 0 0 0
24 8 0 0 0
41 35 0 0 0
42 36 0 0 0
43 37 0 0 0
44 38 0 0 0
45 39 0 0 0
46 40 0 0 0
47 25 0 0 0
48 26 0 0 0
49 27 0 0 0
50 28 0 0 0
51 29 0 0 0
52 30 0 0 0
53 31 0 0 0
54 32 0 0 0
55 33 0 0 0
56 34 0 0 0
57 27 0 0 0
58 28 0 0 0
63 29 0 0 0
64 30 0 0 0
69 59 0 0 0
70 60 0 0 0
71 35 0 0 0
72 36 0 0 0
73 67 0 0 0
74 68 0 0 0
75 65 0 0 0
76 66 0 0 0
77 37 0 0 0
78 38 0 0 0
79 61 0 0 0
80 62 0 0 0
81 25 0 0 0
82 26 0 0 0
83 65 0 0 0
84 66 0 0 0
85 39 0 0 0
86 40 0 0 0
87 67 0 0 0
88 68 0 0 0
89 59 0 0 0
90 60 0 0 0
91 33 0 0 0
92 34 0 0 0
93 61 0 0 0
94 62 0 0 0
95 31 0 0 0
96 32 0 0 0
137 97 0 0 0
138 98 0 0 0
139 99 0 0 0
140 100 0 0 0
141 101 0 0 0
142 102 0 0 0
143 103 0 0 0
144 104 0 0 0
145 105 0 0 0
146 106 0 0 0
147 107 0 0 0
148 108 0 0 0
149 109 0 0 0
150 110 0 0 0
151 111 0 0 0
152 112 0 0 0
153 113 0 0 0
154 114 0 0 0
155 115 0 0 0
156 116 0 0 0
157 117 0 0 0
158 118 0 0 0
159 119 0 0 0
160 120 0 0 0
161 121 0 0 0
162 122 0 0 0
163 123 0 0 0
164 124 0 0 0
165 125 0 0 0
166 126 0 0 0
167 127 0 0 0
168 128 0 0 0
169 129 0 0 0
170 130 0 0 0
171 131 0 0 0
172 132 0 0 0
173 133 0 0 0
174 134 0 0 0
175 135 0 0 0
176 136 0 0 0
217 177 0 0 0
218 178 0 0 0
219 179 0 0 0
220 180 0 0 0
221 181 0 0 0
222 182 0 0 0
223 183 0 0 0
224 184 0 0 0
225 185 0 0 0
226 186 0 0 0
227 187 0 0 0
228 188 0 0 0
229 189 0 0 0
230 190 0 0 0
231 191 0 0 0
232 192 0 0 0
233 193 0 0 0
234 194 0 0 0
235 195 0 0 0
236 196 0 0 0
237 197 0 0 0
238 198 0 0 0
239 199 0 0 0
240 200 0 0 0
241 201 0 0 0
242 202 0 0 0
243 203 0 0 0
244 204 0 0 0
245 205 0 0 0
246 206 0 0 0
247 207 0 0 0
248 208 0 0 0
249 209 0 0 0
250 210 0 0 0
251 211 0 0 0
252 212 0 0 0
253 213 0 0 0
254 214 0 0 0
255 215 0 0 0
256 216 0 0 0
297 257 0 0 0
298 258 0 0 0
299 259 0 0 0
300 260 0 0 0
301 261 0 0 0
302 262 0 0 0
303 263 0 0 0
304 264 0 0 0
305 265 0 0 0
306 266 0 0 0
307 267 0 0 0
308 268 0 0 0
309 269 0 0 0
310 270 0 0 0
311 271 0 0 0
312 272 0 0 0
313 273 0 0 0
314 274 0 0 0
315 275 0 0 0
316 276 0 0 0
317 277 0 0 0
318 278 0 0 0
319 279 0 0 0
320 280 0 0 0
321 281 0 0 0
322 282 0 0 0
323 283 0 0 0
324 284 0 0 0
325 285 0 0 0
326 286 0 0 0
327 287 0 0 0
328 288 0 0 0
329 289 0 0 0
330 290 0 0 0
331 291 0 0 0
332 292 0 0 0
333 293 0 0 0
334 294 0 0 0
335 295 0 0 0
336 296 0 0 0
338 337 0 0 0
340 339 0 0 0
342 341 0 0 0
344 343 0 0 0
$EndPeriodicity
$NSets
0
$EndNSets
$PhysicalNames
75
0 1 "ver1"
0 2 "ver2"
0 3 "ver3"
0 4 "ver4"
0 5 "ver5"
0 6 "ver6"
0 7 "ver7"
0 8 "ver8"
0 9 "ver9"
0 10 "ver10"
0 11 "ver11"
0 12 "ver12"
0 13 "ver13"
0 14 "ver14"
0 15 "ver15"
0 16 "ver16"
0 17 "ver17"
0 18 "ver18"
0 19 "ver19"
0 20 "ver20"
0 21 "ver21"
0 22 "ver22"
0 23 "ver23"
0 24 "ver24"
1 1 "edge1"
1 2 "edge2"
1 3 "edge3"
1 4 "edge4"
1 5 "edge5"
1 6 "edge6"
1 7 "edge7"
1 8 "edge8"
1 9 "edge9"
1 10 "edge10"
1 11 "edge11"
1 12 "edge12"
1 13 "edge13"
1 14 "edge14"
1 15 "edge15"
1 16 "edge16"
1 17 "edge17"
1 18 "edge18"
1 19 "edge19"
1 20 "edge20"
1 21 "edge21"
1 22 "edge22"
1 23 "edge23"
1 24 "edge24"
1 25 "edge25"
1 26 "edge26"
1 27 "edge27"
1 28 "edge28"
1 29 "edge29"
1 30 "edge30"
1 31 "edge31"
1 32 "edge32"
1 33 "edge33"
1 34 "edge34"
1 35 "edge35"
1 36 "edge36"
2 1 "face1"
2 2 "face2"
2 3 "face3"
2 4 "face4"
2 5 "face5"
2 6 "face6"
2 7 "face7"
2 8 "face8"
2 9 "face9"
2 10 "face10"
2 11 "face11"
2 12 "face12"
2 13 "face13"
2 14 "face14"
3 1 "poly1"
$EndPhysicalNames
$ElsetOrientations
1 rodrigues:passive
1    0.919953402851    1.412193625247   -0.358468593221
$EndElsetOrientations
